tourney_id,tourney_name,surface,draw_size,tourney_level,indoor,tourney_date,match_num,winner_id,winner_seed,winner_entry,winner_name,winner_hand,winner_ht,winner_ioc,winner_age,winner_rank,winner_rank_points,loser_id,loser_seed,loser_entry,loser_name,loser_hand,loser_ht,loser_ioc,loser_age,loser_rank,loser_rank_points,score,best_of,round,minutes,w_ace,w_df,w_svpt,w_1stIn,w_1stWon,w_2ndWon,w_SvGms,w_bpSaved,w_bpFaced,l_ace,l_df,l_svpt,l_1stIn,l_1stWon,l_2ndWon,l_SvGms,l_bpSaved,l_bpFaced
1990-800,Brisbane,Hard,56,T4,,19900101,1,200569,,,Petra Langrova,,,TCH,19.516,78,16,200480,,,Claudia Porwik,,,GER,21.131,75,16,7-6 6-4,3,R64,,,,,,,,,,,,,,,,,,,
1990-800,Brisbane,Hard,56,T4,,19900101,2,200605,12,,Regina Rajchrtova,,,TCH,21.906,40,28,200628,,,Sabrina Goles,,,YUG,24.581,105,11,3-6 6-4 6-3,3,R64,,,,,,,,,,,,,,,,,,,
1990-800,Brisbane,Hard,56,T4,,19900101,3,200615,,,Kristin Godridge,,,HKG,16.898,341,1,201877,,,Karen Shin,,,USA,21.493,185,4,7-5 2-6 7-5,3,R64,,,,,,,,,,,,,,,,,,,
1990-800,Brisbane,Hard,56,T4,,19900101,4,201802,,,Ulrike Priller,,,AUT,16.986,221,2,200221,,,Dianne Fromholtz,L,165,AUS,33.394,131,8,1-6 7-5 7-6,3,R64,,,,,,,,,,,,,,,,,,,
1990-800,Brisbane,Hard,56,T4,,19900101,5,200610,,,Stacey Martin,,,USA,19.135,81,14,200591,,,Ronni Reis,,,USA,23.647,98,12,1-6 6-2 7-5,3,R64,,,,,,,,,,,,,,,,,,,
1990-800,Brisbane,Hard,56,T4,,19900101,6,200362,,,Liz Smylie,R,170,AUS,26.727,66,18,200544,,,Celine Cohen,,,SUI,22.829,133,8,6-3 2-6 6-4,3,R64,,,,,,,,,,,,,,,,,,,
1990-800,Brisbane,Hard,56,T4,,19900101,7,200105,,,Rachel Mcquillan,,170,AUS,18.084,79,15,200442,13,,Andrea Temesvari,R,182,HUN,23.686,43,27,6-1 6-1,3,R64,,,,,,,,,,,,,,,,,,,
1990-800,Brisbane,Hard,56,T4,,19900101,8,200496,15,,Terry Phelps,,,USA,23.039,48,25,200464,,,Ann Henricksson,,,USA,30.172,53,21,6-3 6-4,3,R64,,,,,,,,,,,,,,,,,,,
1990-800,Brisbane,Hard,56,T4,,19900101,9,200444,,,Elise Burgin,L,,USA,27.828,62,18,200606,,,Nana Smith,R,163,JPN,18.730,103,11,6-0 6-4,3,R64,,,,,,,,,,,,,,,,,,,
1990-800,Brisbane,Hard,56,T4,,19900101,10,200617,,,Kimiko Date Krumm,R,163,JPN,19.261,119,9,200586,,,Federica Bonsignori,,,ITA,22.117,143,7,6-4 2-6 7-5,3,R64,,,,,,,,,,,,,,,,,,,
1990-800,Brisbane,Hard,56,T4,,19900101,11,200574,,,Eva Sviglerova,,,CZE,18.473,137,7,200595,,,Ann Grossman,,,USA,19.220,54,20,7-5 0-6 6-1,3,R64,,,,,,,,,,,,,,,,,,,
1990-800,Brisbane,Hard,56,T4,,19900101,12,200578,,,Rennae Stubbs,R,178,AUS,18.771,223,2,200384,,,Eva Pfaff,R,175,GER,28.890,104,11,4-6 7-6 6-3,3,R64,,,,,,,,,,,,,,,,,,,
1990-800,Brisbane,Hard,56,T4,,19900101,13,200599,,,Carrie Cunningham,,,USA,17.679,85,14,200625,,,Jana Pospisilova,,,CZE,19.779,71,17,6-0 6-3,3,R64,,,,,,,,,,,,,,,,,,,
1990-800,Brisbane,Hard,56,T4,,19900101,14,200482,10,,Judith Wiesner,R,,AUT,23.836,35,30,200469,,,Nicole Bradtke,R,176,AUS,20.277,61,18,7-6 6-2,3,R64,,,,,,,,,,,,,,,,,,,
1990-800,Brisbane,Hard,56,T4,,19900101,15,200485,11,,Manon Bollegraf,R,173,NED,25.728,38,28,200421,,,Pascale Paradis Mangon,R,,FRA,23.691,120,9,5-7 7-6 6-1,3,R64,,,,,,,,,,,,,,,,,,,
1990-800,Brisbane,Hard,56,T4,,19900101,16,200498,,,Michelle Jaggard Lai,R,146,AUS,20.658,127,8,200395,,,Catherine Tanvier,R,174,FRA,24.597,65,18,7-5 6-1,3,R64,,,,,,,,,,,,,,,,,,,
1990-800,Brisbane,Hard,56,T4,,19900101,17,200576,,,Nathalie Herreman,L,,FRA,23.765,134,7,200501,,,Marianne Werdel Witmeyer,,,USA,22.210,95,12,6-3 6-4,3,R64,,,,,,,,,,,,,,,,,,,
1990-800,Brisbane,Hard,56,T4,,19900101,18,200621,14,,Isabelle Demongeot,R,,FRA,23.289,46,25,200441,,,Louise Field,,,AUS,22.851,100,12,6-4 6-3,3,R64,,,,,,,,,,,,,,,,,,,
1990-800,Brisbane,Hard,56,T4,,19900101,19,200424,,,Etsuko Inoue,R,164,JPN,25.205,68,17,200346,9,,Anne Minter,R,165,AUS,26.749,34,32,4-6 6-3 6-3,3,R64,,,,,,,,,,,,,,,,,,,
1990-800,Brisbane,Hard,56,T4,,19900101,20,200494,,,Dianne Van Rensburg,R,,RSA,21.829,86,14,200495,,,Akiko Kijimuta,,,JPN,21.671,55,20,6-3 3-6 6-3,3,R64,,,,,,,,,,,,,,,,,,,
1990-800,Brisbane,Hard,56,T4,,19900101,21,200522,,,Nicole Jagerman,R,179,NED,22.445,82,14,200593,,,Karine Quentrec,,,FRA,20.198,64,18,6-2 6-3,3,R64,,,,,,,,,,,,,,,,,,,
1990-800,Brisbane,Hard,56,T4,,19900101,22,200554,,,Brenda Schultz Mccarthy,R,188,NED,19.012,83,14,200476,,,Cammy Macgregor,,168,USA,21.224,96,12,7-5 6-3,3,R64,,,,,,,,,,,,,,,,,,,
1990-800,Brisbane,Hard,56,T4,,19900101,23,200622,,,Maya Kidowaki,,,JPN,20.627,138,7,200489,,,Yukie Koizumi,,,JPN,31.938,179,4,6-2 6-0,3,R64,,,,,,,,,,,,,,,,,,,
1990-800,Brisbane,Hard,56,T4,,19900101,24,200419,16,,Kathy Rinaldi Stunkel,,,USA,22.777,52,22,200616,,,Pascale Etchemendy,,,FRA,23.573,136,7,6-4 6-0,3,R64,,,,,,,,,,,,,,,,,,,
1990-800,Brisbane,Hard,56,T4,,19900101,25,200377,1,,Helena Sukova,R,188,CZE,24.855,8,87,200569,,,Petra Langrova,,,TCH,19.516,78,16,6-3 6-4,3,R32,,,,,,,,,,,,,,,,,,,
1990-800,Brisbane,Hard,56,T4,,19900101,26,200621,14,,Isabelle Demongeot,R,,FRA,23.289,46,25,200578,,,Rennae Stubbs,R,178,AUS,18.771,223,2,7-6 6-3,3,R32,,,,,,,,,,,,,,,,,,,
1990-800,Brisbane,Hard,56,T4,,19900101,27,200424,,,Etsuko Inoue,R,164,JPN,25.205,68,17,200494,,,Dianne Van Rensburg,R,,RSA,21.829,86,14,7-6 6-3,3,R32,,,,,,,,,,,,,,,,,,,
1990-800,Brisbane,Hard,56,T4,,19900101,28,200116,6,,Natalia Zvereva,R,174,BLR,18.714,27,38,200522,,,Nicole Jagerman,R,179,NED,22.445,82,14,6-2 6-4,3,R32,,,,,,,,,,,,,,,,,,,
1990-800,Brisbane,Hard,56,T4,,19900101,29,200554,,,Brenda Schultz Mccarthy,R,188,NED,19.012,83,14,200559,,,Kristine Kunce,R,177,AUS,19.833,168,5,4-6 6-3 6-3,3,R32,,,,,,,,,,,,,,,,,,,
1990-800,Brisbane,Hard,56,T4,,19900101,30,200419,16,,Kathy Rinaldi Stunkel,,,USA,22.777,52,22,200622,,,Maya Kidowaki,,,JPN,20.627,138,7,6-2 4-6 6-4,3,R32,,,,,,,,,,,,,,,,,,,
1990-800,Brisbane,Hard,56,T4,,19900101,31,200615,,,Kristin Godridge,,,HKG,16.898,341,1,200605,12,,Regina Rajchrtova,,,TCH,21.906,40,28,4-6 6-2 6-0,3,R32,,,,,,,,,,,,,,,,,,,
1990-800,Brisbane,Hard,56,T4,,19900101,32,200530,8,,Radomira Zrubakova,R,169,SVK,19.018,32,33,201802,,,Ulrike Priller,,,AUT,16.986,221,2,6-2 6-3,3,R32,,,,,,,,,,,,,,,,,,,
1990-800,Brisbane,Hard,56,T4,,19900101,33,200610,,,Stacey Martin,,,USA,19.135,81,14,200604,5,,Barbara Paulus,R,177,AUT,19.335,24,39,6-3 3-6 6-3,3,R32,,,,,,,,,,,,,,,,,,,
1990-800,Brisbane,Hard,56,T4,,19900101,34,200105,,,Rachel Mcquillan,,170,AUS,18.084,79,15,200362,,,Liz Smylie,R,170,AUS,26.727,66,18,6-1 3-6 6-1,3,R32,,,,,,,,,,,,,,,,,,,
1990-800,Brisbane,Hard,56,T4,,19900101,35,200496,15,,Terry Phelps,,,USA,23.039,48,25,200444,,,Elise Burgin,L,,USA,27.828,62,18,6-2 6-2,3,R32,,,,,,,,,,,,,,,,,,,
1990-800,Brisbane,Hard,56,T4,,19900101,36,200617,,,Kimiko Date Krumm,R,163,JPN,19.261,119,9,200357,4,,Rosalyn Fairbank,R,173,USA,29.164,22,40,6-4 6-3,3,R32,,,,,,,,,,,,,,,,,,,
1990-800,Brisbane,Hard,56,T4,,19900101,37,200548,7,,Patty Fendick,R,165,USA,24.756,31,34,200574,,,Eva Sviglerova,,,CZE,18.473,137,7,3-6 7-5 7-5,3,R32,,,,,,,,,,,,,,,,,,,
1990-800,Brisbane,Hard,56,T4,,19900101,38,200482,10,,Judith Wiesner,R,,AUT,23.836,35,30,200599,,,Carrie Cunningham,,,USA,17.679,85,14,6-2 2-6 6-4,3,R32,,,,,,,,,,,,,,,,,,,
1990-800,Brisbane,Hard,56,T4,,19900101,39,200498,,,Michelle Jaggard Lai,R,146,AUS,20.658,127,8,200485,11,,Manon Bollegraf,R,173,NED,25.728,38,28,6-2 4-6 6-3,3,R32,,,,,,,,,,,,,,,,,,,
1990-800,Brisbane,Hard,56,T4,,19900101,40,200539,2,,Jana Novotna,R,175,CZE,21.249,11,72,200576,,,Nathalie Herreman,L,,FRA,23.765,134,7,6-3 7-5,3,R32,,,,,,,,,,,,,,,,,,,
1990-800,Brisbane,Hard,56,T4,,19900101,41,200377,1,,Helena Sukova,R,188,CZE,24.855,8,87,200621,14,,Isabelle Demongeot,R,,FRA,23.289,46,25,6-2 4-6 6-2,3,R16,,,,,,,,,,,,,,,,,,,
1990-800,Brisbane,Hard,56,T4,,19900101,42,200116,6,,Natalia Zvereva,R,174,BLR,18.714,27,38,200424,,,Etsuko Inoue,R,164,JPN,25.205,68,17,7-5 6-4,3,R16,,,,,,,,,,,,,,,,,,,
1990-800,Brisbane,Hard,56,T4,,19900101,43,200554,,,Brenda Schultz Mccarthy,R,188,NED,19.012,83,14,200419,16,,Kathy Rinaldi Stunkel,,,USA,22.777,52,22,7-5 6-1,3,R16,,,,,,,,,,,,,,,,,,,
1990-800,Brisbane,Hard,56,T4,,19900101,44,200615,,,Kristin Godridge,,,HKG,16.898,341,1,200530,8,,Radomira Zrubakova,R,169,SVK,19.018,32,33,6-1 7-5,3,R16,,,,,,,,,,,,,,,,,,,
1990-800,Brisbane,Hard,56,T4,,19900101,45,200105,,,Rachel Mcquillan,,170,AUS,18.084,79,15,200610,,,Stacey Martin,,,USA,19.135,81,14,6-1 6-4,3,R16,,,,,,,,,,,,,,,,,,,
1990-800,Brisbane,Hard,56,T4,,19900101,46,200617,,,Kimiko Date Krumm,R,163,JPN,19.261,119,9,200496,15,,Terry Phelps,,,USA,23.039,48,25,6-1 6-2,3,R16,,,,,,,,,,,,,,,,,,,
1990-800,Brisbane,Hard,56,T4,,19900101,47,200482,10,,Judith Wiesner,R,,AUT,23.836,35,30,200548,7,,Patty Fendick,R,165,USA,24.756,31,34,6-2 6-3,3,R16,,,,,,,,,,,,,,,,,,,
1990-800,Brisbane,Hard,56,T4,,19900101,48,200539,2,,Jana Novotna,R,175,CZE,21.249,11,72,200498,,,Michelle Jaggard Lai,R,146,AUS,20.658,127,8,6-3 6-0,3,R16,,,,,,,,,,,,,,,,,,,
1990-800,Brisbane,Hard,56,T4,,19900101,49,200116,6,,Natalia Zvereva,R,174,BLR,18.714,27,38,200377,1,,Helena Sukova,R,188,CZE,24.855,8,87,6-3 6-4,3,QF,,,,,,,,,,,,,,,,,,,
1990-800,Brisbane,Hard,56,T4,,19900101,50,200554,,,Brenda Schultz Mccarthy,R,188,NED,19.012,83,14,200615,,,Kristin Godridge,,,HKG,16.898,341,1,7-5 6-3,3,QF,,,,,,,,,,,,,,,,,,,
1990-800,Brisbane,Hard,56,T4,,19900101,51,200105,,,Rachel Mcquillan,,170,AUS,18.084,79,15,200617,,,Kimiko Date Krumm,R,163,JPN,19.261,119,9,6-0 6-4,3,QF,,,,,,,,,,,,,,,,,,,
1990-800,Brisbane,Hard,56,T4,,19900101,52,200482,10,,Judith Wiesner,R,,AUT,23.836,35,30,200539,2,,Jana Novotna,R,175,CZE,21.249,11,72,7-6 6-3,3,QF,,,,,,,,,,,,,,,,,,,
1990-800,Brisbane,Hard,56,T4,,19900101,53,200116,6,,Natalia Zvereva,R,174,BLR,18.714,27,38,200554,,,Brenda Schultz Mccarthy,R,188,NED,19.012,83,14,6-4 6-1,3,SF,,,,,,,,,,,,,,,,,,,
1990-800,Brisbane,Hard,56,T4,,19900101,54,200105,,,Rachel Mcquillan,,170,AUS,18.084,79,15,200482,10,,Judith Wiesner,R,,AUT,23.836,35,30,6-3 7-6,3,SF,,,,,,,,,,,,,,,,,,,
1990-800,Brisbane,Hard,56,T4,,19900101,55,200116,6,,Natalia Zvereva,R,174,BLR,18.714,27,38,200105,,,Rachel Mcquillan,,170,AUS,18.084,79,15,6-4 6-0,3,F,,,,,,,,,,,,,,,,,,,
1990-702,Sydney,Hard,56,T3,,19900108,1,200595,,,Ann Grossman,,,USA,19.239,57,20,200498,,,Michelle Jaggard Lai,R,146,AUS,20.677,120,9,6-0 6-4,3,R64,,,,,,,,,,,,,,,,,,,
1990-702,Sydney,Hard,56,T3,,19900108,2,200480,,,Claudia Porwik,,,GER,21.150,81,15,200548,12,,Patty Fendick,R,165,USA,24.775,34,31,5-7 7-5 6-2,3,R64,,,,,,,,,,,,,,,,,,,
1990-702,Sydney,Hard,56,T3,,19900108,3,200444,,,Elise Burgin,L,,USA,27.847,62,19,200354,,,Claudia Kohde Kilsch,R,187,GER,26.079,37,29,6-2 7-5,3,R64,,,,,,,,,,,,,,,,,,,
1990-702,Sydney,Hard,56,T3,,19900108,4,200625,,,Jana Pospisilova,,,CZE,19.798,76,16,200605,,,Regina Rajchrtova,,,TCH,21.925,44,26,7-6 6-1,3,R64,,,,,,,,,,,,,,,,,,,
1990-702,Sydney,Hard,56,T3,,19900108,5,200112,,,Julie Halard Decugis,R,173,FRA,19.330,112,10,200428,,,Lori Mcneil,,170,USA,26.059,36,29,6-2 1-6 7-5,3,R64,,,,,,,,,,,,,,,,,,,
1990-702,Sydney,Hard,56,T3,,19900108,6,200496,,,Terry Phelps,,,USA,23.059,45,26,200610,,,Stacey Martin,,,USA,19.154,78,15,6-2 0-6 7-5,3,R64,,,,,,,,,,,,,,,,,,,
1990-702,Sydney,Hard,56,T3,,19900108,7,200569,,,Petra Langrova,,,TCH,19.535,74,16,200346,15,,Anne Minter,R,165,AUS,26.769,35,30,6-4 6-4,3,R64,,,,,,,,,,,,,,,,,,,
1990-702,Sydney,Hard,56,T3,,19900108,8,200116,11,,Natalia Zvereva,R,174,BLR,18.733,18,46,200495,,,Akiko Kijimuta,,,JPN,21.690,61,19,6-3 6-1,3,R64,,,,,,,,,,,,,,,,,,,
1990-702,Sydney,Hard,56,T3,,19900108,9,200584,,,Laura Golarsa,R,165,ITA,22.117,53,20,200559,,,Kristine Kunce,R,177,AUS,19.853,164,5,6-3 6-2,3,R64,,,,,,,,,,,,,,,,,,,
1990-702,Sydney,Hard,56,T3,,19900108,10,200621,,,Isabelle Demongeot,R,,FRA,23.308,47,25,200557,,,Katrina Adams,R,165,USA,21.427,82,14,6-2 6-2,3,R64,,,,,,,,,,,,,,,,,,,
1990-702,Sydney,Hard,56,T3,,19900108,11,200602,,,Shaun Stafford,R,180,USA,21.071,50,23,200424,,,Etsuko Inoue,R,164,JPN,25.224,63,19,6-4 4-6 7-5,3,R64,,,,,,,,,,,,,,,,,,,
1990-702,Sydney,Hard,56,T3,,19900108,12,200464,,,Ann Henricksson,,,USA,30.191,58,20,200538,,,Akemi Nishiya,R,,JPN,24.830,158,6,3-6 7-5 6-2,3,R64,,,,,,,,,,,,,,,,,,,
1990-702,Sydney,Hard,56,T3,,19900108,13,200476,,,Cammy Macgregor,,168,USA,21.243,96,12,200606,,,Nana Smith,R,163,JPN,18.749,104,12,6-4 6-3,3,R64,,,,,,,,,,,,,,,,,,,
1990-702,Sydney,Hard,56,T3,,19900108,14,200417,9,,Gigi Fernandez,,170,USA,25.879,24,39,200589,,,Halle Cioffi,,,USA,20.428,49,23,6-3 6-1,3,R64,,,,,,,,,,,,,,,,,,,
1990-702,Sydney,Hard,56,T3,,19900108,15,200041,14,,Amy Frazier,R,175,USA,17.304,32,32,200522,,,Nicole Jagerman,R,179,NED,22.465,79,15,3-6 6-4 6-3,3,R64,,,,,,,,,,,,,,,,,,,
1990-702,Sydney,Hard,56,T3,,19900108,16,200576,,,Nathalie Herreman,L,,FRA,23.784,141,7,200624,,,Tami Whitlinger Jones,,,USA,21.153,128,8,1-6 6-3 6-1,3,R64,,,,,,,,,,,,,,,,,,,
1990-702,Sydney,Hard,56,T3,,19900108,17,200105,,,Rachel Mcquillan,,170,AUS,18.103,54,20,200416,,,Robin White,R,164,USA,26.081,86,14,4-6 6-2 6-4,3,R64,,,,,,,,,,,,,,,,,,,
1990-702,Sydney,Hard,56,T3,,19900108,18,200530,13,,Radomira Zrubakova,R,169,SVK,19.037,33,32,200494,,,Dianne Van Rensburg,R,,RSA,21.848,88,13,6-1 6-0,3,R64,,,,,,,,,,,,,,,,,,,
1990-702,Sydney,Hard,56,T3,,19900108,19,200604,10,,Barbara Paulus,R,177,AUT,19.354,27,36,200599,,,Carrie Cunningham,,,USA,17.698,85,14,5-7 6-1 6-4,3,R64,,,,,,,,,,,,,,,,,,,
1990-702,Sydney,Hard,56,T3,,19900108,20,200554,,,Brenda Schultz Mccarthy,R,188,NED,19.031,99,12,200535,,,Jo Anne Faull,,,AUS,18.987,66,18,6-3 6-2,3,R64,,,,,,,,,,,,,,,,,,,
1990-702,Sydney,Hard,56,T3,,19900108,21,200469,,,Nicole Bradtke,R,176,AUS,20.296,68,17,200395,,,Catherine Tanvier,R,174,FRA,24.617,83,14,6-0 6-3,3,R64,,,,,,,,,,,,,,,,,,,
1990-702,Sydney,Hard,56,T3,,19900108,22,200362,,,Liz Smylie,R,170,AUS,26.747,67,18,200441,,,Louise Field,,,AUS,22.870,102,12,7-5 6-7 6-4,3,R64,,,,,,,,,,,,,,,,,,,
1990-702,Sydney,Hard,56,T3,,19900108,23,200485,,,Manon Bollegraf,R,173,NED,25.747,38,28,200442,,,Andrea Temesvari,R,182,HUN,23.705,42,27,6-3 6-2,3,R64,,,,,,,,,,,,,,,,,,,
1990-702,Sydney,Hard,56,T3,,19900108,24,200482,16,,Judith Wiesner,R,,AUT,23.855,31,34,200593,,,Karine Quentrec,,,FRA,20.217,65,18,7-5 6-4,3,R64,,,,,,,,,,,,,,,,,,,
1990-702,Sydney,Hard,56,T3,,19900108,25,200377,1,,Helena Sukova,R,188,CZE,24.874,9,80,200595,,,Ann Grossman,,,USA,19.239,57,20,6-2 6-4,3,R32,,,,,,,,,,,,,,,,,,,
1990-702,Sydney,Hard,56,T3,,19900108,26,200530,13,,Radomira Zrubakova,R,169,SVK,19.037,33,32,200464,,,Ann Henricksson,,,USA,30.191,58,20,6-1 1-6 6-3,3,R32,,,,,,,,,,,,,,,,,,,
1990-702,Sydney,Hard,56,T3,,19900108,27,200604,10,,Barbara Paulus,R,177,AUT,19.354,27,36,200554,,,Brenda Schultz Mccarthy,R,188,NED,19.031,99,12,7-6 6-7 6-1,3,R32,,,,,,,,,,,,,,,,,,,
1990-702,Sydney,Hard,56,T3,,19900108,28,200469,,,Nicole Bradtke,R,176,AUS,20.296,68,17,200357,8,,Rosalyn Fairbank,R,173,USA,29.183,23,40,6-2 7-6,3,R32,,,,,,,,,,,,,,,,,,,
1990-702,Sydney,Hard,56,T3,,19900108,29,200348,4,,Hana Mandlikova,R,173,AUS,27.886,13,53,200362,,,Liz Smylie,R,170,AUS,26.747,67,18,6-2 6-2,3,R32,,,,,,,,,,,,,,,,,,,
1990-702,Sydney,Hard,56,T3,,19900108,30,200482,16,,Judith Wiesner,R,,AUT,23.855,31,34,200485,,,Manon Bollegraf,R,173,NED,25.747,38,28,6-3 6-2,3,R32,,,,,,,,,,,,,,,,,,,
1990-702,Sydney,Hard,56,T3,,19900108,31,200480,,,Claudia Porwik,,,GER,21.150,81,15,200444,,,Elise Burgin,L,,USA,27.847,62,19,6-3 6-3,3,R32,,,,,,,,,,,,,,,,,,,
1990-702,Sydney,Hard,56,T3,,19900108,32,200625,,,Jana Pospisilova,,,CZE,19.798,76,16,200360,5,,Pam Shriver,R,183,USA,27.516,19,46,6-4 6-7 7-5,3,R32,,,,,,,,,,,,,,,,,,,
1990-702,Sydney,Hard,56,T3,,19900108,33,200112,,,Julie Halard Decugis,R,173,FRA,19.330,112,10,200450,6,,Larisa Savchenko,,169,URS,23.469,21,43,6-4 7-5,3,R32,,,,,,,,,,,,,,,,,,,
1990-702,Sydney,Hard,56,T3,,19900108,34,200569,,,Petra Langrova,,,TCH,19.535,74,16,200496,,,Terry Phelps,,,USA,23.059,45,26,7-5 6-3,3,R32,,,,,,,,,,,,,,,,,,,
1990-702,Sydney,Hard,56,T3,,19900108,35,200116,11,,Natalia Zvereva,R,174,BLR,18.733,18,46,200584,,,Laura Golarsa,R,165,ITA,22.117,53,20,6-4 6-3,3,R32,,,,,,,,,,,,,,,,,,,
1990-702,Sydney,Hard,56,T3,,19900108,36,200621,,,Isabelle Demongeot,R,,FRA,23.308,47,25,200472,3,,Helen Kelesi,R,,CAN,20.148,14,52,6-2 4-6 7-6,3,R32,,,,,,,,,,,,,,,,,,,
1990-702,Sydney,Hard,56,T3,,19900108,37,200422,7,,Raffaella Reggi Concato,,170,ITA,24.115,22,43,200602,,,Shaun Stafford,R,180,USA,21.071,50,23,6-4 5-7 6-1,3,R32,,,,,,,,,,,,,,,,,,,
1990-702,Sydney,Hard,56,T3,,19900108,38,200417,9,,Gigi Fernandez,,170,USA,25.879,24,39,200476,,,Cammy Macgregor,,168,USA,21.243,96,12,6-0 4-6 6-3,3,R32,,,,,,,,,,,,,,,,,,,
1990-702,Sydney,Hard,56,T3,,19900108,39,200041,14,,Amy Frazier,R,175,USA,17.304,32,32,200576,,,Nathalie Herreman,L,,FRA,23.784,141,7,6-4 6-0,3,R32,,,,,,,,,,,,,,,,,,,
1990-702,Sydney,Hard,56,T3,,19900108,40,200539,2,,Jana Novotna,R,175,CZE,21.268,11,72,200105,,,Rachel Mcquillan,,170,AUS,18.103,54,20,6-1 6-4,3,R32,,,,,,,,,,,,,,,,,,,
1990-702,Sydney,Hard,56,T3,,19900108,41,200530,13,,Radomira Zrubakova,R,169,SVK,19.037,33,32,200377,1,,Helena Sukova,R,188,CZE,24.874,9,80,6-1 1-6 6-3,3,R16,,,,,,,,,,,,,,,,,,,
1990-702,Sydney,Hard,56,T3,,19900108,42,200604,10,,Barbara Paulus,R,177,AUT,19.354,27,36,200469,,,Nicole Bradtke,R,176,AUS,20.296,68,17,7-6 6-2,3,R16,,,,,,,,,,,,,,,,,,,
1990-702,Sydney,Hard,56,T3,,19900108,43,200482,16,,Judith Wiesner,R,,AUT,23.855,31,34,200348,4,,Hana Mandlikova,R,173,AUS,27.886,13,53,7-6 6-3,3,R16,,,,,,,,,,,,,,,,,,,
1990-702,Sydney,Hard,56,T3,,19900108,44,200480,,,Claudia Porwik,,,GER,21.150,81,15,200625,,,Jana Pospisilova,,,CZE,19.798,76,16,6-1 6-0,3,R16,,,,,,,,,,,,,,,,,,,
1990-702,Sydney,Hard,56,T3,,19900108,45,200112,,,Julie Halard Decugis,R,173,FRA,19.330,112,10,200569,,,Petra Langrova,,,TCH,19.535,74,16,6-2 0-6 6-4,3,R16,,,,,,,,,,,,,,,,,,,
1990-702,Sydney,Hard,56,T3,,19900108,46,200116,11,,Natalia Zvereva,R,174,BLR,18.733,18,46,200621,,,Isabelle Demongeot,R,,FRA,23.308,47,25,6-1 6-1,3,R16,,,,,,,,,,,,,,,,,,,
1990-702,Sydney,Hard,56,T3,,19900108,47,200422,7,,Raffaella Reggi Concato,,170,ITA,24.115,22,43,200417,9,,Gigi Fernandez,,170,USA,25.879,24,39,6-1 7-5,3,R16,,,,,,,,,,,,,,,,,,,
1990-702,Sydney,Hard,56,T3,,19900108,48,200041,14,,Amy Frazier,R,175,USA,17.304,32,32,200539,2,,Jana Novotna,R,175,CZE,21.268,11,72,6-3 6-4,3,R16,,,,,,,,,,,,,,,,,,,
1990-702,Sydney,Hard,56,T3,,19900108,49,200604,10,,Barbara Paulus,R,177,AUT,19.354,27,36,200530,13,,Radomira Zrubakova,R,169,SVK,19.037,33,32,6-2 6-1,3,QF,,,,,,,,,,,,,,,,,,,
1990-702,Sydney,Hard,56,T3,,19900108,50,200482,16,,Judith Wiesner,R,,AUT,23.855,31,34,200480,,,Claudia Porwik,,,GER,21.150,81,15,6-3 4-6 6-3,3,QF,,,,,,,,,,,,,,,,,,,
1990-702,Sydney,Hard,56,T3,,19900108,51,200116,11,,Natalia Zvereva,R,174,BLR,18.733,18,46,200112,,,Julie Halard Decugis,R,173,FRA,19.330,112,10,4-6 6-2 6-4,3,QF,,,,,,,,,,,,,,,,,,,
1990-702,Sydney,Hard,56,T3,,19900108,52,200041,14,,Amy Frazier,R,175,USA,17.304,32,32,200422,7,,Raffaella Reggi Concato,,170,ITA,24.115,22,43,6-3 7-5,3,QF,,,,,,,,,,,,,,,,,,,
1990-702,Sydney,Hard,56,T3,,19900108,53,200604,10,,Barbara Paulus,R,177,AUT,19.354,27,36,200482,16,,Judith Wiesner,R,,AUT,23.855,31,34,6-4 3-6 6-1,3,SF,,,,,,,,,,,,,,,,,,,
1990-702,Sydney,Hard,56,T3,,19900108,54,200116,11,,Natalia Zvereva,R,174,BLR,18.733,18,46,200041,14,,Amy Frazier,R,175,USA,17.304,32,32,6-3 2-6 6-2,3,SF,,,,,,,,,,,,,,,,,,,
1990-702,Sydney,Hard,56,T3,,19900108,55,200116,11,,Natalia Zvereva,R,174,BLR,18.733,18,46,200604,10,,Barbara Paulus,R,177,AUT,19.354,27,36,4-6 6-1 6-3,3,F,,,,,,,,,,,,,,,,,,,
1990-901,Australian Open,Hard,128,G,,19900115,1,200414,1,,Steffi Graf,R,175,GER,20.589,1,300,200599,,,Carrie Cunningham,,,USA,17.717,85,14,6-2 7-5,3,R128,,,,,,,,,,,,,,,,,,,
1990-901,Australian Open,Hard,128,G,,19900115,2,200606,,,Nana Smith,R,163,JPN,18.768,104,12,200530,,,Radomira Zrubakova,R,169,SVK,19.056,33,32,7-5 6-4,3,R128,,,,,,,,,,,,,,,,,,,
1990-901,Australian Open,Hard,128,G,,19900115,3,200362,,,Liz Smylie,R,170,AUS,26.766,67,18,200543,,,Jill Hetherington,R,170,CAN,25.219,123,8,6-3 7-5,3,R128,,,,,,,,,,,,,,,,,,,
1990-901,Australian Open,Hard,128,G,,19900115,4,200607,,,Beate Reinstadler,,168,AUT,22.659,172,5,200591,,,Ronni Reis,,,USA,23.686,100,12,6-1 6-2,3,R128,,,,,,,,,,,,,,,,,,,
1990-901,Australian Open,Hard,128,G,,19900115,5,200548,,,Patty Fendick,R,165,USA,24.794,34,31,200538,,,Akemi Nishiya,R,,JPN,24.849,158,6,6-1 6-3,3,R128,,,,,,,,,,,,,,,,,,,
1990-901,Australian Open,Hard,128,G,,19900115,6,200608,,,Audra Keller,,,USA,18.163,156,6,200609,,Q,Steffi Menning,,,GER,19.037,216,3,3-6 7-6(4) 6-4,3,R128,,,,,,,,,,,,,,,,,,,
1990-901,Australian Open,Hard,128,G,,19900115,7,200442,,,Andrea Temesvari,R,182,HUN,23.724,42,27,200578,,WC,Rennae Stubbs,R,178,AUS,18.809,200,4,0-6 6-3 6-2,3,R128,,,,,,,,,,,,,,,,,,,
1990-901,Australian Open,Hard,128,G,,19900115,8,200539,5,,Jana Novotna,R,175,CZE,21.287,11,72,200610,,,Stacey Martin,,,USA,19.174,78,15,6-7(5) 6-0 6-0,3,R128,,,,,,,,,,,,,,,,,,,
1990-901,Australian Open,Hard,128,G,,19900115,9,200377,4,,Helena Sukova,R,188,CZE,24.893,9,80,200611,,WC,Tracey Morton Rodgers,,,AUS,22.078,264,2,6-4 6-3,3,R128,,,,,,,,,,,,,,,,,,,
1990-901,Australian Open,Hard,128,G,,19900115,10,200612,,,Natalia Medvedeva,R,176,UKR,18.169,69,17,200613,,Q,Lise Gregory,L,,RSA,26.382,247,2,6-4 7-5,3,R128,,,,,,,,,,,,,,,,,,,
1990-901,Australian Open,Hard,128,G,,19900115,11,200520,,Q,Sarah Loosemore,,,GBR,18.588,288,1,200535,,,Jo Anne Faull,,,AUS,19.007,66,18,6-3 7-5,3,R128,,,,,,,,,,,,,,,,,,,
1990-901,Australian Open,Hard,128,G,,19900115,12,200057,,Q,Erika De Lone,R,,USA,17.254,298,1,200577,,WC,Louise Stacey,,,AUS,18.015,335,1,6-4 7-5,3,R128,,,,,,,,,,,,,,,,,,,
1990-901,Australian Open,Hard,128,G,,19900115,13,200614,,,Elena Pampoulova,,,BUL,17.665,,,200615,,WC,Kristin Godridge,,,HKG,16.937,182,4,4-6 6-4 6-2,3,R128,,,,,,,,,,,,,,,,,,,
1990-901,Australian Open,Hard,128,G,,19900115,14,200617,,,Kimiko Date Krumm,R,163,JPN,19.300,90,13,200616,,,Pascale Etchemendy,,,FRA,23.612,133,7,6-3 7-6(5),3,R128,,,,,,,,,,,,,,,,,,,
1990-901,Australian Open,Hard,128,G,,19900115,15,200554,,,Brenda Schultz Mccarthy,R,188,NED,19.050,99,12,200562,,,Martina Pawlik,,,GER,20.104,113,10,6-4 6-3,3,R128,,,,,,,,,,,,,,,,,,,
1990-901,Australian Open,Hard,128,G,,19900115,16,200469,,,Nicole Bradtke,R,176,AUS,20.315,68,17,200618,,Q,Eva Maria Schurhoff,,,GER,20.104,258,2,7-5 7-6(5),3,R128,,,,,,,,,,,,,,,,,,,
1990-901,Australian Open,Hard,128,G,,19900115,17,200360,11,,Pam Shriver,R,183,USA,27.535,19,46,200574,,,Eva Sviglerova,,,CZE,18.511,132,8,6-3 6-4,3,R128,,,,,,,,,,,,,,,,,,,
1990-901,Australian Open,Hard,128,G,,19900115,18,200455,9,,Katerina Maleeva,R,168,BUL,20.693,15,51,200428,,,Lori Mcneil,,170,USA,26.079,36,29,6-2 6-1,3,R128,,,,,,,,,,,,,,,,,,,
1990-901,Australian Open,Hard,128,G,,19900115,19,200619,,WC,Kate Mcdonald,,,AUS,19.822,323,1,200474,,,Louise Allen,,,USA,28.022,126,8,6-4 6-4,3,R128,,,,,,,,,,,,,,,,,,,
1990-901,Australian Open,Hard,128,G,,19900115,20,200483,,,Kumiko Okamoto,,,JPN,24.904,116,10,200028,,,Maureen Drake,R,175,CAN,18.823,162,5,6-4 2-6 6-1,3,R128,,,,,,,,,,,,,,,,,,,
1990-901,Australian Open,Hard,128,G,,19900115,21,200522,,,Nicole Jagerman,R,179,NED,22.484,79,15,200354,,,Claudia Kohde Kilsch,R,187,GER,26.098,37,29,6-4 7-6(3),3,R128,,,,,,,,,,,,,,,,,,,
1990-901,Australian Open,Hard,128,G,,19900115,22,200620,,WC,Kirrily Sharpe,L,,AUS,16.887,470,0,200441,,,Louise Field,,,AUS,22.889,102,12,7-5 3-6 6-3,3,R128,,,,,,,,,,,,,,,,,,,
1990-901,Australian Open,Hard,128,G,,19900115,23,200601,,,Leila Meskhi,R,164,GEO,22.029,30,35,200584,,,Laura Golarsa,R,165,ITA,22.136,53,20,6-4 6-4,3,R128,,,,,,,,,,,,,,,,,,,
1990-901,Australian Open,Hard,128,G,,19900115,24,200105,,,Rachel Mcquillan,,170,AUS,18.122,54,20,200586,,,Federica Bonsignori,,,ITA,22.155,137,7,6-1 6-2,3,R128,,,,,,,,,,,,,,,,,,,
1990-901,Australian Open,Hard,128,G,,19900115,25,200587,,,Silke Meier,,,GER,21.509,147,6,200529,,Q,Jill Smoller,,,USA,25.364,386,0,6-4 6-2,3,R128,,,,,,,,,,,,,,,,,,,
1990-901,Australian Open,Hard,128,G,,19900115,26,200472,8,,Helen Kelesi,R,,CAN,20.167,14,52,200506,,,Wiltrud Probst,R,170,GER,20.633,91,13,6-2 6-3,3,R128,,,,,,,,,,,,,,,,,,,
1990-901,Australian Open,Hard,128,G,,19900115,27,200597,6,,Mary Joe Fernandez,R,175,USA,18.410,12,71,200498,,,Michelle Jaggard Lai,R,146,AUS,20.696,120,9,6-1 6-3,3,R128,,,,,,,,,,,,,,,,,,,
1990-901,Australian Open,Hard,128,G,,19900115,28,200419,,,Kathy Rinaldi Stunkel,,,USA,22.815,51,22,200416,,,Robin White,R,164,USA,26.100,86,14,6-4 3-6 6-4,3,R128,,,,,,,,,,,,,,,,,,,
1990-901,Australian Open,Hard,128,G,,19900115,29,200464,,,Ann Henricksson,,,USA,30.210,58,20,200501,,,Marianne Werdel Witmeyer,,,USA,22.248,95,12,4-6 6-4 6-4,3,R128,,,,,,,,,,,,,,,,,,,
1990-901,Australian Open,Hard,128,G,,19900115,30,200112,,,Julie Halard Decugis,R,173,FRA,19.349,112,10,200484,,,Ann Devries,R,,BEL,19.883,146,6,7-5 6-2,3,R128,,,,,,,,,,,,,,,,,,,
1990-901,Australian Open,Hard,128,G,,19900115,31,200566,,,Donna Faber,,,USA,18.533,59,19,200384,,,Eva Pfaff,R,175,GER,28.929,106,11,6-3 6-0,3,R128,,,,,,,,,,,,,,,,,,,
1990-901,Australian Open,Hard,128,G,,19900115,32,200403,,,Andrea Leand,R,173,USA,25.994,151,6,200221,,,Dianne Fromholtz,L,165,AUS,33.433,153,6,6-2 4-6 6-4,3,R128,,,,,,,,,,,,,,,,,,,
1990-901,Australian Open,Hard,128,G,,19900115,33,200553,,,Carin Bakkum,,,NED,27.478,178,5,200559,,,Kristine Kunce,R,177,AUS,19.872,164,5,6-3 6-2,3,R128,,,,,,,,,,,,,,,,,,,
1990-901,Australian Open,Hard,128,G,,19900115,34,200573,,,Cecilia Dahlman,R,178,SWE,21.479,94,13,200580,,,Kimberly Kessaris,,,USA,16.805,157,6,7-6(5) 6-1,3,R128,,,,,,,,,,,,,,,,,,,
1990-901,Australian Open,Hard,128,G,,19900115,35,200357,14,,Rosalyn Fairbank,R,173,USA,29.203,23,40,200407,,,Camille Benjamin,L,175,USA,23.623,89,13,6-3 6-3,3,R128,,,,,,,,,,,,,,,,,,,
1990-901,Australian Open,Hard,128,G,,19900115,36,200395,,,Catherine Tanvier,R,174,FRA,24.636,83,14,200450,12,,Larisa Savchenko,,169,URS,23.489,21,43,4-6 6-1 12-10,3,R128,,,,,,,,,,,,,,,,,,,
1990-901,Australian Open,Hard,128,G,,19900115,37,200424,,,Etsuko Inoue,R,164,JPN,25.244,63,19,200473,,,Beverly Bowes,R,,USA,24.351,97,12,6-3 7-6(5),3,R128,,,,,,,,,,,,,,,,,,,
1990-901,Australian Open,Hard,128,G,,19900115,38,200036,,WC,Nicole Pratt,R,163,AUS,16.866,378,0,200413,,,Heather Ludloff,R,165,USA,28.597,171,5,6-1 6-7(6) 10-8,3,R128,,,,,,,,,,,,,,,,,,,
1990-901,Australian Open,Hard,128,G,,19900115,39,200037,,,Sabine Appelmans,L,168,BEL,17.733,142,7,200443,,,Sara Gomer,L,188,GBR,25.676,130,8,6-1 6-0,3,R128,,,,,,,,,,,,,,,,,,,
1990-901,Australian Open,Hard,128,G,,19900115,40,200621,,,Isabelle Demongeot,R,,FRA,23.327,47,25,200557,,,Katrina Adams,R,165,USA,21.446,82,14,4-6 6-2 6-2,3,R128,,,,,,,,,,,,,,,,,,,
1990-901,Australian Open,Hard,128,G,,19900115,41,200622,,,Maya Kidowaki,,,JPN,20.666,134,7,200487,,,Eva Krapl,R,180,SUI,23.998,125,8,7-5 6-2,3,R128,,,,,,,,,,,,,,,,,,,
1990-901,Australian Open,Hard,128,G,,19900115,42,200623,,,Petra Thoren,,,FIN,20.438,166,5,200452,,,Tine Scheuer Larsen,,170,DEN,23.844,121,9,3-6 6-3 6-1,3,R128,,,,,,,,,,,,,,,,,,,
1990-901,Australian Open,Hard,128,G,,19900115,43,200404,3,,Zina Garrison,R,164,USA,26.166,4,128,200495,,,Akiko Kijimuta,,,JPN,21.709,61,19,6-1 6-2,3,R128,,,,,,,,,,,,,,,,,,,
1990-901,Australian Open,Hard,128,G,,19900115,44,200348,7,,Hana Mandlikova,R,173,AUS,27.905,13,53,200346,,,Anne Minter,R,165,AUS,26.788,35,30,4-6 6-2 6-3,3,R128,,,,,,,,,,,,,,,,,,,
1990-901,Australian Open,Hard,128,G,,19900115,45,200081,,,Anke Huber,R,173,GER,15.116,165,5,200532,,,Maider Laval,,,FRA,19.664,179,5,6-1 6-1,3,R128,,,,,,,,,,,,,,,,,,,
1990-901,Australian Open,Hard,128,G,,19900115,46,200476,,,Cammy Macgregor,,168,USA,21.263,96,12,200542,,Q,Clare Wood,R,,GBR,21.857,183,4,6-4 6-2,3,R128,,,,,,,,,,,,,,,,,,,
1990-901,Australian Open,Hard,128,G,,19900115,47,200013,,Q,Angelica Gavaldon,R,,MEX,16.285,192,4,200583,,,Laxmi Poruri,,,USA,17.183,167,5,6-3 6-3,3,R128,,,,,,,,,,,,,,,,,,,
1990-901,Australian Open,Hard,128,G,,19900115,48,200021,,LL,Alexia Dechaume Balleret,R,,FRA,19.705,199,4,200579,,,Karin Kschwendt,R,175,AUT,21.337,180,5,6-4 7-5,3,R128,,,,,,,,,,,,,,,,,,,
1990-901,Australian Open,Hard,128,G,,19900115,49,200624,,,Tami Whitlinger Jones,,,USA,21.172,128,8,200415,,,Catherine Suire,R,167,FRA,30.336,143,7,6-1 6-2,3,R128,,,,,,,,,,,,,,,,,,,
1990-901,Australian Open,Hard,128,G,,19900115,50,200496,,,Terry Phelps,,,USA,23.078,45,26,200467,,,Janine Tremelling,,,AUS,22.344,117,10,6-4 6-3,3,R128,,,,,,,,,,,,,,,,,,,
1990-901,Australian Open,Hard,128,G,,19900115,51,200625,,,Jana Pospisilova,,,CZE,19.817,76,16,200626,,,Emanuela Zardo,L,,SUI,19.729,140,7,6-4 6-1,3,R128,,,,,,,,,,,,,,,,,,,
1990-901,Australian Open,Hard,128,G,,19900115,52,200417,15,,Gigi Fernandez,,170,USA,25.898,24,39,200593,,,Karine Quentrec,,,FRA,20.236,65,18,6-3 6-4,3,R128,,,,,,,,,,,,,,,,,,,
1990-901,Australian Open,Hard,128,G,,19900115,53,200116,10,,Natalia Zvereva,R,174,BLR,18.752,18,46,200576,,,Nathalie Herreman,L,,FRA,23.803,141,7,6-7(3) 7-5 7-5,3,R128,,,,,,,,,,,,,,,,,,,
1990-901,Australian Open,Hard,128,G,,19900115,54,200547,,,Sandra Wasserman,R,173,BEL,19.853,70,17,200569,,,Petra Langrova,,,TCH,19.554,74,16,7-6(5) 0-6 6-3,3,R128,,,,,,,,,,,,,,,,,,,
1990-901,Australian Open,Hard,128,G,,19900115,55,200494,,,Dianne Van Rensburg,R,,RSA,21.868,88,13,200627,,,Petra Schwarz,R,168,AUT,17.646,152,6,6-0 6-0,3,R128,,,,,,,,,,,,,,,,,,,
1990-901,Australian Open,Hard,128,G,,19900115,56,200444,,,Elise Burgin,L,,USA,27.866,62,19,200602,,,Shaun Stafford,R,180,USA,21.090,50,23,2-6 7-6(7) 6-3,3,R128,,,,,,,,,,,,,,,,,,,
1990-901,Australian Open,Hard,128,G,,19900115,57,200589,,,Halle Cioffi,,,USA,20.447,49,23,200486,,,Csilla Cserepy,,,SUI,23.801,170,5,7-5 6-4,3,R128,,,,,,,,,,,,,,,,,,,
1990-901,Australian Open,Hard,128,G,,19900115,58,200482,,,Judith Wiesner,R,,AUT,23.875,31,34,200628,,,Sabrina Goles,,,YUG,24.619,109,11,7-5 6-2,3,R128,,,,,,,,,,,,,,,,,,,
1990-901,Australian Open,Hard,128,G,,19900115,59,200480,,,Claudia Porwik,,,GER,21.169,81,15,200544,,,Celine Cohen,,,SUI,22.867,136,7,6-4 6-1,3,R128,,,,,,,,,,,,,,,,,,,
1990-901,Australian Open,Hard,128,G,,19900115,60,200485,,,Manon Bollegraf,R,173,NED,25.766,38,28,200595,,,Ann Grossman,,,USA,19.258,57,20,6-2 6-3,3,R128,,,,,,,,,,,,,,,,,,,
1990-901,Australian Open,Hard,128,G,,19900115,61,200572,2,,Gabriela Sabatini,R,175,ARG,19.669,3,166,200041,,,Amy Frazier,R,175,USA,17.323,32,32,7-5 6-1,3,R128,,,,,,,,,,,,,,,,,,,
1990-901,Australian Open,Hard,128,G,,19900115,62,200392,,,Jo Durie,R,163,GBR,29.471,119,10,200421,,,Pascale Paradis Mangon,R,,FRA,23.729,129,8,7-5 7-6(4),3,R128,,,,,,,,,,,,,,,,,,,
1990-901,Australian Open,Hard,128,G,,19900115,63,200422,13,,Raffaella Reggi Concato,,170,ITA,24.135,22,43,200603,,WC,Justine Hodder,,,AUS,17.851,,,6-1 6-0,3,R128,,,,,,,,,,,,,,,,,,,
1990-901,Australian Open,Hard,128,G,,19900115,64,200604,16,,Barbara Paulus,R,177,AUT,19.373,27,36,200605,,,Regina Rajchrtova,,,TCH,21.944,44,26,6-3 6-1,3,R128,,,,,,,,,,,,,,,,,,,
1990-901,Australian Open,Hard,128,G,,19900115,65,200414,1,,Steffi Graf,R,175,GER,20.589,1,300,200057,,Q,Erika De Lone,R,,USA,17.254,298,1,6-1 6-2,3,R64,,,,,,,,,,,,,,,,,,,
1990-901,Australian Open,Hard,128,G,,19900115,66,200601,,,Leila Meskhi,R,164,GEO,22.029,30,35,200573,,,Cecilia Dahlman,R,178,SWE,21.479,94,13,2-6 6-1 6-3,3,R64,,,,,,,,,,,,,,,,,,,
1990-901,Australian Open,Hard,128,G,,19900115,67,200081,,,Anke Huber,R,173,GER,15.116,165,5,200444,,,Elise Burgin,L,,USA,27.866,62,19,6-2 6-0,3,R64,,,,,,,,,,,,,,,,,,,
1990-901,Australian Open,Hard,128,G,,19900115,68,200422,13,,Raffaella Reggi Concato,,170,ITA,24.135,22,43,200392,,,Jo Durie,R,163,GBR,29.471,119,10,6-4 6-4,3,R64,,,,,,,,,,,,,,,,,,,
1990-901,Australian Open,Hard,128,G,,19900115,69,200604,16,,Barbara Paulus,R,177,AUT,19.373,27,36,200606,,,Nana Smith,R,163,JPN,18.768,104,12,7-6(1) 4-6 6-0,3,R64,,,,,,,,,,,,,,,,,,,
1990-901,Australian Open,Hard,128,G,,19900115,70,200362,,,Liz Smylie,R,170,AUS,26.766,67,18,200607,,,Beate Reinstadler,,168,AUT,22.659,172,5,6-2 6-4,3,R64,,,,,,,,,,,,,,,,,,,
1990-901,Australian Open,Hard,128,G,,19900115,71,200548,,,Patty Fendick,R,165,USA,24.794,34,31,200608,,,Audra Keller,,,USA,18.163,156,6,7-5 6-2,3,R64,,,,,,,,,,,,,,,,,,,
1990-901,Australian Open,Hard,128,G,,19900115,72,200539,5,,Jana Novotna,R,175,CZE,21.287,11,72,200442,,,Andrea Temesvari,R,182,HUN,23.724,42,27,6-1 6-1,3,R64,,,,,,,,,,,,,,,,,,,
1990-901,Australian Open,Hard,128,G,,19900115,73,200377,4,,Helena Sukova,R,188,CZE,24.893,9,80,200612,,,Natalia Medvedeva,R,176,UKR,18.169,69,17,6-2 6-0,3,R64,,,,,,,,,,,,,,,,,,,
1990-901,Australian Open,Hard,128,G,,19900115,74,200520,,Q,Sarah Loosemore,,,GBR,18.588,288,1,200614,,,Elena Pampoulova,,,BUL,17.665,,,6-3 6-3,3,R64,,,,,,,,,,,,,,,,,,,
1990-901,Australian Open,Hard,128,G,,19900115,75,200617,,,Kimiko Date Krumm,R,163,JPN,19.300,90,13,200554,,,Brenda Schultz Mccarthy,R,188,NED,19.050,99,12,7-5 7-6(7),3,R64,,,,,,,,,,,,,,,,,,,
1990-901,Australian Open,Hard,128,G,,19900115,76,200360,11,,Pam Shriver,R,183,USA,27.535,19,46,200469,,,Nicole Bradtke,R,176,AUS,20.315,68,17,1-6 6-2 9-7,3,R64,,,,,,,,,,,,,,,,,,,
1990-901,Australian Open,Hard,128,G,,19900115,77,200455,9,,Katerina Maleeva,R,168,BUL,20.693,15,51,200619,,WC,Kate Mcdonald,,,AUS,19.822,323,1,6-3 6-2,3,R64,,,,,,,,,,,,,,,,,,,
1990-901,Australian Open,Hard,128,G,,19900115,78,200522,,,Nicole Jagerman,R,179,NED,22.484,79,15,200483,,,Kumiko Okamoto,,,JPN,24.904,116,10,6-1 6-2,3,R64,,,,,,,,,,,,,,,,,,,
1990-901,Australian Open,Hard,128,G,,19900115,79,200105,,,Rachel Mcquillan,,170,AUS,18.122,54,20,200620,,WC,Kirrily Sharpe,L,,AUS,16.887,470,0,6-3 6-0,3,R64,,,,,,,,,,,,,,,,,,,
1990-901,Australian Open,Hard,128,G,,19900115,80,200472,8,,Helen Kelesi,R,,CAN,20.167,14,52,200587,,,Silke Meier,,,GER,21.509,147,6,6-2 6-4,3,R64,,,,,,,,,,,,,,,,,,,
1990-901,Australian Open,Hard,128,G,,19900115,81,200597,6,,Mary Joe Fernandez,R,175,USA,18.410,12,71,200419,,,Kathy Rinaldi Stunkel,,,USA,22.815,51,22,6-4 6-4,3,R64,,,,,,,,,,,,,,,,,,,
1990-901,Australian Open,Hard,128,G,,19900115,82,200112,,,Julie Halard Decugis,R,173,FRA,19.349,112,10,200464,,,Ann Henricksson,,,USA,30.210,58,20,7-6(4) 6-2,3,R64,,,,,,,,,,,,,,,,,,,
1990-901,Australian Open,Hard,128,G,,19900115,83,200566,,,Donna Faber,,,USA,18.533,59,19,200403,,,Andrea Leand,R,173,USA,25.994,151,6,6-1 6-3,3,R64,,,,,,,,,,,,,,,,,,,
1990-901,Australian Open,Hard,128,G,,19900115,84,200357,14,,Rosalyn Fairbank,R,173,USA,29.203,23,40,200553,,,Carin Bakkum,,,NED,27.478,178,5,7-6(3) 6-4,3,R64,,,,,,,,,,,,,,,,,,,
1990-901,Australian Open,Hard,128,G,,19900115,85,200395,,,Catherine Tanvier,R,174,FRA,24.636,83,14,200424,,,Etsuko Inoue,R,164,JPN,25.244,63,19,6-4 6-4,3,R64,,,,,,,,,,,,,,,,,,,
1990-901,Australian Open,Hard,128,G,,19900115,86,200037,,,Sabine Appelmans,L,168,BEL,17.733,142,7,200036,,WC,Nicole Pratt,R,163,AUS,16.866,378,0,6-2 6-3,3,R64,,,,,,,,,,,,,,,,,,,
1990-901,Australian Open,Hard,128,G,,19900115,87,200621,,,Isabelle Demongeot,R,,FRA,23.327,47,25,200622,,,Maya Kidowaki,,,JPN,20.666,134,7,6-4 6-1,3,R64,,,,,,,,,,,,,,,,,,,
1990-901,Australian Open,Hard,128,G,,19900115,88,200404,3,,Zina Garrison,R,164,USA,26.166,4,128,200623,,,Petra Thoren,,,FIN,20.438,166,5,6-2 6-0,3,R64,,,,,,,,,,,,,,,,,,,
1990-901,Australian Open,Hard,128,G,,19900115,89,200348,7,,Hana Mandlikova,R,173,AUS,27.905,13,53,200476,,,Cammy Macgregor,,168,USA,21.263,96,12,7-6(6) 6-3,3,R64,,,,,,,,,,,,,,,,,,,
1990-901,Australian Open,Hard,128,G,,19900115,90,200013,,Q,Angelica Gavaldon,R,,MEX,16.285,192,4,200021,,LL,Alexia Dechaume Balleret,R,,FRA,19.705,199,4,6-4 4-6 7-5,3,R64,,,,,,,,,,,,,,,,,,,
1990-901,Australian Open,Hard,128,G,,19900115,91,200624,,,Tami Whitlinger Jones,,,USA,21.172,128,8,200496,,,Terry Phelps,,,USA,23.078,45,26,7-5 6-3,3,R64,,,,,,,,,,,,,,,,,,,
1990-901,Australian Open,Hard,128,G,,19900115,92,200417,15,,Gigi Fernandez,,170,USA,25.898,24,39,200625,,,Jana Pospisilova,,,CZE,19.817,76,16,6-4 7-6(4),3,R64,,,,,,,,,,,,,,,,,,,
1990-901,Australian Open,Hard,128,G,,19900115,93,200547,,,Sandra Wasserman,R,173,BEL,19.853,70,17,200116,10,,Natalia Zvereva,R,174,BLR,18.752,18,46,7-5 6-1,3,R64,,,,,,,,,,,,,,,,,,,
1990-901,Australian Open,Hard,128,G,,19900115,94,200494,,,Dianne Van Rensburg,R,,RSA,21.868,88,13,200589,,,Halle Cioffi,,,USA,20.447,49,23,6-0 6-4,3,R64,,,,,,,,,,,,,,,,,,,
1990-901,Australian Open,Hard,128,G,,19900115,95,200480,,,Claudia Porwik,,,GER,21.169,81,15,200482,,,Judith Wiesner,R,,AUT,23.875,31,34,6-3 7-6(4),3,R64,,,,,,,,,,,,,,,,,,,
1990-901,Australian Open,Hard,128,G,,19900115,96,200572,2,,Gabriela Sabatini,R,175,ARG,19.669,3,166,200485,,,Manon Bollegraf,R,173,NED,25.766,38,28,6-1 6-1,3,R64,,,,,,,,,,,,,,,,,,,
1990-901,Australian Open,Hard,128,G,,19900115,97,200548,,,Patty Fendick,R,165,USA,24.794,34,31,200539,5,,Jana Novotna,R,175,CZE,21.287,11,72,1-6 7-6(5) 6-4,3,R32,,,,,,,,,,,,,,,,,,,
1990-901,Australian Open,Hard,128,G,,19900115,98,200377,4,,Helena Sukova,R,188,CZE,24.893,9,80,200520,,Q,Sarah Loosemore,,,GBR,18.588,288,1,6-3 4-6 6-3,3,R32,,,,,,,,,,,,,,,,,,,
1990-901,Australian Open,Hard,128,G,,19900115,99,200617,,,Kimiko Date Krumm,R,163,JPN,19.300,90,13,200360,11,,Pam Shriver,R,183,USA,27.535,19,46,6-4 6-3,3,R32,,,,,,,,,,,,,,,,,,,
1990-901,Australian Open,Hard,128,G,,19900115,100,200455,9,,Katerina Maleeva,R,168,BUL,20.693,15,51,200522,,,Nicole Jagerman,R,179,NED,22.484,79,15,6-0 6-4,3,R32,,,,,,,,,,,,,,,,,,,
1990-901,Australian Open,Hard,128,G,,19900115,101,200105,,,Rachel Mcquillan,,170,AUS,18.122,54,20,200472,8,,Helen Kelesi,R,,CAN,20.167,14,52,6-2 7-6(4),3,R32,,,,,,,,,,,,,,,,,,,
1990-901,Australian Open,Hard,128,G,,19900115,102,200597,6,,Mary Joe Fernandez,R,175,USA,18.410,12,71,200112,,,Julie Halard Decugis,R,173,FRA,19.349,112,10,6-0 3-6 6-0,3,R32,,,,,,,,,,,,,,,,,,,
1990-901,Australian Open,Hard,128,G,,19900115,103,200566,,,Donna Faber,,,USA,18.533,59,19,200357,14,,Rosalyn Fairbank,R,173,USA,29.203,23,40,6-3 6-4,3,R32,,,,,,,,,,,,,,,,,,,
1990-901,Australian Open,Hard,128,G,,19900115,104,200395,,,Catherine Tanvier,R,174,FRA,24.636,83,14,200037,,,Sabine Appelmans,L,168,BEL,17.733,142,7,7-6(7) 6-0,3,R32,,,,,,,,,,,,,,,,,,,
1990-901,Australian Open,Hard,128,G,,19900115,105,200404,3,,Zina Garrison,R,164,USA,26.166,4,128,200621,,,Isabelle Demongeot,R,,FRA,23.327,47,25,5-7 6-3 6-4,3,R32,,,,,,,,,,,,,,,,,,,
1990-901,Australian Open,Hard,128,G,,19900115,106,200013,,Q,Angelica Gavaldon,R,,MEX,16.285,192,4,200348,7,,Hana Mandlikova,R,173,AUS,27.905,13,53,6-1 1-6 6-1,3,R32,,,,,,,,,,,,,,,,,,,
1990-901,Australian Open,Hard,128,G,,19900115,107,200417,15,,Gigi Fernandez,,170,USA,25.898,24,39,200624,,,Tami Whitlinger Jones,,,USA,21.172,128,8,7-6(6) 6-3,3,R32,,,,,,,,,,,,,,,,,,,
1990-901,Australian Open,Hard,128,G,,19900115,108,200494,,,Dianne Van Rensburg,R,,RSA,21.868,88,13,200547,,,Sandra Wasserman,R,173,BEL,19.853,70,17,6-4 6-2,3,R32,,,,,,,,,,,,,,,,,,,
1990-901,Australian Open,Hard,128,G,,19900115,109,200480,,,Claudia Porwik,,,GER,21.169,81,15,200572,2,,Gabriela Sabatini,R,175,ARG,19.669,3,166,2-6 0-1 RET,3,R32,,,,,,,,,,,,,,,,,,,
1990-901,Australian Open,Hard,128,G,,19900115,110,200414,1,,Steffi Graf,R,175,GER,20.589,1,300,200601,,,Leila Meskhi,R,164,GEO,22.029,30,35,6-4 6-1,3,R32,,,,,,,,,,,,,,,,,,,
1990-901,Australian Open,Hard,128,G,,19900115,111,200422,13,,Raffaella Reggi Concato,,170,ITA,24.135,22,43,200081,,,Anke Huber,R,173,GER,15.116,165,5,7-5 4-6 6-4,3,R32,,,,,,,,,,,,,,,,,,,
1990-901,Australian Open,Hard,128,G,,19900115,112,200604,16,,Barbara Paulus,R,177,AUT,19.373,27,36,200362,,,Liz Smylie,R,170,AUS,26.766,67,18,6-4 6-3,3,R32,,,,,,,,,,,,,,,,,,,
1990-901,Australian Open,Hard,128,G,,19900115,113,200414,1,,Steffi Graf,R,175,GER,20.589,1,300,200422,13,,Raffaella Reggi Concato,,170,ITA,24.135,22,43,6-2 6-3,3,R16,,,,,,,,,,,,,,,,,,,
1990-901,Australian Open,Hard,128,G,,19900115,114,200548,,,Patty Fendick,R,165,USA,24.794,34,31,200604,16,,Barbara Paulus,R,177,AUT,19.373,27,36,7-5 6-2,3,R16,,,,,,,,,,,,,,,,,,,
1990-901,Australian Open,Hard,128,G,,19900115,115,200377,4,,Helena Sukova,R,188,CZE,24.893,9,80,200617,,,Kimiko Date Krumm,R,163,JPN,19.300,90,13,6-4 6-3,3,R16,,,,,,,,,,,,,,,,,,,
1990-901,Australian Open,Hard,128,G,,19900115,116,200455,9,,Katerina Maleeva,R,168,BUL,20.693,15,51,200105,,,Rachel Mcquillan,,170,AUS,18.122,54,20,3-6 6-4 6-1,3,R16,,,,,,,,,,,,,,,,,,,
1990-901,Australian Open,Hard,128,G,,19900115,117,200597,6,,Mary Joe Fernandez,R,175,USA,18.410,12,71,200566,,,Donna Faber,,,USA,18.533,59,19,6-4 6-2,3,R16,,,,,,,,,,,,,,,,,,,
1990-901,Australian Open,Hard,128,G,,19900115,118,200404,3,,Zina Garrison,R,164,USA,26.166,4,128,200395,,,Catherine Tanvier,R,174,FRA,24.636,83,14,6-2 2-0 RET,3,R16,,,,,,,,,,,,,,,,,,,
1990-901,Australian Open,Hard,128,G,,19900115,119,200013,,Q,Angelica Gavaldon,R,,MEX,16.285,192,4,200417,15,,Gigi Fernandez,,170,USA,25.898,24,39,6-3 1-6 6-2,3,R16,,,,,,,,,,,,,,,,,,,
1990-901,Australian Open,Hard,128,G,,19900115,120,200480,,,Claudia Porwik,,,GER,21.169,81,15,200494,,,Dianne Van Rensburg,R,,RSA,21.868,88,13,7-6(4) 3-6 6-4,3,R16,,,,,,,,,,,,,,,,,,,
1990-901,Australian Open,Hard,128,G,,19900115,121,200414,1,,Steffi Graf,R,175,GER,20.589,1,300,200548,,,Patty Fendick,R,165,USA,24.794,34,31,6-3 7-5,3,QF,,,,,,,,,,,,,,,,,,,
1990-901,Australian Open,Hard,128,G,,19900115,122,200377,4,,Helena Sukova,R,188,CZE,24.893,9,80,200455,9,,Katerina Maleeva,R,168,BUL,20.693,15,51,6-4 6-3,3,QF,,,,,,,,,,,,,,,,,,,
1990-901,Australian Open,Hard,128,G,,19900115,123,200597,6,,Mary Joe Fernandez,R,175,USA,18.410,12,71,200404,3,,Zina Garrison,R,164,USA,26.166,4,128,1-6 6-2 8-6,3,QF,,,,,,,,,,,,,,,,,,,
1990-901,Australian Open,Hard,128,G,,19900115,124,200480,,,Claudia Porwik,,,GER,21.169,81,15,200013,,Q,Angelica Gavaldon,R,,MEX,16.285,192,4,6-4 6-3,3,QF,,,,,,,,,,,,,,,,,,,
1990-901,Australian Open,Hard,128,G,,19900115,125,200414,1,,Steffi Graf,R,175,GER,20.589,1,300,200377,4,,Helena Sukova,R,188,CZE,24.893,9,80,6-3 3-6 6-4,3,SF,,,,,,,,,,,,,,,,,,,
1990-901,Australian Open,Hard,128,G,,19900115,126,200597,6,,Mary Joe Fernandez,R,175,USA,18.410,12,71,200480,,,Claudia Porwik,,,GER,21.169,81,15,6-2 6-1,3,SF,,,,,,,,,,,,,,,,,,,
1990-901,Australian Open,Hard,128,G,,19900115,127,200414,1,,Steffi Graf,R,175,GER,20.589,1,300,200597,6,,Mary Joe Fernandez,R,175,USA,18.410,12,71,6-3 6-4,3,F,,,,,,,,,,,,,,,,,,,
1990-1056,Tokyo Pan Pacific,Carpet,28,T2,,19900129,1,200522,,,Nicole Jagerman,R,179,NED,22.522,79,15,200407,,,Camille Benjamin,L,175,USA,23.661,93,13,6-3 6-3,3,R32,,,,,,,,,,,,,,,,,,,
1990-1056,Tokyo Pan Pacific,Carpet,28,T2,,19900129,2,200417,6,,Gigi Fernandez,,170,USA,25.936,24,38,200617,,,Kimiko Date Krumm,R,163,JPN,19.338,88,13,6-1 6-4,3,R32,,,,,,,,,,,,,,,,,,,
1990-1056,Tokyo Pan Pacific,Carpet,28,T2,,19900129,3,200622,,Q,Maya Kidowaki,,,JPN,20.704,130,7,200483,,,Kumiko Okamoto,,,JPN,24.942,113,10,6-3 6-3,3,R32,,,,,,,,,,,,,,,,,,,
1990-1056,Tokyo Pan Pacific,Carpet,28,T2,,19900129,4,200535,,,Jo Anne Faull,,,AUS,19.045,69,17,200362,,,Liz Smylie,R,170,AUS,26.804,65,18,1-6 6-2 RET,3,R32,,,,,,,,,,,,,,,,,,,
1990-1056,Tokyo Pan Pacific,Carpet,28,T2,,19900129,5,200959,,,Mareen Louie Harper,R,,USA,29.457,115,10,200448,,Q,Sandy Collins,,178,USA,31.297,184,4,2-6 6-4 6-2,3,R32,,,,,,,,,,,,,,,,,,,
1990-1056,Tokyo Pan Pacific,Carpet,28,T2,,19900129,6,200450,5,,Larisa Savchenko,,169,URS,23.527,23,40,200480,,,Claudia Porwik,,,GER,21.208,63,18,6-4 6-4,3,R32,,,,,,,,,,,,,,,,,,,
1990-1056,Tokyo Pan Pacific,Carpet,28,T2,,19900129,7,200496,,,Terry Phelps,,,USA,23.116,55,20,200538,,Q,Akemi Nishiya,R,,JPN,24.888,154,6,7-5 6-1,3,R32,,,,,,,,,,,,,,,,,,,
1990-1056,Tokyo Pan Pacific,Carpet,28,T2,,19900129,8,200554,,,Brenda Schultz Mccarthy,R,188,NED,19.089,97,13,200105,,,Rachel Mcquillan,,170,AUS,18.161,51,21,6-3 7-5,3,R32,,,,,,,,,,,,,,,,,,,
1990-1056,Tokyo Pan Pacific,Carpet,28,T2,,19900129,9,200424,,,Etsuko Inoue,R,164,JPN,25.282,73,17,200346,8,,Anne Minter,R,165,AUS,26.826,35,28,6-2 7-6,3,R32,,,,,,,,,,,,,,,,,,,
1990-1056,Tokyo Pan Pacific,Carpet,28,T2,,19900129,10,200495,,,Akiko Kijimuta,,,JPN,21.747,66,18,200428,7,,Lori Mcneil,,170,USA,26.117,34,28,6-3 3-6 6-3,3,R32,,,,,,,,,,,,,,,,,,,
1990-1056,Tokyo Pan Pacific,Carpet,28,T2,,19900129,11,200476,,,Cammy Macgregor,,168,USA,21.301,95,13,200413,,LL,Heather Ludloff,R,165,USA,28.636,163,5,6-4 6-4,3,R32,,,,,,,,,,,,,,,,,,,
1990-1056,Tokyo Pan Pacific,Carpet,28,T2,,19900129,12,200606,,LL,Nana Smith,R,163,JPN,18.807,105,11,200557,,,Katrina Adams,R,165,USA,21.484,82,14,6-2 3-6 6-3,3,R32,,,,,,,,,,,,,,,,,,,
1990-1056,Tokyo Pan Pacific,Carpet,28,T2,,19900129,13,200414,1,,Steffi Graf,R,175,GER,20.627,1,300,200522,,,Nicole Jagerman,R,179,NED,22.522,79,15,6-0 6-1,3,R16,,,,,,,,,,,,,,,,,,,
1990-1056,Tokyo Pan Pacific,Carpet,28,T2,,19900129,14,200450,5,,Larisa Savchenko,,169,URS,23.527,23,40,200959,,,Mareen Louie Harper,R,,USA,29.457,115,10,4-6 7-6 7-6,3,R16,,,,,,,,,,,,,,,,,,,
1990-1056,Tokyo Pan Pacific,Carpet,28,T2,,19900129,15,200401,3,,Manuela Maleeva Fragniere,R,173,SUI,22.957,8,84,200496,,,Terry Phelps,,,USA,23.116,55,20,6-2 6-1,3,R16,,,,,,,,,,,,,,,,,,,
1990-1056,Tokyo Pan Pacific,Carpet,28,T2,,19900129,16,200554,,,Brenda Schultz Mccarthy,R,188,NED,19.089,97,13,200424,,,Etsuko Inoue,R,164,JPN,25.282,73,17,6-1 6-2,3,R16,,,,,,,,,,,,,,,,,,,
1990-1056,Tokyo Pan Pacific,Carpet,28,T2,,19900129,17,200495,,,Akiko Kijimuta,,,JPN,21.747,66,18,200476,,,Cammy Macgregor,,168,USA,21.301,95,13,6-1 3-6 6-1,3,R16,,,,,,,,,,,,,,,,,,,
1990-1056,Tokyo Pan Pacific,Carpet,28,T2,,19900129,18,200606,,LL,Nana Smith,R,163,JPN,18.807,105,11,200659,,,Rika Hiraki,R,157,JPN,18.150,185,4,7-6 6-2,3,R16,,,,,,,,,,,,,,,,,,,
1990-1056,Tokyo Pan Pacific,Carpet,28,T2,,19900129,19,200417,6,,Gigi Fernandez,,170,USA,25.936,24,38,200622,,Q,Maya Kidowaki,,,JPN,20.704,130,7,6-3 6-3,3,R16,,,,,,,,,,,,,,,,,,,
1990-1056,Tokyo Pan Pacific,Carpet,28,T2,,19900129,20,200017,2,,Arantxa Sanchez Vicario,R,168,ESP,18.117,5,121,200535,,,Jo Anne Faull,,,AUS,19.045,69,17,6-1 6-0,3,R16,,,,,,,,,,,,,,,,,,,
1990-1056,Tokyo Pan Pacific,Carpet,28,T2,,19900129,21,200414,1,,Steffi Graf,R,175,GER,20.627,1,300,200450,5,,Larisa Savchenko,,169,URS,23.527,23,40,6-0 6-3,3,QF,,,,,,,,,,,,,,,,,,,
1990-1056,Tokyo Pan Pacific,Carpet,28,T2,,19900129,22,200401,3,,Manuela Maleeva Fragniere,R,173,SUI,22.957,8,84,200554,,,Brenda Schultz Mccarthy,R,188,NED,19.089,97,13,6-2 6-0,3,QF,,,,,,,,,,,,,,,,,,,
1990-1056,Tokyo Pan Pacific,Carpet,28,T2,,19900129,23,200495,,,Akiko Kijimuta,,,JPN,21.747,66,18,200606,,LL,Nana Smith,R,163,JPN,18.807,105,11,7-6 2-6 6-2,3,QF,,,,,,,,,,,,,,,,,,,
1990-1056,Tokyo Pan Pacific,Carpet,28,T2,,19900129,24,200017,2,,Arantxa Sanchez Vicario,R,168,ESP,18.117,5,121,200417,6,,Gigi Fernandez,,170,USA,25.936,24,38,1-6 6-1 6-2,3,QF,,,,,,,,,,,,,,,,,,,
1990-1056,Tokyo Pan Pacific,Carpet,28,T2,,19900129,25,200414,1,,Steffi Graf,R,175,GER,20.627,1,300,200401,3,,Manuela Maleeva Fragniere,R,173,SUI,22.957,8,84,6-4 6-4,3,SF,,,,,,,,,,,,,,,,,,,
1990-1056,Tokyo Pan Pacific,Carpet,28,T2,,19900129,26,200017,2,,Arantxa Sanchez Vicario,R,168,ESP,18.117,5,121,200495,,,Akiko Kijimuta,,,JPN,21.747,66,18,6-4 6-2,3,SF,,,,,,,,,,,,,,,,,,,
1990-1056,Tokyo Pan Pacific,Carpet,28,T2,,19900129,27,200414,1,,Steffi Graf,R,175,GER,20.627,1,300,200017,2,,Arantxa Sanchez Vicario,R,168,ESP,18.117,5,121,6-1 6-2,3,F,,,,,,,,,,,,,,,,,,,
1990-1049,Auckland,Hard,32,T5,,19900129,1,200462,1,,Belinda Cordwell,L,175,NZL,24.356,17,46,200467,,,Janine Tremelling,,,AUS,22.382,119,9,6-3 6-0,3,R32,,,,,,,,,,,,,,,,,,,
1990-1049,Auckland,Hard,32,T5,,19900129,2,200542,,Q,Clare Wood,R,,GBR,21.895,183,4,200631,,Q,Maria Ekstrand,,,SWE,19.987,212,3,7-6 6-2,3,R32,,,,,,,,,,,,,,,,,,,
1990-1049,Auckland,Hard,32,T5,,19900129,3,200498,,,Michelle Jaggard Lai,R,146,AUS,20.734,120,9,200623,,,Petra Thoren,,,FIN,20.477,168,5,6-2 7-5,3,R32,,,,,,,,,,,,,,,,,,,
1990-1049,Auckland,Hard,32,T5,,19900129,4,200392,,,Jo Durie,R,163,GBR,29.509,118,10,200566,4,,Donna Faber,,,USA,18.571,58,19,6-1 6-3,3,R32,,,,,,,,,,,,,,,,,,,
1990-1049,Auckland,Hard,32,T5,,19900129,5,200547,6,,Sandra Wasserman,R,173,BEL,19.891,70,17,200559,,,Kristine Kunce,R,177,AUS,19.910,166,5,6-1 6-1,3,R32,,,,,,,,,,,,,,,,,,,
1990-1049,Auckland,Hard,32,T5,,19900129,6,200441,,,Louise Field,,,AUS,22.927,110,11,200544,,,Celine Cohen,,,SUI,22.905,134,7,6-1 4-6 6-1,3,R32,,,,,,,,,,,,,,,,,,,
1990-1049,Auckland,Hard,32,T5,,19900129,7,200510,,,Julie Richardson,,173,NZL,22.837,253,2,200543,,,Jill Hetherington,R,170,CAN,25.257,123,8,6-3 6-4,3,R32,,,,,,,,,,,,,,,,,,,
1990-1049,Auckland,Hard,32,T5,,19900129,8,200601,2,,Leila Meskhi,R,164,GEO,22.068,32,35,200586,,,Federica Bonsignori,,,ITA,22.193,141,7,6-1 6-2,3,R32,,,,,,,,,,,,,,,,,,,
1990-1049,Auckland,Hard,32,T5,,19900129,9,200475,,Q,Lisa Oneill,,,AUS,21.476,194,4,200028,,,Maureen Drake,R,175,CAN,18.861,162,5,6-3 3-6 6-1,3,R32,,,,,,,,,,,,,,,,,,,
1990-1049,Auckland,Hard,32,T5,,19900129,10,200473,,,Beverly Bowes,R,,USA,24.389,92,13,200452,,,Tine Scheuer Larsen,,170,DEN,23.883,126,8,6-4 6-1,3,R32,,,,,,,,,,,,,,,,,,,
1990-1049,Auckland,Hard,32,T5,,19900129,11,200615,,Q,Kristin Godridge,,,HKG,16.975,179,5,200612,5,,Natalia Medvedeva,R,176,UKR,18.207,67,17,6-2 6-7 6-2,3,R32,,,,,,,,,,,,,,,,,,,
1990-1049,Auckland,Hard,32,T5,,19900129,12,200487,,,Eva Krapl,R,180,SUI,24.036,121,9,200602,3,,Shaun Stafford,R,180,USA,21.128,48,22,6-3 6-4,3,R32,,,,,,,,,,,,,,,,,,,
1990-1049,Auckland,Hard,32,T5,,19900129,13,200403,,,Andrea Leand,R,173,USA,26.032,151,6,200384,,,Eva Pfaff,R,175,GER,28.967,103,11,2-6 6-3 6-2,3,R32,,,,,,,,,,,,,,,,,,,
1990-1049,Auckland,Hard,32,T5,,19900129,14,200639,,,Claudine Toleafoa,,,NZL,19.918,217,3,200626,,,Emanuela Zardo,L,,SUI,19.768,140,7,7-6 6-1,3,R32,,,,,,,,,,,,,,,,,,,
1990-1049,Auckland,Hard,32,T5,,19900129,15,200037,,,Sabine Appelmans,L,168,BEL,17.772,142,7,200506,7,,Wiltrud Probst,R,170,GER,20.671,89,13,4-6 6-4 6-2,3,R32,,,,,,,,,,,,,,,,,,,
1990-1049,Auckland,Hard,32,T5,,19900129,16,200416,8,,Robin White,R,164,USA,26.139,91,13,200484,,,Ann Devries,R,,BEL,19.921,145,6,4-0 RET,3,R32,,,,,,,,,,,,,,,,,,,
1990-1049,Auckland,Hard,32,T5,,19900129,17,200462,1,,Belinda Cordwell,L,175,NZL,24.356,17,46,200475,,Q,Lisa Oneill,,,AUS,21.476,194,4,1-6 6-1 6-1,3,R16,,,,,,,,,,,,,,,,,,,
1990-1049,Auckland,Hard,32,T5,,19900129,18,200473,,,Beverly Bowes,R,,USA,24.389,92,13,200615,,Q,Kristin Godridge,,,HKG,16.975,179,5,6-4 3-6 7-6,3,R16,,,,,,,,,,,,,,,,,,,
1990-1049,Auckland,Hard,32,T5,,19900129,19,200403,,,Andrea Leand,R,173,USA,26.032,151,6,200487,,,Eva Krapl,R,180,SUI,24.036,121,9,6-3 3-6 6-0,3,R16,,,,,,,,,,,,,,,,,,,
1990-1049,Auckland,Hard,32,T5,,19900129,20,200037,,,Sabine Appelmans,L,168,BEL,17.772,142,7,200639,,,Claudine Toleafoa,,,NZL,19.918,217,3,6-3 3-6 6-2,3,R16,,,,,,,,,,,,,,,,,,,
1990-1049,Auckland,Hard,32,T5,,19900129,21,200416,8,,Robin White,R,164,USA,26.139,91,13,200542,,Q,Clare Wood,R,,GBR,21.895,183,4,6-4 6-0,3,R16,,,,,,,,,,,,,,,,,,,
1990-1049,Auckland,Hard,32,T5,,19900129,22,200392,,,Jo Durie,R,163,GBR,29.509,118,10,200498,,,Michelle Jaggard Lai,R,146,AUS,20.734,120,9,6-4 6-2,3,R16,,,,,,,,,,,,,,,,,,,
1990-1049,Auckland,Hard,32,T5,,19900129,23,200547,6,,Sandra Wasserman,R,173,BEL,19.891,70,17,200441,,,Louise Field,,,AUS,22.927,110,11,3-6 6-4 6-2,3,R16,,,,,,,,,,,,,,,,,,,
1990-1049,Auckland,Hard,32,T5,,19900129,24,200601,2,,Leila Meskhi,R,164,GEO,22.068,32,35,200510,,,Julie Richardson,,173,NZL,22.837,253,2,6-2 6-1,3,R16,,,,,,,,,,,,,,,,,,,
1990-1049,Auckland,Hard,32,T5,,19900129,25,200462,1,,Belinda Cordwell,L,175,NZL,24.356,17,46,200473,,,Beverly Bowes,R,,USA,24.389,92,13,1-6 7-6 7-5,3,QF,,,,,,,,,,,,,,,,,,,
1990-1049,Auckland,Hard,32,T5,,19900129,26,200037,,,Sabine Appelmans,L,168,BEL,17.772,142,7,200403,,,Andrea Leand,R,173,USA,26.032,151,6,6-3 6-3,3,QF,,,,,,,,,,,,,,,,,,,
1990-1049,Auckland,Hard,32,T5,,19900129,27,200416,8,,Robin White,R,164,USA,26.139,91,13,200392,,,Jo Durie,R,163,GBR,29.509,118,10,6-2 6-4,3,QF,,,,,,,,,,,,,,,,,,,
1990-1049,Auckland,Hard,32,T5,,19900129,28,200601,2,,Leila Meskhi,R,164,GEO,22.068,32,35,200547,6,,Sandra Wasserman,R,173,BEL,19.891,70,17,6-0 6-2,3,QF,,,,,,,,,,,,,,,,,,,
1990-1049,Auckland,Hard,32,T5,,19900129,29,200037,,,Sabine Appelmans,L,168,BEL,17.772,142,7,200462,1,,Belinda Cordwell,L,175,NZL,24.356,17,46,6-1 6-2,3,SF,,,,,,,,,,,,,,,,,,,
1990-1049,Auckland,Hard,32,T5,,19900129,30,200601,2,,Leila Meskhi,R,164,GEO,22.068,32,35,200416,8,,Robin White,R,164,USA,26.139,91,13,6-4 6-2,3,SF,,,,,,,,,,,,,,,,,,,
1990-1049,Auckland,Hard,32,T5,,19900129,31,200601,2,,Leila Meskhi,R,164,GEO,22.068,32,35,200037,,,Sabine Appelmans,L,168,BEL,17.772,142,7,6-1 6-0,3,F,,,,,,,,,,,,,,,,,,,
1990-304,Wellington,Hard,32,T5,,19900205,1,200510,,,Julie Richardson,,173,NZL,22.856,220,3,200462,1,,Belinda Cordwell,L,175,NZL,24.376,39,27,4-6 6-1 6-2,3,R32,,,,,,,,,,,,,,,,,,,
1990-304,Wellington,Hard,32,T5,,19900205,2,200668,,,Silke Frankl,,,GER,19.691,202,4,200623,,,Petra Thoren,,,FIN,20.496,164,5,6-2 6-4,3,R32,,,,,,,,,,,,,,,,,,,
1990-304,Wellington,Hard,32,T5,,19900205,3,200639,,,Claudine Toleafoa,,,NZL,19.937,200,4,200618,,Q,Eva Maria Schurhoff,,,GER,20.162,254,2,6-3 1-6 7-6,3,R32,,,,,,,,,,,,,,,,,,,
1990-304,Wellington,Hard,32,T5,,19900205,4,200566,3,,Donna Faber,,,USA,18.590,72,17,200475,,,Lisa Oneill,,,AUS,21.495,215,3,6-3 3-6 6-1,3,R32,,,,,,,,,,,,,,,,,,,
1990-304,Wellington,Hard,32,T5,,19900205,5,200542,,,Clare Wood,R,,GBR,21.914,159,5,200498,,,Michelle Jaggard Lai,R,146,AUS,20.753,121,9,7-5 6-2,3,R32,,,,,,,,,,,,,,,,,,,
1990-304,Wellington,Hard,32,T5,,19900205,6,200607,,,Beate Reinstadler,,168,AUT,22.716,160,5,200600,,LL,Simone Schilder,,,NED,22.834,292,1,6-2 6-3,3,R32,,,,,,,,,,,,,,,,,,,
1990-304,Wellington,Hard,32,T5,,19900205,7,200081,,,Anke Huber,R,173,GER,15.173,135,7,200520,,Q,Sarah Loosemore,,,GBR,18.645,222,3,6-4 0-6 6-2,3,R32,,,,,,,,,,,,,,,,,,,
1990-304,Wellington,Hard,32,T5,,19900205,8,200601,2,,Leila Meskhi,R,164,GEO,22.087,21,42,201629,,LL,Yael Segal,,,ISR,17.545,235,2,6-0 6-2,3,R32,,,,,,,,,,,,,,,,,,,
1990-304,Wellington,Hard,32,T5,,19900205,9,200626,,,Emanuela Zardo,L,,SUI,19.787,142,6,200489,,,Yukie Koizumi,,,JPN,32.034,218,3,7-6 6-2,3,R32,,,,,,,,,,,,,,,,,,,
1990-304,Wellington,Hard,32,T5,,19900205,10,200632,,,Andrea Strnadova,,175,CZE,17.692,204,3,200487,,,Eva Krapl,R,180,SUI,24.055,124,8,6-2 6-4,3,R32,,,,,,,,,,,,,,,,,,,
1990-304,Wellington,Hard,32,T5,,19900205,11,200506,6,,Wiltrud Probst,R,170,GER,20.690,102,11,200486,,,Csilla Cserepy,,,SUI,23.858,165,5,6-0 6-4,3,R32,,,,,,,,,,,,,,,,,,,
1990-304,Wellington,Hard,32,T5,,19900205,12,200612,4,,Natalia Medvedeva,R,176,UKR,18.226,80,16,200028,,,Maureen Drake,R,175,CAN,18.881,166,5,6-1 6-1,3,R32,,,,,,,,,,,,,,,,,,,
1990-304,Wellington,Hard,32,T5,,19900205,13,200037,,,Sabine Appelmans,L,168,BEL,17.791,88,14,200553,,,Carin Bakkum,,,NED,27.535,158,5,6-2 6-0,3,R32,,,,,,,,,,,,,,,,,,,
1990-304,Wellington,Hard,32,T5,,19900205,14,200086,,Q,Magdalena Maleeva,R,168,BUL,14.850,217,3,200578,,,Rennae Stubbs,R,178,AUS,18.867,219,3,6-2 6-2,3,R32,,,,,,,,,,,,,,,,,,,
1990-304,Wellington,Hard,32,T5,,19900205,15,200441,8,,Louise Field,,,AUS,22.946,112,11,200611,,Q,Tracey Morton Rodgers,,,AUS,22.136,263,2,2-6 6-4 6-1,3,R32,,,,,,,,,,,,,,,,,,,
1990-304,Wellington,Hard,32,T5,,19900205,16,200547,5,,Sandra Wasserman,R,173,BEL,19.910,58,20,200615,,,Kristin Godridge,,,HKG,16.994,150,6,6-4 6-1,3,R32,,,,,,,,,,,,,,,,,,,
1990-304,Wellington,Hard,32,T5,,19900205,17,200626,,,Emanuela Zardo,L,,SUI,19.787,142,6,200510,,,Julie Richardson,,173,NZL,22.856,220,3,7-6 6-3,3,R16,,,,,,,,,,,,,,,,,,,
1990-304,Wellington,Hard,32,T5,,19900205,18,200506,6,,Wiltrud Probst,R,170,GER,20.690,102,11,200632,,,Andrea Strnadova,,175,CZE,17.692,204,3,5-7 6-1 6-0,3,R16,,,,,,,,,,,,,,,,,,,
1990-304,Wellington,Hard,32,T5,,19900205,19,200037,,,Sabine Appelmans,L,168,BEL,17.791,88,14,200612,4,,Natalia Medvedeva,R,176,UKR,18.226,80,16,6-0 6-0,3,R16,,,,,,,,,,,,,,,,,,,
1990-304,Wellington,Hard,32,T5,,19900205,20,200086,,Q,Magdalena Maleeva,R,168,BUL,14.850,217,3,200441,8,,Louise Field,,,AUS,22.946,112,11,7-5 3-6 6-1,3,R16,,,,,,,,,,,,,,,,,,,
1990-304,Wellington,Hard,32,T5,,19900205,21,200547,5,,Sandra Wasserman,R,173,BEL,19.910,58,20,200668,,,Silke Frankl,,,GER,19.691,202,4,7-5 6-1,3,R16,,,,,,,,,,,,,,,,,,,
1990-304,Wellington,Hard,32,T5,,19900205,22,200639,,,Claudine Toleafoa,,,NZL,19.937,200,4,200566,3,,Donna Faber,,,USA,18.590,72,17,7-5 6-2,3,R16,,,,,,,,,,,,,,,,,,,
1990-304,Wellington,Hard,32,T5,,19900205,23,200607,,,Beate Reinstadler,,168,AUT,22.716,160,5,200542,,,Clare Wood,R,,GBR,21.914,159,5,6-4 4-6 6-4,3,R16,,,,,,,,,,,,,,,,,,,
1990-304,Wellington,Hard,32,T5,,19900205,24,200601,2,,Leila Meskhi,R,164,GEO,22.087,21,42,200081,,,Anke Huber,R,173,GER,15.173,135,7,7-5 6-2,3,R16,,,,,,,,,,,,,,,,,,,
1990-304,Wellington,Hard,32,T5,,19900205,25,200506,6,,Wiltrud Probst,R,170,GER,20.690,102,11,200626,,,Emanuela Zardo,L,,SUI,19.787,142,6,7-5 6-3,3,QF,,,,,,,,,,,,,,,,,,,
1990-304,Wellington,Hard,32,T5,,19900205,26,200037,,,Sabine Appelmans,L,168,BEL,17.791,88,14,200086,,Q,Magdalena Maleeva,R,168,BUL,14.850,217,3,6-1 7-5,3,QF,,,,,,,,,,,,,,,,,,,
1990-304,Wellington,Hard,32,T5,,19900205,27,200639,,,Claudine Toleafoa,,,NZL,19.937,200,4,200547,5,,Sandra Wasserman,R,173,BEL,19.910,58,20,6-7 6-2 6-1,3,QF,,,,,,,,,,,,,,,,,,,
1990-304,Wellington,Hard,32,T5,,19900205,28,200601,2,,Leila Meskhi,R,164,GEO,22.087,21,42,200607,,,Beate Reinstadler,,168,AUT,22.716,160,5,6-4 6-0,3,QF,,,,,,,,,,,,,,,,,,,
1990-304,Wellington,Hard,32,T5,,19900205,29,200506,6,,Wiltrud Probst,R,170,GER,20.690,102,11,200037,,,Sabine Appelmans,L,168,BEL,17.791,88,14,6-4 6-2,3,SF,,,,,,,,,,,,,,,,,,,
1990-304,Wellington,Hard,32,T5,,19900205,30,200601,2,,Leila Meskhi,R,164,GEO,22.087,21,42,200639,,,Claudine Toleafoa,,,NZL,19.937,200,4,6-4 6-4,3,SF,,,,,,,,,,,,,,,,,,,
1990-304,Wellington,Hard,32,T5,,19900205,31,200506,6,,Wiltrud Probst,R,170,GER,20.690,102,11,200601,2,,Leila Meskhi,R,164,GEO,22.087,21,42,1-6 6-4 6-0,3,F,,,,,,,,,,,,,,,,,,,
1990-402,Wichita,Hard,32,T4,,19900205,1,200097,1,,Nathalie Tauziat,R,165,FRA,22.306,25,38,200699,,,Meredith Mcgrath,,,USA,18.777,94,13,6-3 4-6 7-5,3,R32,,,,,,,,,,,,,,,,,,,
1990-402,Wichita,Hard,32,T4,,19900205,2,200494,,,Dianne Van Rensburg,R,,RSA,21.925,85,14,200387,,,Anne White,R,180,USA,28.357,,,7-6 7-5,3,R32,,,,,,,,,,,,,,,,,,,
1990-402,Wichita,Hard,32,T4,,19900205,3,200390,,,Mary Lou Piatek,R,,USA,28.502,119,10,201047,,,Andrea Vieira,,,BRA,19.001,90,14,6-1 6-2,3,R32,,,,,,,,,,,,,,,,,,,
1990-402,Wichita,Hard,32,T4,,19900205,4,200503,3,,Gretchen Magers,R,170,USA,25.996,24,39,200588,,,Renata Baranski,,,POL,24.948,129,8,6-4 6-1,3,R32,,,,,,,,,,,,,,,,,,,
1990-402,Wichita,Hard,32,T4,,19900205,5,200673,6,,Susan Sloane Lundy,R,,USA,19.171,35,28,200701,,Q,Caroline Vis,R,180,NED,19.926,283,1,6-1 6-1,3,R32,,,,,,,,,,,,,,,,,,,
1990-402,Wichita,Hard,32,T4,,19900205,6,200468,,,Hu Na,,,USA,26.810,108,11,200613,,Q,Lise Gregory,L,,RSA,26.440,238,2,6-1 6-2,3,R32,,,,,,,,,,,,,,,,,,,
1990-402,Wichita,Hard,32,T4,,19900205,7,200610,,,Stacey Martin,,,USA,19.231,91,13,200608,,Q,Audra Keller,,,USA,18.221,151,6,6-2 7-5,3,R32,,,,,,,,,,,,,,,,,,,
1990-402,Wichita,Hard,32,T4,,19900205,8,200041,2,,Amy Frazier,R,175,USA,17.380,29,36,200469,,,Nicole Bradtke,R,176,AUS,20.373,70,17,6-2 3-6 7-6,3,R32,,,,,,,,,,,,,,,,,,,
1990-402,Wichita,Hard,32,T4,,19900205,9,200705,,,Linda Ferrando,,170,ITA,24.066,41,27,200402,,,Wendy White,R,,USA,29.353,111,11,6-1 6-3,3,R32,,,,,,,,,,,,,,,,,,,
1990-402,Wichita,Hard,32,T4,,19900205,10,200444,,,Elise Burgin,L,,USA,27.924,64,18,200474,,,Louise Allen,,,USA,28.080,126,8,3-6 7-6 7-6,3,R32,,,,,,,,,,,,,,,,,,,
1990-402,Wichita,Hard,32,T4,,19900205,11,200485,7,,Manon Bollegraf,R,173,NED,25.824,38,27,200514,,,Monique Javer,R,,GBR,22.544,99,12,6-2 6-0,3,R32,,,,,,,,,,,,,,,,,,,
1990-402,Wichita,Hard,32,T4,,19900205,12,200650,4,,Isabel Cueto,R,,GER,21.175,28,36,200560,,,Rene Simpson,L,165,CAN,24.061,114,10,4-6 6-3 7-6,3,R32,,,,,,,,,,,,,,,,,,,
1990-402,Wichita,Hard,32,T4,,19900205,13,200959,,,Mareen Louie Harper,R,,USA,29.476,116,10,200589,,,Halle Cioffi,,,USA,20.504,48,23,6-1 6-3,3,R32,,,,,,,,,,,,,,,,,,,
1990-402,Wichita,Hard,32,T4,,19900205,14,200464,,,Ann Henricksson,,,USA,30.268,55,20,200595,,,Ann Grossman,,,USA,19.316,61,19,6-0 6-3,3,R32,,,,,,,,,,,,,,,,,,,
1990-402,Wichita,Hard,32,T4,,19900205,15,200346,5,,Anne Minter,R,165,AUS,26.845,43,26,200567,,Q,Jennifer Santrock,L,,USA,20.942,181,4,7-6 6-1,3,R32,,,,,,,,,,,,,,,,,,,
1990-402,Wichita,Hard,32,T4,,19900205,16,200501,,,Marianne Werdel Witmeyer,,,USA,22.306,109,11,200378,8,,Anne Smith,R,165,USA,30.602,37,27,6-7 7-6 7-5,3,R32,,,,,,,,,,,,,,,,,,,
1990-402,Wichita,Hard,32,T4,,19900205,17,200097,1,,Nathalie Tauziat,R,165,FRA,22.306,25,38,200705,,,Linda Ferrando,,170,ITA,24.066,41,27,1-6 6-3 6-4,3,R16,,,,,,,,,,,,,,,,,,,
1990-402,Wichita,Hard,32,T4,,19900205,18,200485,7,,Manon Bollegraf,R,173,NED,25.824,38,27,200444,,,Elise Burgin,L,,USA,27.924,64,18,6-4 6-4,3,R16,,,,,,,,,,,,,,,,,,,
1990-402,Wichita,Hard,32,T4,,19900205,19,200959,,,Mareen Louie Harper,R,,USA,29.476,116,10,200650,4,,Isabel Cueto,R,,GER,21.175,28,36,6-4 7-6,3,R16,,,,,,,,,,,,,,,,,,,
1990-402,Wichita,Hard,32,T4,,19900205,20,200346,5,,Anne Minter,R,165,AUS,26.845,43,26,200464,,,Ann Henricksson,,,USA,30.268,55,20,6-3 7-5,3,R16,,,,,,,,,,,,,,,,,,,
1990-402,Wichita,Hard,32,T4,,19900205,21,200494,,,Dianne Van Rensburg,R,,RSA,21.925,85,14,200501,,,Marianne Werdel Witmeyer,,,USA,22.306,109,11,3-6 6-3 6-4,3,R16,,,,,,,,,,,,,,,,,,,
1990-402,Wichita,Hard,32,T4,,19900205,22,200390,,,Mary Lou Piatek,R,,USA,28.502,119,10,200503,3,,Gretchen Magers,R,170,USA,25.996,24,39,6-2 6-2,3,R16,,,,,,,,,,,,,,,,,,,
1990-402,Wichita,Hard,32,T4,,19900205,23,200673,6,,Susan Sloane Lundy,R,,USA,19.171,35,28,200468,,,Hu Na,,,USA,26.810,108,11,6-4 6-0,3,R16,,,,,,,,,,,,,,,,,,,
1990-402,Wichita,Hard,32,T4,,19900205,24,200041,2,,Amy Frazier,R,175,USA,17.380,29,36,200610,,,Stacey Martin,,,USA,19.231,91,13,6-4 6-2,3,R16,,,,,,,,,,,,,,,,,,,
1990-402,Wichita,Hard,32,T4,,19900205,25,200097,1,,Nathalie Tauziat,R,165,FRA,22.306,25,38,200485,7,,Manon Bollegraf,R,173,NED,25.824,38,27,6-1 6-2,3,QF,,,,,,,,,,,,,,,,,,,
1990-402,Wichita,Hard,32,T4,,19900205,26,200959,,,Mareen Louie Harper,R,,USA,29.476,116,10,200346,5,,Anne Minter,R,165,AUS,26.845,43,26,6-3 6-3,3,QF,,,,,,,,,,,,,,,,,,,
1990-402,Wichita,Hard,32,T4,,19900205,27,200494,,,Dianne Van Rensburg,R,,RSA,21.925,85,14,200390,,,Mary Lou Piatek,R,,USA,28.502,119,10,6-1 4-6 6-2,3,QF,,,,,,,,,,,,,,,,,,,
1990-402,Wichita,Hard,32,T4,,19900205,28,200673,6,,Susan Sloane Lundy,R,,USA,19.171,35,28,200041,2,,Amy Frazier,R,175,USA,17.380,29,36,7-5 3-6 6-3,3,QF,,,,,,,,,,,,,,,,,,,
1990-402,Wichita,Hard,32,T4,,19900205,29,200097,1,,Nathalie Tauziat,R,165,FRA,22.306,25,38,200959,,,Mareen Louie Harper,R,,USA,29.476,116,10,6-3 6-2,3,SF,,,,,,,,,,,,,,,,,,,
1990-402,Wichita,Hard,32,T4,,19900205,30,200494,,,Dianne Van Rensburg,R,,RSA,21.925,85,14,200673,6,,Susan Sloane Lundy,R,,USA,19.171,35,28,6-2 7-6,3,SF,,,,,,,,,,,,,,,,,,,
1990-402,Wichita,Hard,32,T4,,19900205,31,200494,,,Dianne Van Rensburg,R,,RSA,21.925,85,14,200097,1,,Nathalie Tauziat,R,165,FRA,22.306,25,38,2-6 7-5 6-2,3,F,,,,,,,,,,,,,,,,,,,
1990-717,Chicago,Carpet,32,T1,,19900212,1,200293,1,,Martina Navratilova,L,173,USA,33.320,2,211,200442,,,Andrea Temesvari,R,182,HUN,23.801,40,27,6-1 6-3,3,R32,,,,,,,,,,,,,,,,,,,
1990-717,Chicago,Carpet,32,T1,,19900212,2,200548,,,Patty Fendick,R,165,USA,24.871,36,28,200378,,,Anne Smith,R,165,USA,30.621,37,27,6-3 1-6 6-4,3,R32,,,,,,,,,,,,,,,,,,,
1990-717,Chicago,Carpet,32,T1,,19900212,3,200354,,,Claudia Kohde Kilsch,R,187,GER,26.174,69,17,200346,,,Anne Minter,R,165,AUS,26.864,43,26,3-6 6-3 6-1,3,R32,,,,,,,,,,,,,,,,,,,
1990-717,Chicago,Carpet,32,T1,,19900212,4,200357,,,Rosalyn Fairbank,R,173,USA,29.279,27,37,200652,4,,Monica Seles,L,178,USA,16.197,6,117,6-3 6-4,3,R32,,,,,,,,,,,,,,,,,,,
1990-717,Chicago,Carpet,32,T1,,19900212,5,200630,7,,Laura Arraya,R,173,PER,26.087,18,44,200503,,,Gretchen Magers,R,170,USA,26.016,24,39,6-1 6-7 6-4,3,R32,,,,,,,,,,,,,,,,,,,
1990-717,Chicago,Carpet,32,T1,,19900212,6,200097,,,Nathalie Tauziat,R,165,FRA,22.325,25,38,200650,,,Isabel Cueto,R,,GER,21.194,28,36,6-4 6-1,3,R32,,,,,,,,,,,,,,,,,,,
1990-717,Chicago,Carpet,32,T1,,19900212,7,200428,,,Lori Mcneil,,170,USA,26.155,60,19,200496,,,Terry Phelps,,,USA,23.154,53,21,7-5 7-6,3,R32,,,,,,,,,,,,,,,,,,,
1990-717,Chicago,Carpet,32,T1,,19900212,8,200404,2,,Zina Garrison,R,164,USA,26.243,4,130,200096,,,Mary Pierce,R,178,FRA,15.078,198,4,6-4 6-4,3,R32,,,,,,,,,,,,,,,,,,,
1990-717,Chicago,Carpet,32,T1,,19900212,9,200387,,,Anne White,R,180,USA,28.376,,,200608,,Q,Audra Keller,,,USA,18.240,151,6,7-6 7-6,3,R32,,,,,,,,,,,,,,,,,,,
1990-717,Chicago,Carpet,32,T1,,19900212,10,200624,,Q,Tami Whitlinger Jones,,,USA,21.249,110,11,200468,,Q,Hu Na,,,USA,26.829,108,11,3-6 6-3 6-1,3,R32,,,,,,,,,,,,,,,,,,,
1990-717,Chicago,Carpet,32,T1,,19900212,11,200419,,,Kathy Rinaldi Stunkel,,,USA,22.892,49,22,200116,6,,Natalia Zvereva,R,174,BLR,18.829,13,56,7-5 3-6 6-1,3,R32,,,,,,,,,,,,,,,,,,,
1990-717,Chicago,Carpet,32,T1,,19900212,12,200095,,Q,Linda Wild,R,,USA,19.004,154,6,200017,3,,Arantxa Sanchez Vicario,R,168,ESP,18.155,5,123,6-3 7-6,3,R32,,,,,,,,,,,,,,,,,,,
1990-717,Chicago,Carpet,32,T1,,19900212,13,200469,,,Nicole Bradtke,R,176,AUS,20.392,70,17,200595,,,Ann Grossman,,,USA,19.335,61,19,1-6 6-1 7-6,3,R32,,,,,,,,,,,,,,,,,,,
1990-717,Chicago,Carpet,32,T1,,19900212,14,200673,,,Susan Sloane Lundy,R,,USA,19.190,35,28,200705,,,Linda Ferrando,,170,ITA,24.085,41,27,7-5 7-6,3,R32,,,,,,,,,,,,,,,,,,,
1990-717,Chicago,Carpet,32,T1,,19900212,15,200360,8,,Pam Shriver,R,183,USA,27.612,20,42,200464,,,Ann Henricksson,,,USA,30.287,55,20,6-2 6-2,3,R32,,,,,,,,,,,,,,,,,,,
1990-717,Chicago,Carpet,32,T1,,19900212,16,200401,5,,Manuela Maleeva Fragniere,R,173,SUI,22.996,8,84,200474,,LL,Louise Allen,,,USA,28.099,126,8,6-3 6-3,3,R32,,,,,,,,,,,,,,,,,,,
1990-717,Chicago,Carpet,32,T1,,19900212,17,200293,1,,Martina Navratilova,L,173,USA,33.320,2,211,200387,,,Anne White,R,180,USA,28.376,,,6-0 6-0,3,R16,,,,,,,,,,,,,,,,,,,
1990-717,Chicago,Carpet,32,T1,,19900212,18,200624,,Q,Tami Whitlinger Jones,,,USA,21.249,110,11,200419,,,Kathy Rinaldi Stunkel,,,USA,22.892,49,22,0-6 6-4 6-3,3,R16,,,,,,,,,,,,,,,,,,,
1990-717,Chicago,Carpet,32,T1,,19900212,19,200095,,Q,Linda Wild,R,,USA,19.004,154,6,200469,,,Nicole Bradtke,R,176,AUS,20.392,70,17,6-4 6-4,3,R16,,,,,,,,,,,,,,,,,,,
1990-717,Chicago,Carpet,32,T1,,19900212,20,200360,8,,Pam Shriver,R,183,USA,27.612,20,42,200673,,,Susan Sloane Lundy,R,,USA,19.190,35,28,6-3 6-4,3,R16,,,,,,,,,,,,,,,,,,,
1990-717,Chicago,Carpet,32,T1,,19900212,21,200401,5,,Manuela Maleeva Fragniere,R,173,SUI,22.996,8,84,200548,,,Patty Fendick,R,165,USA,24.871,36,28,6-4 7-5,3,R16,,,,,,,,,,,,,,,,,,,
1990-717,Chicago,Carpet,32,T1,,19900212,22,200357,,,Rosalyn Fairbank,R,173,USA,29.279,27,37,200354,,,Claudia Kohde Kilsch,R,187,GER,26.174,69,17,6-3 3-6 6-3,3,R16,,,,,,,,,,,,,,,,,,,
1990-717,Chicago,Carpet,32,T1,,19900212,23,200097,,,Nathalie Tauziat,R,165,FRA,22.325,25,38,200630,7,,Laura Arraya,R,173,PER,26.087,18,44,6-1 6-7 7-5,3,R16,,,,,,,,,,,,,,,,,,,
1990-717,Chicago,Carpet,32,T1,,19900212,24,200404,2,,Zina Garrison,R,164,USA,26.243,4,130,200428,,,Lori Mcneil,,170,USA,26.155,60,19,6-3 6-2,3,R16,,,,,,,,,,,,,,,,,,,
1990-717,Chicago,Carpet,32,T1,,19900212,25,200293,1,,Martina Navratilova,L,173,USA,33.320,2,211,200624,,Q,Tami Whitlinger Jones,,,USA,21.249,110,11,6-0 6-1,3,QF,,,,,,,,,,,,,,,,,,,
1990-717,Chicago,Carpet,32,T1,,19900212,26,200360,8,,Pam Shriver,R,183,USA,27.612,20,42,200095,,Q,Linda Wild,R,,USA,19.004,154,6,6-1 6-2,3,QF,,,,,,,,,,,,,,,,,,,
1990-717,Chicago,Carpet,32,T1,,19900212,27,200401,5,,Manuela Maleeva Fragniere,R,173,SUI,22.996,8,84,200357,,,Rosalyn Fairbank,R,173,USA,29.279,27,37,6-1 6-0,3,QF,,,,,,,,,,,,,,,,,,,
1990-717,Chicago,Carpet,32,T1,,19900212,28,200404,2,,Zina Garrison,R,164,USA,26.243,4,130,200097,,,Nathalie Tauziat,R,165,FRA,22.325,25,38,6-3 7-5,3,QF,,,,,,,,,,,,,,,,,,,
1990-717,Chicago,Carpet,32,T1,,19900212,29,200293,1,,Martina Navratilova,L,173,USA,33.320,2,211,200360,8,,Pam Shriver,R,183,USA,27.612,20,42,6-4 6-3,3,SF,,,,,,,,,,,,,,,,,,,
1990-717,Chicago,Carpet,32,T1,,19900212,30,200401,5,,Manuela Maleeva Fragniere,R,173,SUI,22.996,8,84,200404,2,,Zina Garrison,R,164,USA,26.243,4,130,6-2 6-0,3,SF,,,,,,,,,,,,,,,,,,,
1990-717,Chicago,Carpet,32,T1,,19900212,31,200293,1,,Martina Navratilova,L,173,USA,33.320,2,211,200401,5,,Manuela Maleeva Fragniere,R,173,SUI,22.996,8,84,6-3 6-2,3,F,,,,,,,,,,,,,,,,,,,
1990-401,Oklahoma City,Hard,32,T4,,19900219,1,200401,1,,Manuela Maleeva Fragniere,R,173,SUI,23.015,7,93,200661,,Q,Samantha Smith,R,,GBR,18.232,223,2,6-2 6-1,3,R32,,,,,,,,,,,,,,,,,,,
1990-401,Oklahoma City,Hard,32,T4,,19900219,2,200599,,,Carrie Cunningham,,,USA,17.813,97,12,200500,,Q,Pilar Vasquez,,,PER,26.769,201,3,6-2 6-4,3,R32,,,,,,,,,,,,,,,,,,,
1990-401,Oklahoma City,Hard,32,T4,,19900219,3,200567,,Q,Jennifer Santrock,L,,USA,20.981,181,4,200560,,,Rene Simpson,L,165,CAN,24.099,117,10,3-6 6-0 6-1,3,R32,,,,,,,,,,,,,,,,,,,
1990-401,Oklahoma City,Hard,32,T4,,19900219,4,200453,4,,Catarina Lindqvist Ryan,R,165,SWE,26.689,29,34,200407,,,Camille Benjamin,L,175,USA,23.718,102,11,6-2 6-2,3,R32,,,,,,,,,,,,,,,,,,,
1990-401,Oklahoma City,Hard,32,T4,,19900219,5,200013,,,Angelica Gavaldon,R,,MEX,16.381,97,12,200333,7,,Betsy Nagelsen,R,175,USA,33.326,39,25,6-3 7-6,3,R32,,,,,,,,,,,,,,,,,,,
1990-401,Oklahoma City,Hard,32,T4,,19900219,6,200959,,,Mareen Louie Harper,R,,USA,29.515,83,15,202111,,,Mary Norwood,,,USA,23.787,393,0,6-0 6-2,3,R32,,,,,,,,,,,,,,,,,,,
1990-401,Oklahoma City,Hard,32,T4,,19900219,7,200554,,,Brenda Schultz Mccarthy,R,188,NED,19.146,95,13,200474,,,Louise Allen,,,USA,28.118,129,7,6-1 6-4,3,R32,,,,,,,,,,,,,,,,,,,
1990-401,Oklahoma City,Hard,32,T4,,19900219,8,200422,2,,Raffaella Reggi Concato,,170,ITA,24.230,18,45,200582,,,Maria Strandlund Tomsvik,,,SWE,20.510,106,11,6-3 6-3,3,R32,,,,,,,,,,,,,,,,,,,
1990-401,Oklahoma City,Hard,32,T4,,19900219,9,200389,,,Kathy Jordan,R,173,USA,30.216,,,200468,,,Hu Na,,,USA,26.848,107,11,7-6 6-7 6-3,3,R32,,,,,,,,,,,,,,,,,,,
1990-401,Oklahoma City,Hard,32,T4,,19900219,10,200416,,,Robin White,R,164,USA,26.196,92,13,200624,,,Tami Whitlinger Jones,,,USA,21.268,87,14,7-6 7-6,3,R32,,,,,,,,,,,,,,,,,,,
1990-401,Oklahoma City,Hard,32,T4,,19900219,11,200424,8,,Etsuko Inoue,R,164,JPN,25.339,60,19,200514,,,Monique Javer,R,,GBR,22.582,99,12,6-2 6-3,3,R32,,,,,,,,,,,,,,,,,,,
1990-401,Oklahoma City,Hard,32,T4,,19900219,12,200041,3,,Amy Frazier,R,175,USA,17.419,27,36,200497,,Q,Patricia Hy Boulais,R,163,CAN,24.496,224,2,6-3 1-6 7-6,3,R32,,,,,,,,,,,,,,,,,,,
1990-401,Oklahoma City,Hard,32,T4,,19900219,13,200606,,,Nana Smith,R,163,JPN,18.864,94,13,200476,,,Cammy Macgregor,,168,USA,21.358,108,11,6-2 7-5,3,R32,,,,,,,,,,,,,,,,,,,
1990-401,Oklahoma City,Hard,32,T4,,19900219,14,200390,,,Mary Lou Piatek,R,,USA,28.540,110,11,200402,,,Wendy White,R,,USA,29.391,113,11,6-3 6-4,3,R32,,,,,,,,,,,,,,,,,,,
1990-401,Oklahoma City,Hard,32,T4,,19900219,15,200346,6,,Anne Minter,R,165,AUS,26.884,40,25,200501,,,Marianne Werdel Witmeyer,,,USA,22.344,104,11,7-6 4-6 6-3,3,R32,,,,,,,,,,,,,,,,,,,
1990-401,Oklahoma City,Hard,32,T4,,19900219,16,200485,5,,Manon Bollegraf,R,173,NED,25.862,36,28,200064,,,Amanda Coetzer,R,158,RSA,18.330,64,18,6-1 6-3,3,R32,,,,,,,,,,,,,,,,,,,
1990-401,Oklahoma City,Hard,32,T4,,19900219,17,200401,1,,Manuela Maleeva Fragniere,R,173,SUI,23.015,7,93,200389,,,Kathy Jordan,R,173,USA,30.216,,,6-1 6-2,3,R16,,,,,,,,,,,,,,,,,,,
1990-401,Oklahoma City,Hard,32,T4,,19900219,18,200424,8,,Etsuko Inoue,R,164,JPN,25.339,60,19,200416,,,Robin White,R,164,USA,26.196,92,13,7-6 6-1,3,R16,,,,,,,,,,,,,,,,,,,
1990-401,Oklahoma City,Hard,32,T4,,19900219,19,200041,3,,Amy Frazier,R,175,USA,17.419,27,36,200606,,,Nana Smith,R,163,JPN,18.864,94,13,6-2 6-0,3,R16,,,,,,,,,,,,,,,,,,,
1990-401,Oklahoma City,Hard,32,T4,,19900219,20,200346,6,,Anne Minter,R,165,AUS,26.884,40,25,200390,,,Mary Lou Piatek,R,,USA,28.540,110,11,6-1 3-6 6-0,3,R16,,,,,,,,,,,,,,,,,,,
1990-401,Oklahoma City,Hard,32,T4,,19900219,21,200485,5,,Manon Bollegraf,R,173,NED,25.862,36,28,200599,,,Carrie Cunningham,,,USA,17.813,97,12,6-4 6-2,3,R16,,,,,,,,,,,,,,,,,,,
1990-401,Oklahoma City,Hard,32,T4,,19900219,22,200567,,Q,Jennifer Santrock,L,,USA,20.981,181,4,200453,4,,Catarina Lindqvist Ryan,R,165,SWE,26.689,29,34,1-6 6-1 6-4,3,R16,,,,,,,,,,,,,,,,,,,
1990-401,Oklahoma City,Hard,32,T4,,19900219,23,200013,,,Angelica Gavaldon,R,,MEX,16.381,97,12,200959,,,Mareen Louie Harper,R,,USA,29.515,83,15,6-1 6-4,3,R16,,,,,,,,,,,,,,,,,,,
1990-401,Oklahoma City,Hard,32,T4,,19900219,24,200554,,,Brenda Schultz Mccarthy,R,188,NED,19.146,95,13,200422,2,,Raffaella Reggi Concato,,170,ITA,24.230,18,45,7-5 6-2,3,R16,,,,,,,,,,,,,,,,,,,
1990-401,Oklahoma City,Hard,32,T4,,19900219,25,200401,1,,Manuela Maleeva Fragniere,R,173,SUI,23.015,7,93,200424,8,,Etsuko Inoue,R,164,JPN,25.339,60,19,6-2 6-0,3,QF,,,,,,,,,,,,,,,,,,,
1990-401,Oklahoma City,Hard,32,T4,,19900219,26,200041,3,,Amy Frazier,R,175,USA,17.419,27,36,200346,6,,Anne Minter,R,165,AUS,26.884,40,25,6-2 7-6,3,QF,,,,,,,,,,,,,,,,,,,
1990-401,Oklahoma City,Hard,32,T4,,19900219,27,200485,5,,Manon Bollegraf,R,173,NED,25.862,36,28,200567,,Q,Jennifer Santrock,L,,USA,20.981,181,4,6-4 6-2,3,QF,,,,,,,,,,,,,,,,,,,
1990-401,Oklahoma City,Hard,32,T4,,19900219,28,200013,,,Angelica Gavaldon,R,,MEX,16.381,97,12,200554,,,Brenda Schultz Mccarthy,R,188,NED,19.146,95,13,3-6 6-4 7-5,3,QF,,,,,,,,,,,,,,,,,,,
1990-401,Oklahoma City,Hard,32,T4,,19900219,29,200041,3,,Amy Frazier,R,175,USA,17.419,27,36,200401,1,,Manuela Maleeva Fragniere,R,173,SUI,23.015,7,93,1-6 6-3 6-3,3,SF,,,,,,,,,,,,,,,,,,,
1990-401,Oklahoma City,Hard,32,T4,,19900219,30,200485,5,,Manon Bollegraf,R,173,NED,25.862,36,28,200013,,,Angelica Gavaldon,R,,MEX,16.381,97,12,6-4 7-5,3,SF,,,,,,,,,,,,,,,,,,,
1990-401,Oklahoma City,Hard,32,T4,,19900219,31,200041,3,,Amy Frazier,R,175,USA,17.419,27,36,200485,5,,Manon Bollegraf,R,173,NED,25.862,36,28,6-4 6-2,3,F,,,,,,,,,,,,,,,,,,,
1990-704,Washington,Carpet,28,T2,,19900219,1,200595,,,Ann Grossman,,,USA,19.354,68,17,200357,,,Rosalyn Fairbank,R,173,USA,29.298,23,39,3-6 6-2 7-6,3,R32,,,,,,,,,,,,,,,,,,,
1990-704,Washington,Carpet,28,T2,,19900219,2,200097,8,,Nathalie Tauziat,R,165,FRA,22.344,17,45,200419,,,Kathy Rinaldi Stunkel,,,USA,22.911,47,23,7-5 6-3,3,R32,,,,,,,,,,,,,,,,,,,
1990-704,Washington,Carpet,28,T2,,19900219,3,200705,,,Linda Ferrando,,170,ITA,24.105,44,25,201269,,,Eleni Rossides,,,USA,22.328,275,1,6-0 6-3,3,R32,,,,,,,,,,,,,,,,,,,
1990-704,Washington,Carpet,28,T2,,19900219,4,200362,,,Liz Smylie,R,170,AUS,26.862,69,17,200428,,,Lori Mcneil,,170,USA,26.174,57,20,6-2 4-6 7-6,3,R32,,,,,,,,,,,,,,,,,,,
1990-704,Washington,Carpet,28,T2,,19900219,5,200354,,,Claudia Kohde Kilsch,R,187,GER,26.194,66,18,200494,,,Dianne Van Rensburg,R,,RSA,21.963,54,20,6-1 4-6 6-3,3,R32,,,,,,,,,,,,,,,,,,,
1990-704,Washington,Carpet,28,T2,,19900219,6,200378,,,Anne Smith,R,165,USA,30.640,37,28,200472,5,,Helen Kelesi,R,,CAN,20.263,14,48,6-1 6-2,3,R32,,,,,,,,,,,,,,,,,,,
1990-704,Washington,Carpet,28,T2,,19900219,7,200610,,,Stacey Martin,,,USA,19.269,88,14,200557,,,Katrina Adams,R,165,USA,21.542,91,14,7-6 4-6 7-5,3,R32,,,,,,,,,,,,,,,,,,,
1990-704,Washington,Carpet,28,T2,,19900219,8,200548,,,Patty Fendick,R,165,USA,24.890,35,28,200464,,,Ann Henricksson,,,USA,30.306,61,19,6-2 6-1,3,R32,,,,,,,,,,,,,,,,,,,
1990-704,Washington,Carpet,28,T2,,19900219,9,200360,7,,Pam Shriver,R,183,USA,27.631,16,46,200444,,,Elise Burgin,L,,USA,27.962,62,18,6-0 6-2,3,R32,,,,,,,,,,,,,,,,,,,
1990-704,Washington,Carpet,28,T2,,19900219,10,200630,6,,Laura Arraya,R,173,PER,26.106,21,43,200366,,,Sylvia Hanika,L,173,GER,30.224,34,30,4-6 6-4 6-2,3,R32,,,,,,,,,,,,,,,,,,,
1990-704,Washington,Carpet,28,T2,,19900219,11,200469,,,Nicole Bradtke,R,176,AUS,20.411,72,17,200442,,,Andrea Temesvari,R,182,HUN,23.820,42,25,6-3 7-6,3,R32,,,,,,,,,,,,,,,,,,,
1990-704,Washington,Carpet,28,T2,,19900219,12,200589,,,Halle Cioffi,,,USA,20.543,52,21,200598,,,Jeri Ingram,,,USA,19.220,289,1,6-3 6-3,3,R32,,,,,,,,,,,,,,,,,,,
1990-704,Washington,Carpet,28,T2,,19900219,13,200293,1,,Martina Navratilova,L,173,USA,33.339,2,214,200595,,,Ann Grossman,,,USA,19.354,68,17,6-0 6-0,3,R16,,,,,,,,,,,,,,,,,,,
1990-704,Washington,Carpet,28,T2,,19900219,14,200378,,,Anne Smith,R,165,USA,30.640,37,28,200354,,,Claudia Kohde Kilsch,R,187,GER,26.194,66,18,6-3 6-3,3,R16,,,,,,,,,,,,,,,,,,,
1990-704,Washington,Carpet,28,T2,,19900219,15,200652,3,,Monica Seles,L,178,USA,16.217,6,105,200610,,,Stacey Martin,,,USA,19.269,88,14,W/O,3,R16,,,,,,,,,,,,,,,,,,,
1990-704,Washington,Carpet,28,T2,,19900219,16,200360,7,,Pam Shriver,R,183,USA,27.631,16,46,200548,,,Patty Fendick,R,165,USA,24.890,35,28,6-3 3-6 6-4,3,R16,,,,,,,,,,,,,,,,,,,
1990-704,Washington,Carpet,28,T2,,19900219,17,200469,,,Nicole Bradtke,R,176,AUS,20.411,72,17,200630,6,,Laura Arraya,R,173,PER,26.106,21,43,6-3 6-3,3,R16,,,,,,,,,,,,,,,,,,,
1990-704,Washington,Carpet,28,T2,,19900219,18,200116,4,,Natalia Zvereva,R,174,BLR,18.848,13,51,200589,,,Halle Cioffi,,,USA,20.543,52,21,4-6 6-2 6-3,3,R16,,,,,,,,,,,,,,,,,,,
1990-704,Washington,Carpet,28,T2,,19900219,19,200097,8,,Nathalie Tauziat,R,165,FRA,22.344,17,45,200705,,,Linda Ferrando,,170,ITA,24.105,44,25,6-2 6-4,3,R16,,,,,,,,,,,,,,,,,,,
1990-704,Washington,Carpet,28,T2,,19900219,20,200404,2,,Zina Garrison,R,164,USA,26.262,4,127,200362,,,Liz Smylie,R,170,AUS,26.862,69,17,6-0 6-1,3,R16,,,,,,,,,,,,,,,,,,,
1990-704,Washington,Carpet,28,T2,,19900219,21,200293,1,,Martina Navratilova,L,173,USA,33.339,2,214,200378,,,Anne Smith,R,165,USA,30.640,37,28,6-4 6-2,3,QF,,,,,,,,,,,,,,,,,,,
1990-704,Washington,Carpet,28,T2,,19900219,22,200652,3,,Monica Seles,L,178,USA,16.217,6,105,200360,7,,Pam Shriver,R,183,USA,27.631,16,46,6-2 7-6,3,QF,,,,,,,,,,,,,,,,,,,
1990-704,Washington,Carpet,28,T2,,19900219,23,200116,4,,Natalia Zvereva,R,174,BLR,18.848,13,51,200469,,,Nicole Bradtke,R,176,AUS,20.411,72,17,5-7 6-3 6-4,3,QF,,,,,,,,,,,,,,,,,,,
1990-704,Washington,Carpet,28,T2,,19900219,24,200404,2,,Zina Garrison,R,164,USA,26.262,4,127,200097,8,,Nathalie Tauziat,R,165,FRA,22.344,17,45,6-0 7-6,3,QF,,,,,,,,,,,,,,,,,,,
1990-704,Washington,Carpet,28,T2,,19900219,25,200293,1,,Martina Navratilova,L,173,USA,33.339,2,214,200652,3,,Monica Seles,L,178,USA,16.217,6,105,6-3 6-0,3,SF,,,,,,,,,,,,,,,,,,,
1990-704,Washington,Carpet,28,T2,,19900219,26,200404,2,,Zina Garrison,R,164,USA,26.262,4,127,200116,4,,Natalia Zvereva,R,174,BLR,18.848,13,51,6-2 3-6 6-3,3,SF,,,,,,,,,,,,,,,,,,,
1990-704,Washington,Carpet,28,T2,,19900219,27,200293,1,,Martina Navratilova,L,173,USA,33.339,2,214,200404,2,,Zina Garrison,R,164,USA,26.262,4,127,6-1 6-0,3,F,,,,,,,,,,,,,,,,,,,
1990-609,Indian Wells,Hard,56,T2,,19900226,1,200469,,,Nicole Bradtke,R,176,AUS,20.430,72,17,200384,,,Eva Pfaff,R,175,GER,29.044,118,9,1-6 6-3 6-3,3,R64,,,,,,,,,,,,,,,,,,,
1990-609,Indian Wells,Hard,56,T2,,19900226,2,200417,9,,Gigi Fernandez,,170,USA,26.013,24,39,200625,,,Jana Pospisilova,,,CZE,19.932,73,17,6-1 6-3,3,R64,,,,,,,,,,,,,,,,,,,
1990-609,Indian Wells,Hard,56,T2,,19900226,3,201269,,Q,Eleni Rossides,,,USA,22.347,275,1,200959,,,Mareen Louie Harper,R,,USA,29.534,83,15,1-6 7-5 6-1,3,R64,,,,,,,,,,,,,,,,,,,
1990-609,Indian Wells,Hard,56,T2,,19900226,4,200419,,,Kathy Rinaldi Stunkel,,,USA,22.930,47,23,200448,,,Sandy Collins,,178,USA,31.374,189,4,6-3 6-0,3,R64,,,,,,,,,,,,,,,,,,,
1990-609,Indian Wells,Hard,56,T2,,19900226,5,201035,,LL,Kate Gompert,,,USA,27.127,184,4,201038,,,Karen Schimper,,,RSA,22.757,146,6,6-2 6-3,3,R64,,,,,,,,,,,,,,,,,,,
1990-609,Indian Wells,Hard,56,T2,,19900226,6,200608,,,Audra Keller,,,USA,18.278,149,6,200584,,,Laura Golarsa,R,165,ITA,22.251,55,20,7-6 6-4,3,R64,,,,,,,,,,,,,,,,,,,
1990-609,Indian Wells,Hard,56,T2,,19900226,7,200621,,,Isabelle Demongeot,R,,FRA,23.442,38,26,200389,,,Kathy Jordan,R,173,USA,30.235,,,6-3 2-6 6-0,3,R64,,,,,,,,,,,,,,,,,,,
1990-609,Indian Wells,Hard,56,T2,,19900226,8,200503,10,,Gretchen Magers,R,170,USA,26.054,26,37,200500,,,Pilar Vasquez,,,PER,26.788,201,3,6-3 7-6,3,R64,,,,,,,,,,,,,,,,,,,
1990-609,Indian Wells,Hard,56,T2,,19900226,9,200013,,,Angelica Gavaldon,R,,MEX,16.400,97,12,200602,,,Shaun Stafford,R,180,USA,21.205,56,20,6-0 6-3,3,R64,,,,,,,,,,,,,,,,,,,
1990-609,Indian Wells,Hard,56,T2,,19900226,10,200514,,,Monique Javer,R,,GBR,22.601,99,12,200403,,,Andrea Leand,R,173,USA,26.109,144,6,6-2 6-4,3,R64,,,,,,,,,,,,,,,,,,,
1990-609,Indian Wells,Hard,56,T2,,19900226,11,200606,,,Nana Smith,R,163,JPN,18.883,94,13,202037,,LL,Linley Tanner,,,USA,27.825,458,0,7-6 6-1,3,R64,,,,,,,,,,,,,,,,,,,
1990-609,Indian Wells,Hard,56,T2,,19900226,12,200496,,,Terry Phelps,,,USA,23.193,53,21,200346,,,Anne Minter,R,165,AUS,26.903,40,25,6-4 7-6,3,R64,,,,,,,,,,,,,,,,,,,
1990-609,Indian Wells,Hard,56,T2,,19900226,13,200416,,,Robin White,R,164,USA,26.215,92,13,200495,,,Akiko Kijimuta,,,JPN,21.824,51,21,6-2 6-1,3,R64,,,,,,,,,,,,,,,,,,,
1990-609,Indian Wells,Hard,56,T2,,19900226,14,200480,14,,Claudia Porwik,,,GER,21.284,33,30,201877,,Q,Karen Shin,,,USA,21.646,200,3,6-1 3-6 7-6,3,R64,,,,,,,,,,,,,,,,,,,
1990-609,Indian Wells,Hard,56,T2,,19900226,15,200041,11,,Amy Frazier,R,175,USA,17.438,27,36,200481,,,Elna Reinach,,,RSA,21.235,49,21,7-6 6-3,3,R64,,,,,,,,,,,,,,,,,,,
1990-609,Indian Wells,Hard,56,T2,,19900226,16,200593,,,Karine Quentrec,,,FRA,20.351,70,17,200464,,,Ann Henricksson,,,USA,30.325,61,19,3-6 7-5 7-6,3,R64,,,,,,,,,,,,,,,,,,,
1990-609,Indian Wells,Hard,56,T2,,19900226,17,200476,,,Cammy Macgregor,,168,USA,21.378,108,11,200591,,,Ronni Reis,,,USA,23.801,119,9,7-5 6-1,3,R64,,,,,,,,,,,,,,,,,,,
1990-609,Indian Wells,Hard,56,T2,,19900226,18,200482,12,,Judith Wiesner,R,,AUT,23.990,28,35,200465,,Q,Lisa Bonder Kreiss,R,,USA,24.365,301,1,7-6 6-0,3,R64,,,,,,,,,,,,,,,,,,,
1990-609,Indian Wells,Hard,56,T2,,19900226,19,200453,13,,Catarina Lindqvist Ryan,R,165,SWE,26.708,29,34,200407,,,Camille Benjamin,L,175,USA,23.738,102,11,7-5 6-3,3,R64,,,,,,,,,,,,,,,,,,,
1990-609,Indian Wells,Hard,56,T2,,19900226,20,200576,,Q,Nathalie Herreman,L,,FRA,23.918,147,6,200583,,Q,Laxmi Poruri,,,USA,17.298,163,5,6-4 6-0,3,R64,,,,,,,,,,,,,,,,,,,
1990-609,Indian Wells,Hard,56,T2,,19900226,21,200424,,,Etsuko Inoue,R,164,JPN,25.358,60,19,202015,,,Nicoletta Iaccarino,,,ITA,17.005,236,2,5-7 6-4 6-1,3,R64,,,,,,,,,,,,,,,,,,,
1990-609,Indian Wells,Hard,56,T2,,19900226,22,200489,,Q,Yukie Koizumi,,,JPN,32.091,219,3,200468,,,Hu Na,,,USA,26.867,107,11,6-4 4-6 6-2,3,R64,,,,,,,,,,,,,,,,,,,
1990-609,Indian Wells,Hard,56,T2,,19900226,23,200699,,,Meredith Mcgrath,,,USA,18.834,103,11,200462,,,Belinda Cordwell,L,175,NZL,24.433,43,25,6-3 6-3,3,R64,,,,,,,,,,,,,,,,,,,
1990-609,Indian Wells,Hard,56,T2,,19900226,24,200064,,,Amanda Coetzer,R,158,RSA,18.349,64,18,200548,16,,Patty Fendick,R,165,USA,24.909,35,28,6-3 6-3,3,R64,,,,,,,,,,,,,,,,,,,
1990-609,Indian Wells,Hard,56,T2,,19900226,25,200293,1,,Martina Navratilova,L,173,USA,33.359,2,214,200469,,,Nicole Bradtke,R,176,AUS,20.430,72,17,6-2 6-0,3,R32,,,,,,,,,,,,,,,,,,,
1990-609,Indian Wells,Hard,56,T2,,19900226,26,200482,12,,Judith Wiesner,R,,AUT,23.990,28,35,200496,,,Terry Phelps,,,USA,23.193,53,21,6-0 6-0,3,R32,,,,,,,,,,,,,,,,,,,
1990-609,Indian Wells,Hard,56,T2,,19900226,27,200576,,Q,Nathalie Herreman,L,,FRA,23.918,147,6,200453,13,,Catarina Lindqvist Ryan,R,165,SWE,26.708,29,34,6-2 6-1,3,R32,,,,,,,,,,,,,,,,,,,
1990-609,Indian Wells,Hard,56,T2,,19900226,28,200424,,,Etsuko Inoue,R,164,JPN,25.358,60,19,200450,7,,Larisa Savchenko,,169,URS,23.603,20,44,6-4 6-1,3,R32,,,,,,,,,,,,,,,,,,,
1990-609,Indian Wells,Hard,56,T2,,19900226,29,200539,4,,Jana Novotna,R,175,CZE,21.402,11,70,200489,,Q,Yukie Koizumi,,,JPN,32.091,219,3,6-0 6-0,3,R32,,,,,,,,,,,,,,,,,,,
1990-609,Indian Wells,Hard,56,T2,,19900226,30,200699,,,Meredith Mcgrath,,,USA,18.834,103,11,200064,,,Amanda Coetzer,R,158,RSA,18.349,64,18,6-2 7-6,3,R32,,,,,,,,,,,,,,,,,,,
1990-609,Indian Wells,Hard,56,T2,,19900226,31,200417,9,,Gigi Fernandez,,170,USA,26.013,24,39,201269,,Q,Eleni Rossides,,,USA,22.347,275,1,4-6 6-3 6-2,3,R32,,,,,,,,,,,,,,,,,,,
1990-609,Indian Wells,Hard,56,T2,,19900226,32,200455,5,,Katerina Maleeva,R,168,BUL,20.808,12,54,200419,,,Kathy Rinaldi Stunkel,,,USA,22.930,47,23,6-1 6-3,3,R32,,,,,,,,,,,,,,,,,,,
1990-609,Indian Wells,Hard,56,T2,,19900226,33,200348,6,,Hana Mandlikova,R,173,AUS,28.020,15,47,201035,,LL,Kate Gompert,,,USA,27.127,184,4,6-4 6-2,3,R32,,,,,,,,,,,,,,,,,,,
1990-609,Indian Wells,Hard,56,T2,,19900226,34,200621,,,Isabelle Demongeot,R,,FRA,23.442,38,26,200608,,,Audra Keller,,,USA,18.278,149,6,6-3 6-2,3,R32,,,,,,,,,,,,,,,,,,,
1990-609,Indian Wells,Hard,56,T2,,19900226,35,200503,10,,Gretchen Magers,R,170,USA,26.054,26,37,200013,,,Angelica Gavaldon,R,,MEX,16.400,97,12,6-2 6-4,3,R32,,,,,,,,,,,,,,,,,,,
1990-609,Indian Wells,Hard,56,T2,,19900226,36,200377,3,,Helena Sukova,R,188,CZE,25.008,10,72,200514,,,Monique Javer,R,,GBR,22.601,99,12,4-6 7-6 6-0,3,R32,,,,,,,,,,,,,,,,,,,
1990-609,Indian Wells,Hard,56,T2,,19900226,37,200357,8,,Rosalyn Fairbank,R,173,USA,29.318,23,39,200606,,,Nana Smith,R,163,JPN,18.883,94,13,6-4 6-1,3,R32,,,,,,,,,,,,,,,,,,,
1990-609,Indian Wells,Hard,56,T2,,19900226,38,200480,14,,Claudia Porwik,,,GER,21.284,33,30,200416,,,Robin White,R,164,USA,26.215,92,13,5-7 7-5 7-6,3,R32,,,,,,,,,,,,,,,,,,,
1990-609,Indian Wells,Hard,56,T2,,19900226,39,200041,11,,Amy Frazier,R,175,USA,17.438,27,36,200593,,,Karine Quentrec,,,FRA,20.351,70,17,3-6 6-1 6-4,3,R32,,,,,,,,,,,,,,,,,,,
1990-609,Indian Wells,Hard,56,T2,,19900226,40,200049,2,,Conchita Martinez,R,170,ESP,17.865,9,75,200476,,,Cammy Macgregor,,168,USA,21.378,108,11,6-1 6-2,3,R32,,,,,,,,,,,,,,,,,,,
1990-609,Indian Wells,Hard,56,T2,,19900226,41,200293,1,,Martina Navratilova,L,173,USA,33.359,2,214,200482,12,,Judith Wiesner,R,,AUT,23.990,28,35,6-3 6-2,3,R16,,,,,,,,,,,,,,,,,,,
1990-609,Indian Wells,Hard,56,T2,,19900226,42,200576,,Q,Nathalie Herreman,L,,FRA,23.918,147,6,200424,,,Etsuko Inoue,R,164,JPN,25.358,60,19,4-6 6-4 6-3,3,R16,,,,,,,,,,,,,,,,,,,
1990-609,Indian Wells,Hard,56,T2,,19900226,43,200699,,,Meredith Mcgrath,,,USA,18.834,103,11,200539,4,,Jana Novotna,R,175,CZE,21.402,11,70,3-6 7-5 6-3,3,R16,,,,,,,,,,,,,,,,,,,
1990-609,Indian Wells,Hard,56,T2,,19900226,44,200455,5,,Katerina Maleeva,R,168,BUL,20.808,12,54,200417,9,,Gigi Fernandez,,170,USA,26.013,24,39,6-3 6-2,3,R16,,,,,,,,,,,,,,,,,,,
1990-609,Indian Wells,Hard,56,T2,,19900226,45,200621,,,Isabelle Demongeot,R,,FRA,23.442,38,26,200348,6,,Hana Mandlikova,R,173,AUS,28.020,15,47,7-5 0-6 6-3,3,R16,,,,,,,,,,,,,,,,,,,
1990-609,Indian Wells,Hard,56,T2,,19900226,46,200377,3,,Helena Sukova,R,188,CZE,25.008,10,72,200503,10,,Gretchen Magers,R,170,USA,26.054,26,37,6-4 5-7 7-6,3,R16,,,,,,,,,,,,,,,,,,,
1990-609,Indian Wells,Hard,56,T2,,19900226,47,200357,8,,Rosalyn Fairbank,R,173,USA,29.318,23,39,200480,14,,Claudia Porwik,,,GER,21.284,33,30,5-7 6-2 6-3,3,R16,,,,,,,,,,,,,,,,,,,
1990-609,Indian Wells,Hard,56,T2,,19900226,48,200041,11,,Amy Frazier,R,175,USA,17.438,27,36,200049,2,,Conchita Martinez,R,170,ESP,17.865,9,75,1-6 6-4 6-2,3,R16,,,,,,,,,,,,,,,,,,,
1990-609,Indian Wells,Hard,56,T2,,19900226,49,200293,1,,Martina Navratilova,L,173,USA,33.359,2,214,200576,,Q,Nathalie Herreman,L,,FRA,23.918,147,6,6-2 6-1,3,QF,,,,,,,,,,,,,,,,,,,
1990-609,Indian Wells,Hard,56,T2,,19900226,50,200455,5,,Katerina Maleeva,R,168,BUL,20.808,12,54,200699,,,Meredith Mcgrath,,,USA,18.834,103,11,6-1 6-2,3,QF,,,,,,,,,,,,,,,,,,,
1990-609,Indian Wells,Hard,56,T2,,19900226,51,200377,3,,Helena Sukova,R,188,CZE,25.008,10,72,200621,,,Isabelle Demongeot,R,,FRA,23.442,38,26,6-4 6-3,3,QF,,,,,,,,,,,,,,,,,,,
1990-609,Indian Wells,Hard,56,T2,,19900226,52,200041,11,,Amy Frazier,R,175,USA,17.438,27,36,200357,8,,Rosalyn Fairbank,R,173,USA,29.318,23,39,6-2 6-3,3,QF,,,,,,,,,,,,,,,,,,,
1990-609,Indian Wells,Hard,56,T2,,19900226,53,200293,1,,Martina Navratilova,L,173,USA,33.359,2,214,200455,5,,Katerina Maleeva,R,168,BUL,20.808,12,54,7-6 6-1,3,SF,,,,,,,,,,,,,,,,,,,
1990-609,Indian Wells,Hard,56,T2,,19900226,54,200377,3,,Helena Sukova,R,188,CZE,25.008,10,72,200041,11,,Amy Frazier,R,175,USA,17.438,27,36,7-5 6-4,3,SF,,,,,,,,,,,,,,,,,,,
1990-609,Indian Wells,Hard,56,T2,,19900226,55,200293,1,,Martina Navratilova,L,173,USA,33.359,2,214,200377,3,,Helena Sukova,R,188,CZE,25.008,10,72,6-2 5-7 6-1,3,F,,,,,,,,,,,,,,,,,,,
1990-801,Boca Raton,Hard,56,T2,,19900305,1,200424,,,Etsuko Inoue,R,164,JPN,25.378,55,20,200625,,,Jana Pospisilova,,,CZE,19.951,79,16,6-2 6-0,3,R64,,,,,,,,,,,,,,,,,,,
1990-801,Boca Raton,Hard,56,T2,,19900305,2,200366,16,,Sylvia Hanika,L,173,GER,30.262,36,28,200057,,Q,Erika De Lone,R,,USA,17.388,247,2,6-4 6-1,3,R64,,,,,,,,,,,,,,,,,,,
1990-801,Boca Raton,Hard,56,T2,,19900305,3,200064,,,Amanda Coetzer,R,158,RSA,18.369,68,18,200474,,Q,Louise Allen,,,USA,28.157,155,5,7-5 6-3,3,R64,,,,,,,,,,,,,,,,,,,
1990-801,Boca Raton,Hard,56,T2,,19900305,4,200576,,LL,Nathalie Herreman,L,,FRA,23.938,118,9,200384,,LL,Eva Pfaff,R,175,GER,29.063,135,7,6-2 6-4,3,R64,,,,,,,,,,,,,,,,,,,
1990-801,Boca Raton,Hard,56,T2,,19900305,5,200610,,,Stacey Martin,,,USA,19.308,83,15,200026,,,Florencia Labat,L,170,ARG,18.730,81,16,6-1 6-4,3,R64,,,,,,,,,,,,,,,,,,,
1990-801,Boca Raton,Hard,56,T2,,19900305,6,200077,,,Jennifer Capriati,R,170,USA,13.933,,,200390,,Q,Mary Lou Piatek,R,,USA,28.578,113,9,7-6 6-1,3,R64,,,,,,,,,,,,,,,,,,,
1990-801,Boca Raton,Hard,56,T2,,19900305,7,200480,15,,Claudia Porwik,,,GER,21.304,34,30,200444,,,Elise Burgin,L,,USA,28.001,58,19,6-1 4-6 6-2,3,R64,,,,,,,,,,,,,,,,,,,
1990-801,Boca Raton,Hard,56,T2,,19900305,8,200378,,,Anne Smith,R,165,USA,30.678,28,33,200584,,,Laura Golarsa,R,165,ITA,22.270,59,19,4-6 6-3 7-6,3,R64,,,,,,,,,,,,,,,,,,,
1990-801,Boca Raton,Hard,56,T2,,19900305,9,200589,,,Halle Cioffi,,,USA,20.581,51,21,200606,,,Nana Smith,R,163,JPN,18.903,89,14,6-3 6-3,3,R64,,,,,,,,,,,,,,,,,,,
1990-801,Boca Raton,Hard,56,T2,,19900305,10,200560,,Q,Rene Simpson,L,165,CAN,24.137,115,9,200500,,Q,Pilar Vasquez,,,PER,26.807,189,4,6-1 6-4,3,R64,,,,,,,,,,,,,,,,,,,
1990-801,Boca Raton,Hard,56,T2,,19900305,11,200624,,Q,Tami Whitlinger Jones,,,USA,21.306,95,13,200651,,,Sabine Hack,,170,GER,20.647,76,16,6-1 5-7 6-2,3,R64,,,,,,,,,,,,,,,,,,,
1990-801,Boca Raton,Hard,56,T2,,19900305,12,200112,,,Julie Halard Decugis,R,173,FRA,19.483,77,16,200582,,,Maria Strandlund Tomsvik,,,SWE,20.548,102,11,6-2 6-0,3,R64,,,,,,,,,,,,,,,,,,,
1990-801,Boca Raton,Hard,56,T2,,19900305,13,200013,,,Angelica Gavaldon,R,,MEX,16.419,69,18,200081,,,Anke Huber,R,173,GER,15.250,122,8,6-4 6-0,3,R64,,,,,,,,,,,,,,,,,,,
1990-801,Boca Raton,Hard,56,T2,,19900305,14,200959,,,Mareen Louie Harper,R,,USA,29.553,93,14,200673,14,,Susan Sloane Lundy,R,,USA,19.247,33,30,2-6 6-2 6-0,3,R64,,,,,,,,,,,,,,,,,,,
1990-801,Boca Raton,Hard,56,T2,,19900305,15,200630,10,,Laura Arraya,R,173,PER,26.144,21,42,200495,,,Akiko Kijimuta,,,JPN,21.843,49,21,6-1 7-6,3,R64,,,,,,,,,,,,,,,,,,,
1990-801,Boca Raton,Hard,56,T2,,19900305,16,200595,,,Ann Grossman,,,USA,19.393,62,19,200462,,,Belinda Cordwell,L,175,NZL,24.452,38,25,6-3 6-3,3,R64,,,,,,,,,,,,,,,,,,,
1990-801,Boca Raton,Hard,56,T2,,19900305,17,200522,,,Nicole Jagerman,R,179,NED,22.618,70,17,200602,,,Shaun Stafford,R,180,USA,21.224,64,19,6-4 6-3,3,R64,,,,,,,,,,,,,,,,,,,
1990-801,Boca Raton,Hard,56,T2,,19900305,18,200422,9,,Raffaella Reggi Concato,,170,ITA,24.269,18,44,200547,,,Sandra Wasserman,R,173,BEL,19.987,66,18,7-6 6-4,3,R64,,,,,,,,,,,,,,,,,,,
1990-801,Boca Raton,Hard,56,T2,,19900305,19,200565,,Q,Nathalie Guerree Spitzer,,,FRA,21.660,193,4,200530,13,,Radomira Zrubakova,R,169,SVK,19.190,31,32,4-6 6-4 6-4,3,R64,,,,,,,,,,,,,,,,,,,
1990-801,Boca Raton,Hard,56,T2,,19900305,20,200494,,,Dianne Van Rensburg,R,,RSA,22.002,53,20,200506,,,Wiltrud Probst,R,170,GER,20.767,57,19,6-1 6-3,3,R64,,,,,,,,,,,,,,,,,,,
1990-801,Boca Raton,Hard,56,T2,,19900305,21,200520,,Q,Sarah Loosemore,,,GBR,18.722,208,3,200481,,,Elna Reinach,,,RSA,21.254,50,21,6-3 6-1,3,R64,,,,,,,,,,,,,,,,,,,
1990-801,Boca Raton,Hard,56,T2,,19900305,22,200469,,,Nicole Bradtke,R,176,AUS,20.449,60,19,200621,,,Isabelle Demongeot,R,,FRA,23.461,35,28,6-4 6-3,3,R64,,,,,,,,,,,,,,,,,,,
1990-801,Boca Raton,Hard,56,T2,,19900305,23,200674,,,Bettina Fulco,R,,ARG,21.364,37,25,200593,,,Karine Quentrec,,,FRA,20.370,71,17,7-5 6-3,3,R64,,,,,,,,,,,,,,,,,,,
1990-801,Boca Raton,Hard,56,T2,,19900305,24,200482,12,,Judith Wiesner,R,,AUT,24.009,27,34,200496,,,Terry Phelps,,,USA,23.212,63,19,6-1 6-4,3,R64,,,,,,,,,,,,,,,,,,,
1990-801,Boca Raton,Hard,56,T2,,19900305,25,200572,1,,Gabriela Sabatini,R,175,ARG,19.803,3,163,200424,,,Etsuko Inoue,R,164,JPN,25.378,55,20,6-2 7-5,3,R32,,,,,,,,,,,,,,,,,,,
1990-801,Boca Raton,Hard,56,T2,,19900305,26,200422,9,,Raffaella Reggi Concato,,170,ITA,24.269,18,44,200112,,,Julie Halard Decugis,R,173,FRA,19.483,77,16,6-2 5-7 6-2,3,R32,,,,,,,,,,,,,,,,,,,
1990-801,Boca Raton,Hard,56,T2,,19900305,27,200494,,,Dianne Van Rensburg,R,,RSA,22.002,53,20,200565,,Q,Nathalie Guerree Spitzer,,,FRA,21.660,193,4,7-5 7-6,3,R32,,,,,,,,,,,,,,,,,,,
1990-801,Boca Raton,Hard,56,T2,,19900305,28,200360,7,,Pam Shriver,R,183,USA,27.669,14,47,200520,,Q,Sarah Loosemore,,,GBR,18.722,208,3,6-3 6-0,3,R32,,,,,,,,,,,,,,,,,,,
1990-801,Boca Raton,Hard,56,T2,,19900305,29,200597,3,,Mary Joe Fernandez,R,175,USA,18.544,8,88,200469,,,Nicole Bradtke,R,176,AUS,20.449,60,19,6-2 4-6 7-6,3,R32,,,,,,,,,,,,,,,,,,,
1990-801,Boca Raton,Hard,56,T2,,19900305,30,200482,12,,Judith Wiesner,R,,AUT,24.009,27,34,200674,,,Bettina Fulco,R,,ARG,21.364,37,25,7-5 6-2,3,R32,,,,,,,,,,,,,,,,,,,
1990-801,Boca Raton,Hard,56,T2,,19900305,31,200064,,,Amanda Coetzer,R,158,RSA,18.369,68,18,200366,16,,Sylvia Hanika,L,173,GER,30.262,36,28,6-1 2-6 6-2,3,R32,,,,,,,,,,,,,,,,,,,
1990-801,Boca Raton,Hard,56,T2,,19900305,32,200348,6,,Hana Mandlikova,R,173,AUS,28.039,19,43,200576,,LL,Nathalie Herreman,L,,FRA,23.938,118,9,6-3 6-0,3,R32,,,,,,,,,,,,,,,,,,,
1990-801,Boca Raton,Hard,56,T2,,19900305,33,200097,8,,Nathalie Tauziat,R,165,FRA,22.382,16,46,200610,,,Stacey Martin,,,USA,19.308,83,15,6-2 6-1,3,R32,,,,,,,,,,,,,,,,,,,
1990-801,Boca Raton,Hard,56,T2,,19900305,34,200077,,,Jennifer Capriati,R,170,USA,13.933,,,200480,15,,Claudia Porwik,,,GER,21.304,34,30,7-5 0-6 6-2,3,R32,,,,,,,,,,,,,,,,,,,
1990-801,Boca Raton,Hard,56,T2,,19900305,35,200589,,,Halle Cioffi,,,USA,20.581,51,21,200378,,,Anne Smith,R,165,USA,30.678,28,33,2-6 6-3 7-6,3,R32,,,,,,,,,,,,,,,,,,,
1990-801,Boca Raton,Hard,56,T2,,19900305,36,200377,4,,Helena Sukova,R,188,CZE,25.027,10,77,200560,,Q,Rene Simpson,L,165,CAN,24.137,115,9,6-1 6-3,3,R32,,,,,,,,,,,,,,,,,,,
1990-801,Boca Raton,Hard,56,T2,,19900305,37,200539,5,,Jana Novotna,R,175,CZE,21.421,11,68,200624,,Q,Tami Whitlinger Jones,,,USA,21.306,95,13,6-0 6-3,3,R32,,,,,,,,,,,,,,,,,,,
1990-801,Boca Raton,Hard,56,T2,,19900305,38,200013,,,Angelica Gavaldon,R,,MEX,16.419,69,18,200959,,,Mareen Louie Harper,R,,USA,29.553,93,14,7-6 4-6 6-2,3,R32,,,,,,,,,,,,,,,,,,,
1990-801,Boca Raton,Hard,56,T2,,19900305,39,200630,10,,Laura Arraya,R,173,PER,26.144,21,42,200595,,,Ann Grossman,,,USA,19.393,62,19,6-2 3-6 6-2,3,R32,,,,,,,,,,,,,,,,,,,
1990-801,Boca Raton,Hard,56,T2,,19900305,40,200652,2,,Monica Seles,L,178,USA,16.255,6,114,200522,,,Nicole Jagerman,R,179,NED,22.618,70,17,6-2 6-0,3,R32,,,,,,,,,,,,,,,,,,,
1990-801,Boca Raton,Hard,56,T2,,19900305,41,200572,1,,Gabriela Sabatini,R,175,ARG,19.803,3,163,200422,9,,Raffaella Reggi Concato,,170,ITA,24.269,18,44,6-2 6-1,3,R16,,,,,,,,,,,,,,,,,,,
1990-801,Boca Raton,Hard,56,T2,,19900305,42,200494,,,Dianne Van Rensburg,R,,RSA,22.002,53,20,200360,7,,Pam Shriver,R,183,USA,27.669,14,47,7-5 6-1,3,R16,,,,,,,,,,,,,,,,,,,
1990-801,Boca Raton,Hard,56,T2,,19900305,43,200597,3,,Mary Joe Fernandez,R,175,USA,18.544,8,88,200482,12,,Judith Wiesner,R,,AUT,24.009,27,34,6-4 6-1,3,R16,,,,,,,,,,,,,,,,,,,
1990-801,Boca Raton,Hard,56,T2,,19900305,44,200064,,,Amanda Coetzer,R,158,RSA,18.369,68,18,200348,6,,Hana Mandlikova,R,173,AUS,28.039,19,43,2-6 6-2 6-3,3,R16,,,,,,,,,,,,,,,,,,,
1990-801,Boca Raton,Hard,56,T2,,19900305,45,200077,,,Jennifer Capriati,R,170,USA,13.933,,,200097,8,,Nathalie Tauziat,R,165,FRA,22.382,16,46,6-4 6-2,3,R16,,,,,,,,,,,,,,,,,,,
1990-801,Boca Raton,Hard,56,T2,,19900305,46,200377,4,,Helena Sukova,R,188,CZE,25.027,10,77,200589,,,Halle Cioffi,,,USA,20.581,51,21,6-4 4-6 6-1,3,R16,,,,,,,,,,,,,,,,,,,
1990-801,Boca Raton,Hard,56,T2,,19900305,47,200539,5,,Jana Novotna,R,175,CZE,21.421,11,68,200013,,,Angelica Gavaldon,R,,MEX,16.419,69,18,6-1 6-0,3,R16,,,,,,,,,,,,,,,,,,,
1990-801,Boca Raton,Hard,56,T2,,19900305,48,200630,10,,Laura Arraya,R,173,PER,26.144,21,42,200652,2,,Monica Seles,L,178,USA,16.255,6,114,6-1 7-5,3,R16,,,,,,,,,,,,,,,,,,,
1990-801,Boca Raton,Hard,56,T2,,19900305,49,200572,1,,Gabriela Sabatini,R,175,ARG,19.803,3,163,200494,,,Dianne Van Rensburg,R,,RSA,22.002,53,20,6-2 7-6,3,QF,,,,,,,,,,,,,,,,,,,
1990-801,Boca Raton,Hard,56,T2,,19900305,50,200597,3,,Mary Joe Fernandez,R,175,USA,18.544,8,88,200064,,,Amanda Coetzer,R,158,RSA,18.369,68,18,6-0 6-1,3,QF,,,,,,,,,,,,,,,,,,,
1990-801,Boca Raton,Hard,56,T2,,19900305,51,200077,,,Jennifer Capriati,R,170,USA,13.933,,,200377,4,,Helena Sukova,R,188,CZE,25.027,10,77,6-1 6-4,3,QF,,,,,,,,,,,,,,,,,,,
1990-801,Boca Raton,Hard,56,T2,,19900305,52,200630,10,,Laura Arraya,R,173,PER,26.144,21,42,200539,5,,Jana Novotna,R,175,CZE,21.421,11,68,3-6 6-3 6-3,3,QF,,,,,,,,,,,,,,,,,,,
1990-801,Boca Raton,Hard,56,T2,,19900305,53,200572,1,,Gabriela Sabatini,R,175,ARG,19.803,3,163,200597,3,,Mary Joe Fernandez,R,175,USA,18.544,8,88,4-4 RET,3,SF,,,,,,,,,,,,,,,,,,,
1990-801,Boca Raton,Hard,56,T2,,19900305,54,200077,,,Jennifer Capriati,R,170,USA,13.933,,,200630,10,,Laura Arraya,R,173,PER,26.144,21,42,7-6 7-6,3,SF,,,,,,,,,,,,,,,,,,,
1990-801,Boca Raton,Hard,56,T2,,19900305,55,200572,1,,Gabriela Sabatini,R,175,ARG,19.803,3,163,200077,,,Jennifer Capriati,R,170,USA,13.933,,,6-4 7-5,3,F,,,,,,,,,,,,,,,,,,,
1990-902,Key Biscayne,Hard,96,T1,,19900316,1,200547,,,Sandra Wasserman,R,173,BEL,20.017,68,17,200423,,,Carling Bassett Seguso,R,168,CAN,22.434,,,6-0 6-2,3,R128,,,,,,,,,,,,,,,,,,,
1990-902,Key Biscayne,Hard,96,T1,,19900316,2,200407,,,Camille Benjamin,L,175,USA,23.787,118,9,200589,,,Halle Cioffi,,,USA,20.611,47,22,7-5 6-4,3,R128,,,,,,,,,,,,,,,,,,,
1990-902,Key Biscayne,Hard,96,T1,,19900316,3,200651,,,Sabine Hack,,170,GER,20.677,81,15,202055,,,Themis Zambrzycki,,,BRA,29.402,333,1,6-2 7-5,3,R128,,,,,,,,,,,,,,,,,,,
1990-902,Key Biscayne,Hard,96,T1,,19900316,4,200064,,,Amanda Coetzer,R,158,RSA,18.399,53,20,200514,,,Monique Javer,R,,GBR,22.651,102,11,6-1 6-3,3,R128,,,,,,,,,,,,,,,,,,,
1990-902,Key Biscayne,Hard,96,T1,,19900316,5,200501,,,Marianne Werdel Witmeyer,,,USA,22.413,104,11,200495,,,Akiko Kijimuta,,,JPN,21.873,52,21,7-6 7-6,3,R128,,,,,,,,,,,,,,,,,,,
1990-902,Key Biscayne,Hard,96,T1,,19900316,6,200496,,,Terry Phelps,,,USA,23.242,69,17,200464,,,Ann Henricksson,,,USA,30.374,97,12,4-6 6-3 7-6,3,R128,,,,,,,,,,,,,,,,,,,
1990-902,Key Biscayne,Hard,96,T1,,19900316,7,200424,,,Etsuko Inoue,R,164,JPN,25.408,58,19,200610,,,Stacey Martin,,,USA,19.338,83,15,7-6 0-6 6-3,3,R128,,,,,,,,,,,,,,,,,,,
1990-902,Key Biscayne,Hard,96,T1,,19900316,8,200465,,,Lisa Bonder Kreiss,R,,USA,24.414,273,1,200521,,,Hellas Ter Riet,,,NED,21.734,187,4,6-2 6-2,3,R128,,,,,,,,,,,,,,,,,,,
1990-902,Key Biscayne,Hard,96,T1,,19900316,9,200077,,,Jennifer Capriati,R,170,USA,13.963,,,201722,,,Luanne Spadea,,,USA,17.213,202,3,7-5 6-3,3,R128,,,,,,,,,,,,,,,,,,,
1990-902,Key Biscayne,Hard,96,T1,,19900316,10,201047,,,Andrea Vieira,,,BRA,19.108,96,13,200395,,,Catherine Tanvier,R,174,FRA,24.800,91,14,6-3 6-4,3,R128,,,,,,,,,,,,,,,,,,,
1990-902,Key Biscayne,Hard,96,T1,,19900316,11,200561,,,Cathy Caverzasio,,,SUI,17.462,50,21,200612,,,Natalia Medvedeva,R,176,UKR,18.333,79,16,7-6 2-0 RET,3,R128,,,,,,,,,,,,,,,,,,,
1990-902,Key Biscayne,Hard,96,T1,,19900316,12,200622,,,Maya Kidowaki,,,JPN,20.830,110,10,200481,,,Elna Reinach,,,RSA,21.284,51,21,6-1 6-3,3,R128,,,,,,,,,,,,,,,,,,,
1990-902,Key Biscayne,Hard,96,T1,,19900316,13,200576,,,Nathalie Herreman,L,,FRA,23.968,113,9,200500,,,Pilar Vasquez,,,PER,26.837,190,4,6-0 6-0,3,R128,,,,,,,,,,,,,,,,,,,
1990-902,Key Biscayne,Hard,96,T1,,19900316,14,200599,,,Carrie Cunningham,,,USA,17.881,86,15,200557,,,Katrina Adams,R,165,USA,21.610,124,8,6-3 6-1,3,R128,,,,,,,,,,,,,,,,,,,
1990-902,Key Biscayne,Hard,96,T1,,19900316,15,200428,,,Lori Mcneil,,170,USA,26.243,56,20,200582,,,Maria Strandlund Tomsvik,,,SWE,20.578,107,11,6-3 7-5,3,R128,,,,,,,,,,,,,,,,,,,
1990-902,Key Biscayne,Hard,96,T1,,19900316,16,201051,,,Laura Lapi,,,ITA,19.513,85,15,200625,,,Jana Pospisilova,,,CZE,19.981,82,15,6-2 6-3,3,R128,,,,,,,,,,,,,,,,,,,
1990-902,Key Biscayne,Hard,96,T1,,19900316,17,200095,,,Linda Wild,R,,USA,19.091,108,10,200013,,,Angelica Gavaldon,R,,MEX,16.449,55,20,7-5 6-4,3,R128,,,,,,,,,,,,,,,,,,,
1990-902,Key Biscayne,Hard,96,T1,,19900316,18,200026,,,Florencia Labat,L,170,ARG,18.760,87,15,200699,,,Meredith Mcgrath,,,USA,18.883,99,12,2-6 7-6 6-3,3,R128,,,,,,,,,,,,,,,,,,,
1990-902,Key Biscayne,Hard,96,T1,,19900316,19,200520,,,Sarah Loosemore,,,GBR,18.752,165,5,201035,,,Kate Gompert,,,USA,27.176,162,5,3-4 RET,3,R128,,,,,,,,,,,,,,,,,,,
1990-902,Key Biscayne,Hard,96,T1,,19900316,20,201021,,,Laura Garrone,R,166,ITA,22.333,93,14,200567,,,Jennifer Santrock,L,,USA,21.049,132,7,6-0 6-7 6-1,3,R128,,,,,,,,,,,,,,,,,,,
1990-902,Key Biscayne,Hard,96,T1,,19900316,21,200624,,,Tami Whitlinger Jones,,,USA,21.337,92,14,200565,,,Nathalie Guerree Spitzer,,,FRA,21.690,170,5,6-3 6-2,3,R128,,,,,,,,,,,,,,,,,,,
1990-902,Key Biscayne,Hard,96,T1,,19900316,22,200476,,,Cammy Macgregor,,168,USA,21.427,100,11,201043,,,Barbara Romano,,,ITA,25.167,77,16,6-1 6-2,3,R128,,,,,,,,,,,,,,,,,,,
1990-902,Key Biscayne,Hard,96,T1,,19900316,23,200595,,,Ann Grossman,,,USA,19.423,59,19,200554,,,Brenda Schultz Mccarthy,R,188,NED,19.215,94,14,6-4 6-1,3,R128,,,,,,,,,,,,,,,,,,,
1990-902,Key Biscayne,Hard,96,T1,,19900316,24,200606,,,Nana Smith,R,163,JPN,18.933,88,14,200641,,,Patricia Tarabini,R,165,ARG,21.608,57,19,6-0 6-2,3,R128,,,,,,,,,,,,,,,,,,,
1990-902,Key Biscayne,Hard,96,T1,,19900316,25,200608,,,Audra Keller,,,USA,18.328,136,7,200591,,,Ronni Reis,,,USA,23.850,122,8,7-5 6-2,3,R128,,,,,,,,,,,,,,,,,,,
1990-902,Key Biscayne,Hard,96,T1,,19900316,26,200112,,,Julie Halard Decugis,R,173,FRA,19.513,74,16,200959,,,Mareen Louie Harper,R,,USA,29.583,89,14,6-1 6-4,3,R128,,,,,,,,,,,,,,,,,,,
1990-902,Key Biscayne,Hard,96,T1,,19900316,27,200416,,,Robin White,R,164,USA,26.265,80,15,200640,,,Mercedes Paz,R,180,ARG,23.718,90,14,6-4 2-6 6-1,3,R128,,,,,,,,,,,,,,,,,,,
1990-902,Key Biscayne,Hard,96,T1,,19900316,28,200506,,,Wiltrud Probst,R,170,GER,20.797,65,18,200444,,,Elise Burgin,L,,USA,28.031,63,18,6-2 6-1,3,R128,,,,,,,,,,,,,,,,,,,
1990-902,Key Biscayne,Hard,96,T1,,19900316,29,200362,,,Liz Smylie,R,170,AUS,26.930,61,19,200588,,,Renata Baranski,,,POL,25.055,146,6,6-4 4-6 6-2,3,R128,,,,,,,,,,,,,,,,,,,
1990-902,Key Biscayne,Hard,96,T1,,19900316,30,200593,,,Karine Quentrec,,,FRA,20.400,75,16,200473,,,Beverly Bowes,R,,USA,24.515,95,14,6-3 6-3,3,R128,,,,,,,,,,,,,,,,,,,
1990-902,Key Biscayne,Hard,96,T1,,19900316,31,200494,,,Dianne Van Rensburg,R,,RSA,22.032,46,22,200448,,,Sandy Collins,,178,USA,31.423,189,4,6-4 6-1,3,R128,,,,,,,,,,,,,,,,,,,
1990-902,Key Biscayne,Hard,96,T1,,19900316,32,200566,,,Donna Faber,,,USA,18.697,70,17,200602,,,Shaun Stafford,R,180,USA,21.254,66,18,6-2 6-1,3,R128,,,,,,,,,,,,,,,,,,,
1990-902,Key Biscayne,Hard,96,T1,,19900316,33,200572,1,,Gabriela Sabatini,R,175,ARG,19.833,3,168,200547,,,Sandra Wasserman,R,173,BEL,20.017,68,17,6-3 6-4,3,R64,,,,,,,,,,,,,,,,,,,
1990-902,Key Biscayne,Hard,96,T1,,19900316,34,200622,,,Maya Kidowaki,,,JPN,20.830,110,10,200462,25,,Belinda Cordwell,L,175,NZL,24.482,36,25,7-5 4-6 6-2,3,R64,,,,,,,,,,,,,,,,,,,
1990-902,Key Biscayne,Hard,96,T1,,19900316,35,200673,20,,Susan Sloane Lundy,R,,USA,19.278,34,28,200595,,,Ann Grossman,,,USA,19.423,59,19,6-1 6-3,3,R64,,,,,,,,,,,,,,,,,,,
1990-902,Key Biscayne,Hard,96,T1,,19900316,36,200416,,,Robin White,R,164,USA,26.265,80,15,200041,11,,Amy Frazier,R,175,USA,17.487,20,43,7-6 7-6,3,R64,,,,,,,,,,,,,,,,,,,
1990-902,Key Biscayne,Hard,96,T1,,19900316,37,200503,14,,Gretchen Magers,R,170,USA,26.103,22,39,200506,,,Wiltrud Probst,R,170,GER,20.797,65,18,6-2 6-3,3,R64,,,,,,,,,,,,,,,,,,,
1990-902,Key Biscayne,Hard,96,T1,,19900316,38,200362,,,Liz Smylie,R,170,AUS,26.930,61,19,200333,29,,Betsy Nagelsen,R,175,USA,33.394,43,23,6-2 6-4,3,R64,,,,,,,,,,,,,,,,,,,
1990-902,Key Biscayne,Hard,96,T1,,19900316,39,200593,,,Karine Quentrec,,,FRA,20.400,75,16,200366,23,,Sylvia Hanika,L,173,GER,30.292,35,27,5-7 6-3 6-4,3,R64,,,,,,,,,,,,,,,,,,,
1990-902,Key Biscayne,Hard,96,T1,,19900316,40,200049,5,,Conchita Martinez,R,170,ESP,17.914,9,77,200494,,,Dianne Van Rensburg,R,,RSA,22.032,46,22,3-6 7-6 7-6,3,R64,,,,,,,,,,,,,,,,,,,
1990-902,Key Biscayne,Hard,96,T1,,19900316,41,200401,4,,Manuela Maleeva Fragniere,R,173,SUI,23.083,8,85,200566,,,Donna Faber,,,USA,18.697,70,17,6-0 6-2,3,R64,,,,,,,,,,,,,,,,,,,
1990-902,Key Biscayne,Hard,96,T1,,19900316,42,200407,,,Camille Benjamin,L,175,USA,23.787,118,9,200453,17,,Catarina Lindqvist Ryan,R,165,SWE,26.758,31,31,2-6 6-4 7-5,3,R64,,,,,,,,,,,,,,,,,,,
1990-902,Key Biscayne,Hard,96,T1,,19900316,43,200485,28,,Manon Bollegraf,R,173,NED,25.931,42,23,200651,,,Sabine Hack,,170,GER,20.677,81,15,6-0 6-1,3,R64,,,,,,,,,,,,,,,,,,,
1990-902,Key Biscayne,Hard,96,T1,,19900316,44,200422,10,,Raffaella Reggi Concato,,170,ITA,24.299,19,43,200064,,,Amanda Coetzer,R,158,RSA,18.399,53,20,6-2 3-6 7-6,3,R64,,,,,,,,,,,,,,,,,,,
1990-902,Key Biscayne,Hard,96,T1,,19900316,45,200482,15,,Judith Wiesner,R,,AUT,24.039,28,34,200501,,,Marianne Werdel Witmeyer,,,USA,22.413,104,11,7-6 0-6 6-3,3,R64,,,,,,,,,,,,,,,,,,,
1990-902,Key Biscayne,Hard,96,T1,,19900316,46,200496,,,Terry Phelps,,,USA,23.242,69,17,200621,22,,Isabelle Demongeot,R,,FRA,23.491,37,25,7-6 6-1,3,R64,,,,,,,,,,,,,,,,,,,
1990-902,Key Biscayne,Hard,96,T1,,19900316,47,200419,32,,Kathy Rinaldi Stunkel,,,USA,22.979,49,22,200424,,,Etsuko Inoue,R,164,JPN,25.408,58,19,7-6 6-1,3,R64,,,,,,,,,,,,,,,,,,,
1990-902,Key Biscayne,Hard,96,T1,,19900316,48,200539,7,,Jana Novotna,R,175,CZE,21.452,11,67,200465,,,Lisa Bonder Kreiss,R,,USA,24.414,273,1,6-0 1-6 6-1,3,R64,,,,,,,,,,,,,,,,,,,
1990-902,Key Biscayne,Hard,96,T1,,19900316,49,200077,,,Jennifer Capriati,R,170,USA,13.963,,,200377,6,,Helena Sukova,R,188,CZE,25.057,10,75,6-3 6-2,3,R64,,,,,,,,,,,,,,,,,,,
1990-902,Key Biscayne,Hard,96,T1,,19900316,50,200548,31,,Patty Fendick,R,165,USA,24.959,48,22,201047,,,Andrea Vieira,,,BRA,19.108,96,13,6-3 6-4,3,R64,,,,,,,,,,,,,,,,,,,
1990-902,Key Biscayne,Hard,96,T1,,19900316,51,200561,,,Cathy Caverzasio,,,SUI,17.462,50,21,200346,26,,Anne Minter,R,165,AUS,26.952,38,25,7-5 2-6 6-0,3,R64,,,,,,,,,,,,,,,,,,,
1990-902,Key Biscayne,Hard,96,T1,,19900316,52,200576,,,Nathalie Herreman,L,,FRA,23.968,113,9,200630,12,,Laura Arraya,R,173,PER,26.174,14,49,6-1 6-1,3,R64,,,,,,,,,,,,,,,,,,,
1990-902,Key Biscayne,Hard,96,T1,,19900316,53,200357,13,,Rosalyn Fairbank,R,173,USA,29.367,21,42,200599,,,Carrie Cunningham,,,USA,17.881,86,15,6-2 6-4,3,R64,,,,,,,,,,,,,,,,,,,
1990-902,Key Biscayne,Hard,96,T1,,19900316,54,200428,,,Lori Mcneil,,170,USA,26.243,56,20,200442,27,,Andrea Temesvari,R,182,HUN,23.888,40,24,4-6 6-4 7-5,3,R64,,,,,,,,,,,,,,,,,,,
1990-902,Key Biscayne,Hard,96,T1,,19900316,55,201051,,,Laura Lapi,,,ITA,19.513,85,15,200605,30,,Regina Rajchrtova,,,TCH,22.109,44,23,6-1 7-6,3,R64,,,,,,,,,,,,,,,,,,,
1990-902,Key Biscayne,Hard,96,T1,,19900316,56,200652,3,,Monica Seles,L,178,USA,16.285,5,116,200095,,,Linda Wild,R,,USA,19.091,108,10,6-1 6-4,3,R64,,,,,,,,,,,,,,,,,,,
1990-902,Key Biscayne,Hard,96,T1,,19900316,57,200472,8,,Helen Kelesi,R,,CAN,20.332,16,46,200026,,,Florencia Labat,L,170,ARG,18.760,87,15,6-4 6-2,3,R64,,,,,,,,,,,,,,,,,,,
1990-902,Key Biscayne,Hard,96,T1,,19900316,58,200480,21,,Claudia Porwik,,,GER,21.334,33,29,200520,,,Sarah Loosemore,,,GBR,18.752,165,5,6-2 6-3,3,R64,,,,,,,,,,,,,,,,,,,
1990-902,Key Biscayne,Hard,96,T1,,19900316,59,200674,24,,Bettina Fulco,R,,ARG,21.394,39,24,201021,,,Laura Garrone,R,166,ITA,22.333,93,14,6-4 4-6 6-1,3,R64,,,,,,,,,,,,,,,,,,,
1990-902,Key Biscayne,Hard,96,T1,,19900316,60,200624,,,Tami Whitlinger Jones,,,USA,21.337,92,14,200378,16,,Anne Smith,R,165,USA,30.708,27,35,6-1 6-4,3,R64,,,,,,,,,,,,,,,,,,,
1990-902,Key Biscayne,Hard,96,T1,,19900316,61,200097,9,,Nathalie Tauziat,R,165,FRA,22.413,17,46,200476,,,Cammy Macgregor,,168,USA,21.427,100,11,6-2 4-6 6-3,3,R64,,,,,,,,,,,,,,,,,,,
1990-902,Key Biscayne,Hard,96,T1,,19900316,62,200606,,,Nana Smith,R,163,JPN,18.933,88,14,200530,18,,Radomira Zrubakova,R,169,SVK,19.220,32,31,6-1 6-2,3,R64,,,,,,,,,,,,,,,,,,,
1990-902,Key Biscayne,Hard,96,T1,,19900316,63,200608,,,Audra Keller,,,USA,18.328,136,7,200450,19,,Larisa Savchenko,,169,URS,23.653,30,32,6-3 7-5,3,R64,,,,,,,,,,,,,,,,,,,
1990-902,Key Biscayne,Hard,96,T1,,19900316,64,200112,,,Julie Halard Decugis,R,173,FRA,19.513,74,16,200404,2,,Zina Garrison,R,164,USA,26.330,4,123,2-6 6-3 6-4,3,R64,,,,,,,,,,,,,,,,,,,
1990-902,Key Biscayne,Hard,96,T1,,19900316,65,200572,1,,Gabriela Sabatini,R,175,ARG,19.833,3,168,200622,,,Maya Kidowaki,,,JPN,20.830,110,10,6-2 6-3,3,R32,,,,,,,,,,,,,,,,,,,
1990-902,Key Biscayne,Hard,96,T1,,19900316,66,200673,20,,Susan Sloane Lundy,R,,USA,19.278,34,28,200416,,,Robin White,R,164,USA,26.265,80,15,6-3 6-3,3,R32,,,,,,,,,,,,,,,,,,,
1990-902,Key Biscayne,Hard,96,T1,,19900316,67,200503,14,,Gretchen Magers,R,170,USA,26.103,22,39,200362,,,Liz Smylie,R,170,AUS,26.930,61,19,6-2 6-4,3,R32,,,,,,,,,,,,,,,,,,,
1990-902,Key Biscayne,Hard,96,T1,,19900316,68,200049,5,,Conchita Martinez,R,170,ESP,17.914,9,77,200593,,,Karine Quentrec,,,FRA,20.400,75,16,6-3 6-4,3,R32,,,,,,,,,,,,,,,,,,,
1990-902,Key Biscayne,Hard,96,T1,,19900316,69,200401,4,,Manuela Maleeva Fragniere,R,173,SUI,23.083,8,85,200407,,,Camille Benjamin,L,175,USA,23.787,118,9,6-1 6-2,3,R32,,,,,,,,,,,,,,,,,,,
1990-902,Key Biscayne,Hard,96,T1,,19900316,70,200422,10,,Raffaella Reggi Concato,,170,ITA,24.299,19,43,200485,28,,Manon Bollegraf,R,173,NED,25.931,42,23,6-7 6-3 6-1,3,R32,,,,,,,,,,,,,,,,,,,
1990-902,Key Biscayne,Hard,96,T1,,19900316,71,200482,15,,Judith Wiesner,R,,AUT,24.039,28,34,200496,,,Terry Phelps,,,USA,23.242,69,17,6-1 5-7 6-2,3,R32,,,,,,,,,,,,,,,,,,,
1990-902,Key Biscayne,Hard,96,T1,,19900316,72,200539,7,,Jana Novotna,R,175,CZE,21.452,11,67,200419,32,,Kathy Rinaldi Stunkel,,,USA,22.979,49,22,6-0 1-6 6-1,3,R32,,,,,,,,,,,,,,,,,,,
1990-902,Key Biscayne,Hard,96,T1,,19900316,73,200077,,,Jennifer Capriati,R,170,USA,13.963,,,200548,31,,Patty Fendick,R,165,USA,24.959,48,22,2-4 RET,3,R32,,,,,,,,,,,,,,,,,,,
1990-902,Key Biscayne,Hard,96,T1,,19900316,74,200576,,,Nathalie Herreman,L,,FRA,23.968,113,9,200561,,,Cathy Caverzasio,,,SUI,17.462,50,21,6-3 6-4,3,R32,,,,,,,,,,,,,,,,,,,
1990-902,Key Biscayne,Hard,96,T1,,19900316,75,200357,13,,Rosalyn Fairbank,R,173,USA,29.367,21,42,200428,,,Lori Mcneil,,170,USA,26.243,56,20,6-2 2-6 6-3,3,R32,,,,,,,,,,,,,,,,,,,
1990-902,Key Biscayne,Hard,96,T1,,19900316,76,200652,3,,Monica Seles,L,178,USA,16.285,5,116,201051,,,Laura Lapi,,,ITA,19.513,85,15,6-1 6-1,3,R32,,,,,,,,,,,,,,,,,,,
1990-902,Key Biscayne,Hard,96,T1,,19900316,77,200480,21,,Claudia Porwik,,,GER,21.334,33,29,200472,8,,Helen Kelesi,R,,CAN,20.332,16,46,6-4 6-1,3,R32,,,,,,,,,,,,,,,,,,,
1990-902,Key Biscayne,Hard,96,T1,,19900316,78,200674,24,,Bettina Fulco,R,,ARG,21.394,39,24,200624,,,Tami Whitlinger Jones,,,USA,21.337,92,14,7-6 3-6 7-6,3,R32,,,,,,,,,,,,,,,,,,,
1990-902,Key Biscayne,Hard,96,T1,,19900316,79,200097,9,,Nathalie Tauziat,R,165,FRA,22.413,17,46,200606,,,Nana Smith,R,163,JPN,18.933,88,14,6-1 6-4,3,R32,,,,,,,,,,,,,,,,,,,
1990-902,Key Biscayne,Hard,96,T1,,19900316,80,200112,,,Julie Halard Decugis,R,173,FRA,19.513,74,16,200608,,,Audra Keller,,,USA,18.328,136,7,6-3 4-6 6-0,3,R32,,,,,,,,,,,,,,,,,,,
1990-902,Key Biscayne,Hard,96,T1,,19900316,81,200572,1,,Gabriela Sabatini,R,175,ARG,19.833,3,168,200673,20,,Susan Sloane Lundy,R,,USA,19.278,34,28,6-2 6-2,3,R16,,,,,,,,,,,,,,,,,,,
1990-902,Key Biscayne,Hard,96,T1,,19900316,82,200049,5,,Conchita Martinez,R,170,ESP,17.914,9,77,200503,14,,Gretchen Magers,R,170,USA,26.103,22,39,4-6 7-5 6-4,3,R16,,,,,,,,,,,,,,,,,,,
1990-902,Key Biscayne,Hard,96,T1,,19900316,83,200401,4,,Manuela Maleeva Fragniere,R,173,SUI,23.083,8,85,200422,10,,Raffaella Reggi Concato,,170,ITA,24.299,19,43,6-1 3-6 6-2,3,R16,,,,,,,,,,,,,,,,,,,
1990-902,Key Biscayne,Hard,96,T1,,19900316,84,200482,15,,Judith Wiesner,R,,AUT,24.039,28,34,200539,7,,Jana Novotna,R,175,CZE,21.452,11,67,7-5 5-7 6-3,3,R16,,,,,,,,,,,,,,,,,,,
1990-902,Key Biscayne,Hard,96,T1,,19900316,85,200576,,,Nathalie Herreman,L,,FRA,23.968,113,9,200077,,,Jennifer Capriati,R,170,USA,13.963,,,6-2 6-4,3,R16,,,,,,,,,,,,,,,,,,,
1990-902,Key Biscayne,Hard,96,T1,,19900316,86,200652,3,,Monica Seles,L,178,USA,16.285,5,116,200357,13,,Rosalyn Fairbank,R,173,USA,29.367,21,42,6-3 6-4,3,R16,,,,,,,,,,,,,,,,,,,
1990-902,Key Biscayne,Hard,96,T1,,19900316,87,200480,21,,Claudia Porwik,,,GER,21.334,33,29,200674,24,,Bettina Fulco,R,,ARG,21.394,39,24,6-2 6-3,3,R16,,,,,,,,,,,,,,,,,,,
1990-902,Key Biscayne,Hard,96,T1,,19900316,88,200097,9,,Nathalie Tauziat,R,165,FRA,22.413,17,46,200112,,,Julie Halard Decugis,R,173,FRA,19.513,74,16,6-4 6-3,3,R16,,,,,,,,,,,,,,,,,,,
1990-902,Key Biscayne,Hard,96,T1,,19900316,89,200049,5,,Conchita Martinez,R,170,ESP,17.914,9,77,200572,1,,Gabriela Sabatini,R,175,ARG,19.833,3,168,7-6 6-2,3,QF,,,,,,,,,,,,,,,,,,,
1990-902,Key Biscayne,Hard,96,T1,,19900316,90,200482,15,,Judith Wiesner,R,,AUT,24.039,28,34,200401,4,,Manuela Maleeva Fragniere,R,173,SUI,23.083,8,85,2-6 6-1 6-2,3,QF,,,,,,,,,,,,,,,,,,,
1990-902,Key Biscayne,Hard,96,T1,,19900316,91,200652,3,,Monica Seles,L,178,USA,16.285,5,116,200576,,,Nathalie Herreman,L,,FRA,23.968,113,9,6-3 6-1,3,QF,,,,,,,,,,,,,,,,,,,
1990-902,Key Biscayne,Hard,96,T1,,19900316,92,200097,9,,Nathalie Tauziat,R,165,FRA,22.413,17,46,200480,21,,Claudia Porwik,,,GER,21.334,33,29,6-3 4-6 6-3,3,QF,,,,,,,,,,,,,,,,,,,
1990-902,Key Biscayne,Hard,96,T1,,19900316,93,200482,15,,Judith Wiesner,R,,AUT,24.039,28,34,200049,5,,Conchita Martinez,R,170,ESP,17.914,9,77,6-2 6-1,3,SF,,,,,,,,,,,,,,,,,,,
1990-902,Key Biscayne,Hard,96,T1,,19900316,94,200652,3,,Monica Seles,L,178,USA,16.285,5,116,200097,9,,Nathalie Tauziat,R,165,FRA,22.413,17,46,6-3 6-1,3,SF,,,,,,,,,,,,,,,,,,,
1990-902,Key Biscayne,Hard,96,T1,,19900316,95,200652,3,,Monica Seles,L,178,USA,16.285,5,116,200482,15,,Judith Wiesner,R,,AUT,24.039,28,34,6-1 6-2,3,F,,,,,,,,,,,,,,,,,,,
1990-706,Houston,Clay,16,T3,,19900327,1,200293,1,,Martina Navratilova,L,173,USA,33.438,2,228,200674,,,Bettina Fulco,R,,ARG,21.424,35,27,6-0 6-1,3,R16,,,,,,,,,,,,,,,,,,,
1990-706,Houston,Clay,16,T3,,19900327,2,200442,,,Andrea Temesvari,R,182,HUN,23.918,45,22,202015,,,Nicoletta Iaccarino,,,ITA,17.085,222,2,6-2 6-1,3,R16,,,,,,,,,,,,,,,,,,,
1990-706,Houston,Clay,16,T3,,19900327,3,200455,4,,Katerina Maleeva,R,168,BUL,20.887,12,57,200601,,,Leila Meskhi,R,164,GEO,22.224,26,38,7-6 6-1,3,R16,,,,,,,,,,,,,,,,,,,
1990-706,Houston,Clay,16,T3,,19900327,4,200630,,,Laura Arraya,R,173,PER,26.205,16,46,200650,,,Isabel Cueto,R,,GER,21.312,29,33,6-2 7-5,3,R16,,,,,,,,,,,,,,,,,,,
1990-706,Houston,Clay,16,T3,,19900327,5,200390,,,Mary Lou Piatek,R,,USA,28.639,121,8,200366,,,Sylvia Hanika,L,173,GER,30.322,36,27,6-4 6-4,3,R16,,,,,,,,,,,,,,,,,,,
1990-706,Houston,Clay,16,T3,,19900327,6,200017,3,,Arantxa Sanchez Vicario,R,168,ESP,18.273,5,121,200503,,,Gretchen Magers,R,170,USA,26.133,25,38,6-3 6-3,3,R16,,,,,,,,,,,,,,,,,,,
1990-706,Houston,Clay,16,T3,,19900327,7,200725,,,Sandra Cecchini,R,170,ITA,25.076,24,40,200673,,,Susan Sloane Lundy,R,,USA,19.308,34,28,3-6 6-2 6-3,3,R16,,,,,,,,,,,,,,,,,,,
1990-706,Houston,Clay,16,T3,,19900327,8,200404,2,,Zina Garrison,R,164,USA,26.361,6,116,200116,,,Natalia Zvereva,R,174,BLR,18.946,13,53,4-6 6-3 6-3,3,R16,,,,,,,,,,,,,,,,,,,
1990-706,Houston,Clay,16,T3,,19900327,9,200455,4,,Katerina Maleeva,R,168,BUL,20.887,12,57,200630,,,Laura Arraya,R,173,PER,26.205,16,46,6-2 7-6,3,QF,,,,,,,,,,,,,,,,,,,
1990-706,Houston,Clay,16,T3,,19900327,10,200017,3,,Arantxa Sanchez Vicario,R,168,ESP,18.273,5,121,200390,,,Mary Lou Piatek,R,,USA,28.639,121,8,7-5 6-2,3,QF,,,,,,,,,,,,,,,,,,,
1990-706,Houston,Clay,16,T3,,19900327,11,200404,2,,Zina Garrison,R,164,USA,26.361,6,116,200725,,,Sandra Cecchini,R,170,ITA,25.076,24,40,6-1 6-3,3,QF,,,,,,,,,,,,,,,,,,,
1990-706,Houston,Clay,16,T3,,19900327,12,200293,1,,Martina Navratilova,L,173,USA,33.438,2,228,200442,,,Andrea Temesvari,R,182,HUN,23.918,45,22,7-5 6-2,3,QF,,,,,,,,,,,,,,,,,,,
1990-706,Houston,Clay,16,T3,,19900327,13,200455,4,,Katerina Maleeva,R,168,BUL,20.887,12,57,200293,1,,Martina Navratilova,L,173,USA,33.438,2,228,6-4 2-6 6-1,3,SF,,,,,,,,,,,,,,,,,,,
1990-706,Houston,Clay,16,T3,,19900327,14,200017,3,,Arantxa Sanchez Vicario,R,168,ESP,18.273,5,121,200404,2,,Zina Garrison,R,164,USA,26.361,6,116,6-7 6-3 7-6,3,SF,,,,,,,,,,,,,,,,,,,
1990-706,Houston,Clay,16,T3,,19900327,15,200455,4,,Katerina Maleeva,R,168,BUL,20.887,12,57,200017,3,,Arantxa Sanchez Vicario,R,168,ESP,18.273,5,121,6-1 1-6 6-4,3,F,,,,,,,,,,,,,,,,,,,
1990-015,San Antonio,Hard,16,T3,,19900328,1,200428,,,Lori Mcneil,,170,USA,26.276,54,20,200572,1,,Gabriela Sabatini,R,175,ARG,19.866,3,171,6-3 6-4,3,R16,,,,,,,,,,,,,,,,,,,
1990-015,San Antonio,Hard,16,T3,,19900328,2,200417,,,Gigi Fernandez,,170,USA,26.095,23,40,200453,,,Catarina Lindqvist Ryan,R,165,SWE,26.790,33,29,6-1 6-0,3,R16,,,,,,,,,,,,,,,,,,,
1990-015,San Antonio,Hard,16,T3,,19900328,3,200401,3,,Manuela Maleeva Fragniere,R,173,SUI,23.116,9,84,200481,,LL,Elna Reinach,,,RSA,21.317,52,20,6-2 6-0,3,R16,,,,,,,,,,,,,,,,,,,
1990-015,San Antonio,Hard,16,T3,,19900328,4,200599,,Q,Carrie Cunningham,,,USA,17.914,85,14,200419,,,Kathy Rinaldi Stunkel,,,USA,23.012,49,22,4-6 6-1 6-4,3,R16,,,,,,,,,,,,,,,,,,,
1990-015,San Antonio,Hard,16,T3,,19900328,5,200357,,,Rosalyn Fairbank,R,173,USA,29.400,21,42,200416,,Q,Robin White,R,164,USA,26.298,78,16,6-1 6-2,3,R16,,,,,,,,,,,,,,,,,,,
1990-015,San Antonio,Hard,16,T3,,19900328,6,200539,4,,Jana Novotna,R,175,CZE,21.484,11,63,200346,,,Anne Minter,R,165,AUS,26.985,38,25,6-4 6-1,3,R16,,,,,,,,,,,,,,,,,,,
1990-015,San Antonio,Hard,16,T3,,19900328,7,200348,,,Hana Mandlikova,R,173,AUS,28.102,27,37,200450,,,Larisa Savchenko,,169,URS,23.686,32,31,6-4 7-5,3,R16,,,,,,,,,,,,,,,,,,,
1990-015,San Antonio,Hard,16,T3,,19900328,8,200652,2,,Monica Seles,L,178,USA,16.318,4,129,200378,,,Anne Smith,R,165,USA,30.741,28,35,6-3 7-5,3,R16,,,,,,,,,,,,,,,,,,,
1990-015,San Antonio,Hard,16,T3,,19900328,9,200401,3,,Manuela Maleeva Fragniere,R,173,SUI,23.116,9,84,200599,,Q,Carrie Cunningham,,,USA,17.914,85,14,6-1 6-1,3,QF,,,,,,,,,,,,,,,,,,,
1990-015,San Antonio,Hard,16,T3,,19900328,10,200357,,,Rosalyn Fairbank,R,173,USA,29.400,21,42,200539,4,,Jana Novotna,R,175,CZE,21.484,11,63,6-1 2-6 7-5,3,QF,,,,,,,,,,,,,,,,,,,
1990-015,San Antonio,Hard,16,T3,,19900328,11,200652,2,,Monica Seles,L,178,USA,16.318,4,129,200348,,,Hana Mandlikova,R,173,AUS,28.102,27,37,6-4 6-4,3,QF,,,,,,,,,,,,,,,,,,,
1990-015,San Antonio,Hard,16,T3,,19900328,12,200428,,,Lori Mcneil,,170,USA,26.276,54,20,200417,,,Gigi Fernandez,,170,USA,26.095,23,40,6-2 6-0,3,QF,,,,,,,,,,,,,,,,,,,
1990-015,San Antonio,Hard,16,T3,,19900328,13,200401,3,,Manuela Maleeva Fragniere,R,173,SUI,23.116,9,84,200428,,,Lori Mcneil,,170,USA,26.276,54,20,6-0 6-4,3,SF,,,,,,,,,,,,,,,,,,,
1990-015,San Antonio,Hard,16,T3,,19900328,14,200652,2,,Monica Seles,L,178,USA,16.318,4,129,200357,,,Rosalyn Fairbank,R,173,USA,29.400,21,42,6-3 6-0,3,SF,,,,,,,,,,,,,,,,,,,
1990-015,San Antonio,Hard,16,T3,,19900328,15,200652,2,,Monica Seles,L,178,USA,16.318,4,129,200401,3,,Manuela Maleeva Fragniere,R,173,SUI,23.116,9,84,6-4 6-3,3,F,,,,,,,,,,,,,,,,,,,
1990-804,Hilton Head,Clay,56,T1,,19900402,1,200589,,,Halle Cioffi,,,USA,20.658,69,18,200159,,,Rosie Casals,R,157,USA,41.542,,,6-3 6-4,3,R64,,,,,,,,,,,,,,,,,,,
1990-804,Hilton Head,Clay,56,T1,,19900402,2,200608,,,Audra Keller,,,USA,18.374,132,7,200674,14,,Bettina Fulco,R,,ARG,21.441,35,26,6-1 4-0 RET,3,R64,,,,,,,,,,,,,,,,,,,
1990-804,Hilton Head,Clay,56,T1,,19900402,3,200605,,,Regina Rajchrtova,,,TCH,22.155,46,22,200634,,Q,Elena Brioukhovets,,,UKR,18.818,168,5,2-6 6-4 6-3,3,R64,,,,,,,,,,,,,,,,,,,
1990-804,Hilton Head,Clay,56,T1,,19900402,4,201718,,Q,Akiko Gooden,,,USA,18.130,208,3,200500,,Q,Pilar Vasquez,,,PER,26.884,186,4,6-4 6-3,3,R64,,,,,,,,,,,,,,,,,,,
1990-804,Hilton Head,Clay,56,T1,,19900402,5,200641,,,Patricia Tarabini,R,165,ARG,21.654,61,20,201269,,Q,Eleni Rossides,,,USA,22.443,217,3,6-1 7-6,3,R64,,,,,,,,,,,,,,,,,,,
1990-804,Hilton Head,Clay,56,T1,,19900402,6,200569,,,Petra Langrova,,,TCH,19.765,68,18,200566,,,Donna Faber,,,USA,18.744,71,17,2-6 6-4 6-1,3,R64,,,,,,,,,,,,,,,,,,,
1990-804,Hilton Head,Clay,56,T1,,19900402,7,200601,11,,Leila Meskhi,R,164,GEO,22.240,27,36,200588,,Q,Renata Baranski,,,POL,25.101,141,6,3-6 6-2 6-0,3,R64,,,,,,,,,,,,,,,,,,,
1990-804,Hilton Head,Clay,56,T1,,19900402,8,200561,16,,Cathy Caverzasio,,,SUI,17.509,41,24,200398,,,Iva Budarova,,,TCH,29.671,122,8,6-2 6-3,3,R64,,,,,,,,,,,,,,,,,,,
1990-804,Hilton Head,Clay,56,T1,,19900402,9,200610,,,Stacey Martin,,,USA,19.384,84,15,200567,,,Jennifer Santrock,L,,USA,21.096,135,7,6-4 6-3,3,R64,,,,,,,,,,,,,,,,,,,
1990-804,Hilton Head,Clay,56,T1,,19900402,10,200407,,,Camille Benjamin,L,175,USA,23.833,115,9,201047,,,Andrea Vieira,,,BRA,19.154,94,13,6-4 6-2,3,R64,,,,,,,,,,,,,,,,,,,
1990-804,Hilton Head,Clay,56,T1,,19900402,11,200628,,,Sabrina Goles,,,YUG,24.830,109,11,200442,,,Andrea Temesvari,R,182,HUN,23.935,38,25,6-2 2-6 7-5,3,R64,,,,,,,,,,,,,,,,,,,
1990-804,Hilton Head,Clay,56,T1,,19900402,12,201021,,,Laura Garrone,R,166,ITA,22.380,86,15,201043,,,Barbara Romano,,,ITA,25.213,85,15,7-5 4-6 6-2,3,R64,,,,,,,,,,,,,,,,,,,
1990-804,Hilton Head,Clay,56,T1,,19900402,13,200640,,,Mercedes Paz,R,180,ARG,23.765,91,14,200570,,Q,Veronika Martinek,,160,GER,17.996,150,6,6-4 3-6 7-5,3,R64,,,,,,,,,,,,,,,,,,,
1990-804,Hilton Head,Clay,56,T1,,19900402,14,200503,10,,Gretchen Magers,R,170,USA,26.150,26,36,200614,,,Elena Pampoulova,,,BUL,17.876,,,6-3 6-3,3,R64,,,,,,,,,,,,,,,,,,,
1990-804,Hilton Head,Clay,56,T1,,19900402,15,200077,,,Jennifer Capriati,R,170,USA,14.010,,,200673,13,,Susan Sloane Lundy,R,,USA,19.324,34,28,6-4 6-1,3,R64,,,,,,,,,,,,,,,,,,,
1990-804,Hilton Head,Clay,56,T1,,19900402,16,201017,,,Angelika Kanellopoulou,R,,GRE,24.288,77,17,201040,,Q,Luciana Corsato Owsianka,,,BRA,24.195,185,4,6-2 6-4,3,R64,,,,,,,,,,,,,,,,,,,
1990-804,Hilton Head,Clay,56,T1,,19900402,17,200390,,,Mary Lou Piatek,R,,USA,28.655,101,12,200476,,,Cammy Macgregor,,168,USA,21.473,100,12,6-3 6-4,3,R64,,,,,,,,,,,,,,,,,,,
1990-804,Hilton Head,Clay,56,T1,,19900402,18,200650,12,,Isabel Cueto,R,,GER,21.328,31,31,200496,,,Terry Phelps,,,USA,23.289,92,14,6-2 6-3,3,R64,,,,,,,,,,,,,,,,,,,
1990-804,Hilton Head,Clay,56,T1,,19900402,19,200354,,,Claudia Kohde Kilsch,R,187,GER,26.309,54,20,200725,9,,Sandra Cecchini,R,170,ITA,25.093,24,41,6-3 6-1,3,R64,,,,,,,,,,,,,,,,,,,
1990-804,Hilton Head,Clay,56,T1,,19900402,20,201051,,,Laura Lapi,,,ITA,19.560,80,16,200402,,,Wendy White,R,,USA,29.506,108,11,6-1 6-4,3,R64,,,,,,,,,,,,,,,,,,,
1990-804,Hilton Head,Clay,56,T1,,19900402,21,200095,,,Linda Wild,R,,USA,19.138,112,10,200521,,Q,Hellas Ter Riet,,,NED,21.780,182,4,6-0 6-1,3,R64,,,,,,,,,,,,,,,,,,,
1990-804,Hilton Head,Clay,56,T1,,19900402,22,200473,,,Beverly Bowes,R,,USA,24.562,98,12,201877,,LL,Karen Shin,,,USA,21.742,199,3,4-6 6-2 6-2,3,R64,,,,,,,,,,,,,,,,,,,
1990-804,Hilton Head,Clay,56,T1,,19900402,23,200624,,,Tami Whitlinger Jones,,,USA,21.383,88,14,200448,,,Sandy Collins,,178,USA,31.470,188,4,3-6 6-1 6-2,3,R64,,,,,,,,,,,,,,,,,,,
1990-804,Hilton Head,Clay,56,T1,,19900402,24,200705,15,,Linda Ferrando,,170,ITA,24.220,37,26,201038,,LL,Karen Schimper,,,RSA,22.853,176,4,6-4 6-1,3,R64,,,,,,,,,,,,,,,,,,,
1990-804,Hilton Head,Clay,56,T1,,19900402,25,200293,1,,Martina Navratilova,L,173,USA,33.454,2,220,200589,,,Halle Cioffi,,,USA,20.658,69,18,6-2 6-1,3,R32,,,,,,,,,,,,,,,,,,,
1990-804,Hilton Head,Clay,56,T1,,19900402,26,200650,12,,Isabel Cueto,R,,GER,21.328,31,31,201021,,,Laura Garrone,R,166,ITA,22.380,86,15,6-1 6-3,3,R32,,,,,,,,,,,,,,,,,,,
1990-804,Hilton Head,Clay,56,T1,,19900402,27,201051,,,Laura Lapi,,,ITA,19.560,80,16,200354,,,Claudia Kohde Kilsch,R,187,GER,26.309,54,20,6-3 7-6,3,R32,,,,,,,,,,,,,,,,,,,
1990-804,Hilton Head,Clay,56,T1,,19900402,28,200455,5,,Katerina Maleeva,R,168,BUL,20.904,10,74,200095,,,Linda Wild,R,,USA,19.138,112,10,6-1 6-2,3,R32,,,,,,,,,,,,,,,,,,,
1990-804,Hilton Head,Clay,56,T1,,19900402,29,200404,3,,Zina Garrison,R,164,USA,26.377,6,115,200473,,,Beverly Bowes,R,,USA,24.562,98,12,6-2 6-2,3,R32,,,,,,,,,,,,,,,,,,,
1990-804,Hilton Head,Clay,56,T1,,19900402,30,200705,15,,Linda Ferrando,,170,ITA,24.220,37,26,200624,,,Tami Whitlinger Jones,,,USA,21.383,88,14,6-2 6-1,3,R32,,,,,,,,,,,,,,,,,,,
1990-804,Hilton Head,Clay,56,T1,,19900402,31,200605,,,Regina Rajchrtova,,,TCH,22.155,46,22,200608,,,Audra Keller,,,USA,18.374,132,7,4-6 6-2 6-1,3,R32,,,,,,,,,,,,,,,,,,,
1990-804,Hilton Head,Clay,56,T1,,19900402,32,200630,7,,Laura Arraya,R,173,PER,26.221,16,48,201718,,Q,Akiko Gooden,,,USA,18.130,208,3,6-1 6-4,3,R32,,,,,,,,,,,,,,,,,,,
1990-804,Hilton Head,Clay,56,T1,,19900402,33,200116,6,,Natalia Zvereva,R,174,BLR,18.963,14,50,200641,,,Patricia Tarabini,R,165,ARG,21.654,61,20,6-4 6-2,3,R32,,,,,,,,,,,,,,,,,,,
1990-804,Hilton Head,Clay,56,T1,,19900402,34,200601,11,,Leila Meskhi,R,164,GEO,22.240,27,36,200569,,,Petra Langrova,,,TCH,19.765,68,18,4-6 6-2 7-6,3,R32,,,,,,,,,,,,,,,,,,,
1990-804,Hilton Head,Clay,56,T1,,19900402,35,200561,16,,Cathy Caverzasio,,,SUI,17.509,41,24,200610,,,Stacey Martin,,,USA,19.384,84,15,6-1 6-2,3,R32,,,,,,,,,,,,,,,,,,,
1990-804,Hilton Head,Clay,56,T1,,19900402,36,200049,4,,Conchita Martinez,R,170,ESP,17.961,9,91,200407,,,Camille Benjamin,L,175,USA,23.833,115,9,7-6 6-0,3,R32,,,,,,,,,,,,,,,,,,,
1990-804,Hilton Head,Clay,56,T1,,19900402,37,200472,8,,Helen Kelesi,R,,CAN,20.378,23,41,200628,,,Sabrina Goles,,,YUG,24.830,109,11,6-2 6-2,3,R32,,,,,,,,,,,,,,,,,,,
1990-804,Hilton Head,Clay,56,T1,,19900402,38,200503,10,,Gretchen Magers,R,170,USA,26.150,26,36,200640,,,Mercedes Paz,R,180,ARG,23.765,91,14,6-4 4-6 6-3,3,R32,,,,,,,,,,,,,,,,,,,
1990-804,Hilton Head,Clay,56,T1,,19900402,39,200077,,,Jennifer Capriati,R,170,USA,14.010,,,201017,,,Angelika Kanellopoulou,R,,GRE,24.288,77,17,6-1 6-3,3,R32,,,,,,,,,,,,,,,,,,,
1990-804,Hilton Head,Clay,56,T1,,19900402,40,200017,2,,Arantxa Sanchez Vicario,R,168,ESP,18.289,5,131,200390,,,Mary Lou Piatek,R,,USA,28.655,101,12,6-2 6-2,3,R32,,,,,,,,,,,,,,,,,,,
1990-804,Hilton Head,Clay,56,T1,,19900402,41,200293,1,,Martina Navratilova,L,173,USA,33.454,2,220,200650,12,,Isabel Cueto,R,,GER,21.328,31,31,6-3 6-2,3,R16,,,,,,,,,,,,,,,,,,,
1990-804,Hilton Head,Clay,56,T1,,19900402,42,200455,5,,Katerina Maleeva,R,168,BUL,20.904,10,74,201051,,,Laura Lapi,,,ITA,19.560,80,16,7-5 6-3,3,R16,,,,,,,,,,,,,,,,,,,
1990-804,Hilton Head,Clay,56,T1,,19900402,43,200404,3,,Zina Garrison,R,164,USA,26.377,6,115,200705,15,,Linda Ferrando,,170,ITA,24.220,37,26,6-1 4-6 7-5,3,R16,,,,,,,,,,,,,,,,,,,
1990-804,Hilton Head,Clay,56,T1,,19900402,44,200605,,,Regina Rajchrtova,,,TCH,22.155,46,22,200630,7,,Laura Arraya,R,173,PER,26.221,16,48,6-4 6-2,3,R16,,,,,,,,,,,,,,,,,,,
1990-804,Hilton Head,Clay,56,T1,,19900402,45,200116,6,,Natalia Zvereva,R,174,BLR,18.963,14,50,200601,11,,Leila Meskhi,R,164,GEO,22.240,27,36,6-2 6-1,3,R16,,,,,,,,,,,,,,,,,,,
1990-804,Hilton Head,Clay,56,T1,,19900402,46,200049,4,,Conchita Martinez,R,170,ESP,17.961,9,91,200561,16,,Cathy Caverzasio,,,SUI,17.509,41,24,6-3 7-5,3,R16,,,,,,,,,,,,,,,,,,,
1990-804,Hilton Head,Clay,56,T1,,19900402,47,200472,8,,Helen Kelesi,R,,CAN,20.378,23,41,200503,10,,Gretchen Magers,R,170,USA,26.150,26,36,6-1 7-6,3,R16,,,,,,,,,,,,,,,,,,,
1990-804,Hilton Head,Clay,56,T1,,19900402,48,200077,,,Jennifer Capriati,R,170,USA,14.010,,,200017,2,,Arantxa Sanchez Vicario,R,168,ESP,18.289,5,131,6-1 6-1,3,R16,,,,,,,,,,,,,,,,,,,
1990-804,Hilton Head,Clay,56,T1,,19900402,49,200293,1,,Martina Navratilova,L,173,USA,33.454,2,220,200455,5,,Katerina Maleeva,R,168,BUL,20.904,10,74,6-0 6-1,3,QF,,,,,,,,,,,,,,,,,,,
1990-804,Hilton Head,Clay,56,T1,,19900402,50,200605,,,Regina Rajchrtova,,,TCH,22.155,46,22,200404,3,,Zina Garrison,R,164,USA,26.377,6,115,4-6 6-3 6-1,3,QF,,,,,,,,,,,,,,,,,,,
1990-804,Hilton Head,Clay,56,T1,,19900402,51,200116,6,,Natalia Zvereva,R,174,BLR,18.963,14,50,200049,4,,Conchita Martinez,R,170,ESP,17.961,9,91,7-6 6-0,3,QF,,,,,,,,,,,,,,,,,,,
1990-804,Hilton Head,Clay,56,T1,,19900402,52,200077,,,Jennifer Capriati,R,170,USA,14.010,,,200472,8,,Helen Kelesi,R,,CAN,20.378,23,41,6-2 4-6 6-1,3,QF,,,,,,,,,,,,,,,,,,,
1990-804,Hilton Head,Clay,56,T1,,19900402,53,200293,1,,Martina Navratilova,L,173,USA,33.454,2,220,200605,,,Regina Rajchrtova,,,TCH,22.155,46,22,6-4 6-3,3,SF,,,,,,,,,,,,,,,,,,,
1990-804,Hilton Head,Clay,56,T1,,19900402,54,200077,,,Jennifer Capriati,R,170,USA,14.010,,,200116,6,,Natalia Zvereva,R,174,BLR,18.963,14,50,6-0 6-4,3,SF,,,,,,,,,,,,,,,,,,,
1990-804,Hilton Head,Clay,56,T1,,19900402,55,200293,1,,Martina Navratilova,L,173,USA,33.454,2,220,200077,,,Jennifer Capriati,R,170,USA,14.010,,,6-2 6-4,3,F,,,,,,,,,,,,,,,,,,,
1990-803,Amelia Island,Clay,56,T2,,19900409,1,200569,,,Petra Langrova,,,TCH,19.784,65,19,200549,,Q,Penny Barg,R,,USA,25.994,332,1,6-0 6-0,3,R64,,,,,,,,,,,,,,,,,,,
1990-803,Amelia Island,Clay,56,T2,,19900409,2,200601,9,,Leila Meskhi,R,164,GEO,22.259,29,33,201031,,Q,Niurka Sodupe,,,USA,20.972,407,0,6-2 6-2,3,R64,,,,,,,,,,,,,,,,,,,
1990-803,Amelia Island,Clay,56,T2,,19900409,3,201017,,,Angelika Kanellopoulou,R,,GRE,24.307,71,18,200476,,,Cammy Macgregor,,168,USA,21.493,106,11,6-3 6-7 6-4,3,R64,,,,,,,,,,,,,,,,,,,
1990-803,Amelia Island,Clay,56,T2,,19900409,4,200595,,,Ann Grossman,,,USA,19.488,81,16,201021,,,Laura Garrone,R,166,ITA,22.399,85,16,6-3 6-3,3,R64,,,,,,,,,,,,,,,,,,,
1990-803,Amelia Island,Clay,56,T2,,19900409,5,200640,,,Mercedes Paz,R,180,ARG,23.784,92,14,201047,,,Andrea Vieira,,,BRA,19.174,95,13,1-6 6-3 6-1,3,R64,,,,,,,,,,,,,,,,,,,
1990-803,Amelia Island,Clay,56,T2,,19900409,6,200095,,,Linda Wild,R,,USA,19.157,113,10,201194,,Q,Tammy Whittington,,,USA,24.491,352,1,3-6 6-1 6-2,3,R64,,,,,,,,,,,,,,,,,,,
1990-803,Amelia Island,Clay,56,T2,,19900409,7,200674,11,,Bettina Fulco,R,,ARG,21.460,40,25,200398,,,Iva Budarova,,,TCH,29.690,136,7,4-6 6-1 6-0,3,R64,,,,,,,,,,,,,,,,,,,
1990-803,Amelia Island,Clay,56,T2,,19900409,8,200419,16,,Kathy Rinaldi Stunkel,,,USA,23.045,51,21,200560,,,Rene Simpson,L,165,CAN,24.233,129,7,5-7 6-2 6-1,3,R64,,,,,,,,,,,,,,,,,,,
1990-803,Amelia Island,Clay,56,T2,,19900409,9,200566,,,Donna Faber,,,USA,18.763,73,17,201046,,,Silvia La Fratta,R,,ITA,22.426,145,6,6-2 6-1,3,R64,,,,,,,,,,,,,,,,,,,
1990-803,Amelia Island,Clay,56,T2,,19900409,10,201051,,,Laura Lapi,,,ITA,19.579,66,18,200427,,,Beth Herr,R,170,USA,25.865,171,5,7-6 6-2,3,R64,,,,,,,,,,,,,,,,,,,
1990-803,Amelia Island,Clay,56,T2,,19900409,11,200407,,,Camille Benjamin,L,175,USA,23.853,116,9,200624,,,Tami Whitlinger Jones,,,USA,21.402,88,14,3-6 7-6 6-4,3,R64,,,,,,,,,,,,,,,,,,,
1990-803,Amelia Island,Clay,56,T2,,19900409,12,200608,,,Audra Keller,,,USA,18.393,124,8,200587,,,Silke Meier,,,GER,21.739,127,8,7-6 6-4,3,R64,,,,,,,,,,,,,,,,,,,
1990-803,Amelia Island,Clay,56,T2,,19900409,13,200568,,,Andrea Farley,,,USA,18.525,278,1,200588,,,Renata Baranski,,,POL,25.120,141,6,6-2 6-0,3,R64,,,,,,,,,,,,,,,,,,,
1990-803,Amelia Island,Clay,56,T2,,19900409,14,200650,10,,Isabel Cueto,R,,GER,21.347,30,32,200641,,,Patricia Tarabini,R,165,ARG,21.673,54,20,6-4 6-2,3,R64,,,,,,,,,,,,,,,,,,,
1990-803,Amelia Island,Clay,56,T2,,19900409,15,200561,14,,Cathy Caverzasio,,,SUI,17.528,36,27,200473,,,Beverly Bowes,R,,USA,24.581,100,12,2-6 6-1 7-6,3,R64,,,,,,,,,,,,,,,,,,,
1990-803,Amelia Island,Clay,56,T2,,19900409,16,201722,,Q,Luanne Spadea,,,USA,17.279,206,3,200403,,,Andrea Leand,R,173,USA,26.224,137,7,6-4 6-4,3,R64,,,,,,,,,,,,,,,,,,,
1990-803,Amelia Island,Clay,56,T2,,19900409,17,200354,,,Claudia Kohde Kilsch,R,187,GER,26.328,55,20,200567,,,Jennifer Santrock,L,,USA,21.115,140,6,6-3 4-6 6-3,3,R64,,,,,,,,,,,,,,,,,,,
1990-803,Amelia Island,Clay,56,T2,,19900409,18,200442,13,,Andrea Temesvari,R,182,HUN,23.954,42,24,200614,,,Elena Pampoulova,,,BUL,17.895,,,7-5 7-5,3,R64,,,,,,,,,,,,,,,,,,,
1990-803,Amelia Island,Clay,56,T2,,19900409,19,200705,12,,Linda Ferrando,,170,ITA,24.239,45,23,200573,,,Cecilia Dahlman,R,178,SWE,21.709,82,16,6-3 6-3,3,R64,,,,,,,,,,,,,,,,,,,
1990-803,Amelia Island,Clay,56,T2,,19900409,20,201718,,Q,Akiko Gooden,,,USA,18.150,193,4,200521,,Q,Hellas Ter Riet,,,NED,21.799,182,4,6-2 7-6,3,R64,,,,,,,,,,,,,,,,,,,
1990-803,Amelia Island,Clay,56,T2,,19900409,21,200423,,Q,Carling Bassett Seguso,R,168,CAN,22.500,,,200540,,Q,Amy Schwartz,,,USA,20.600,217,3,6-2 6-1,3,R64,,,,,,,,,,,,,,,,,,,
1990-803,Amelia Island,Clay,56,T2,,19900409,22,201043,,,Barbara Romano,,,ITA,25.233,93,14,200602,,,Shaun Stafford,R,180,USA,21.320,68,18,6-1 2-6 6-4,3,R64,,,,,,,,,,,,,,,,,,,
1990-803,Amelia Island,Clay,56,T2,,19900409,23,200448,,,Sandy Collins,,178,USA,31.489,189,4,200628,,,Sabrina Goles,,,YUG,24.849,102,12,6-4 2-6 7-5,3,R64,,,,,,,,,,,,,,,,,,,
1990-803,Amelia Island,Clay,56,T2,,19900409,24,200570,,Q,Veronika Martinek,,160,GER,18.015,147,6,200605,15,,Regina Rajchrtova,,,TCH,22.174,35,28,6-1 6-3,3,R64,,,,,,,,,,,,,,,,,,,
1990-803,Amelia Island,Clay,56,T2,,19900409,25,200414,1,,Steffi Graf,R,175,GER,20.819,1,310,200569,,,Petra Langrova,,,TCH,19.784,65,19,6-1 6-0,3,R32,,,,,,,,,,,,,,,,,,,
1990-803,Amelia Island,Clay,56,T2,,19900409,26,200442,13,,Andrea Temesvari,R,182,HUN,23.954,42,24,200608,,,Audra Keller,,,USA,18.393,124,8,6-4 6-2,3,R32,,,,,,,,,,,,,,,,,,,
1990-803,Amelia Island,Clay,56,T2,,19900409,27,200705,12,,Linda Ferrando,,170,ITA,24.239,45,23,201718,,Q,Akiko Gooden,,,USA,18.150,193,4,3-6 6-4 6-2,3,R32,,,,,,,,,,,,,,,,,,,
1990-803,Amelia Island,Clay,56,T2,,19900409,28,200423,,Q,Carling Bassett Seguso,R,168,CAN,22.500,,,200725,7,,Sandra Cecchini,R,170,ITA,25.112,24,39,6-4 3-6 6-4,3,R32,,,,,,,,,,,,,,,,,,,
1990-803,Amelia Island,Clay,56,T2,,19900409,29,200404,4,,Zina Garrison,R,164,USA,26.396,6,112,201043,,,Barbara Romano,,,ITA,25.233,93,14,6-3 6-7 6-0,3,R32,,,,,,,,,,,,,,,,,,,
1990-803,Amelia Island,Clay,56,T2,,19900409,30,200570,,Q,Veronika Martinek,,160,GER,18.015,147,6,200448,,,Sandy Collins,,178,USA,31.489,189,4,6-0 7-5,3,R32,,,,,,,,,,,,,,,,,,,
1990-803,Amelia Island,Clay,56,T2,,19900409,31,201017,,,Angelika Kanellopoulou,R,,GRE,24.307,71,18,200601,9,,Leila Meskhi,R,164,GEO,22.259,29,33,0-6 7-6 6-4,3,R32,,,,,,,,,,,,,,,,,,,
1990-803,Amelia Island,Clay,56,T2,,19900409,32,200116,5,,Natalia Zvereva,R,174,BLR,18.982,18,46,200595,,,Ann Grossman,,,USA,19.488,81,16,6-2 6-2,3,R32,,,,,,,,,,,,,,,,,,,
1990-803,Amelia Island,Clay,56,T2,,19900409,33,200472,6,,Helen Kelesi,R,,CAN,20.397,22,43,200640,,,Mercedes Paz,R,180,ARG,23.784,92,14,6-3 6-4,3,R32,,,,,,,,,,,,,,,,,,,
1990-803,Amelia Island,Clay,56,T2,,19900409,34,200674,11,,Bettina Fulco,R,,ARG,21.460,40,25,200095,,,Linda Wild,R,,USA,19.157,113,10,W/O,3,R32,,,,,,,,,,,,,,,,,,,
1990-803,Amelia Island,Clay,56,T2,,19900409,35,200419,16,,Kathy Rinaldi Stunkel,,,USA,23.045,51,21,200566,,,Donna Faber,,,USA,18.763,73,17,6-4 6-2,3,R32,,,,,,,,,,,,,,,,,,,
1990-803,Amelia Island,Clay,56,T2,,19900409,36,200017,3,,Arantxa Sanchez Vicario,R,168,ESP,18.308,5,127,201051,,,Laura Lapi,,,ITA,19.579,66,18,6-3 7-5,3,R32,,,,,,,,,,,,,,,,,,,
1990-803,Amelia Island,Clay,56,T2,,19900409,37,200503,8,,Gretchen Magers,R,170,USA,26.169,27,36,200407,,,Camille Benjamin,L,175,USA,23.853,116,9,6-1 6-4,3,R32,,,,,,,,,,,,,,,,,,,
1990-803,Amelia Island,Clay,56,T2,,19900409,38,200650,10,,Isabel Cueto,R,,GER,21.347,30,32,200568,,,Andrea Farley,,,USA,18.525,278,1,6-3 6-1,3,R32,,,,,,,,,,,,,,,,,,,
1990-803,Amelia Island,Clay,56,T2,,19900409,39,200561,14,,Cathy Caverzasio,,,SUI,17.528,36,27,201722,,Q,Luanne Spadea,,,USA,17.279,206,3,6-4 6-2,3,R32,,,,,,,,,,,,,,,,,,,
1990-803,Amelia Island,Clay,56,T2,,19900409,40,200572,2,,Gabriela Sabatini,R,175,ARG,19.899,3,150,200354,,,Claudia Kohde Kilsch,R,187,GER,26.328,55,20,6-2 6-1,3,R32,,,,,,,,,,,,,,,,,,,
1990-803,Amelia Island,Clay,56,T2,,19900409,41,200414,1,,Steffi Graf,R,175,GER,20.819,1,310,200442,13,,Andrea Temesvari,R,182,HUN,23.954,42,24,6-0 6-1,3,R16,,,,,,,,,,,,,,,,,,,
1990-803,Amelia Island,Clay,56,T2,,19900409,42,200423,,Q,Carling Bassett Seguso,R,168,CAN,22.500,,,200705,12,,Linda Ferrando,,170,ITA,24.239,45,23,6-4 6-2,3,R16,,,,,,,,,,,,,,,,,,,
1990-803,Amelia Island,Clay,56,T2,,19900409,43,200404,4,,Zina Garrison,R,164,USA,26.396,6,112,200570,,Q,Veronika Martinek,,160,GER,18.015,147,6,6-4 6-4,3,R16,,,,,,,,,,,,,,,,,,,
1990-803,Amelia Island,Clay,56,T2,,19900409,44,200116,5,,Natalia Zvereva,R,174,BLR,18.982,18,46,201017,,,Angelika Kanellopoulou,R,,GRE,24.307,71,18,6-1 6-3,3,R16,,,,,,,,,,,,,,,,,,,
1990-803,Amelia Island,Clay,56,T2,,19900409,45,200472,6,,Helen Kelesi,R,,CAN,20.397,22,43,200674,11,,Bettina Fulco,R,,ARG,21.460,40,25,6-2 7-6,3,R16,,,,,,,,,,,,,,,,,,,
1990-803,Amelia Island,Clay,56,T2,,19900409,46,200017,3,,Arantxa Sanchez Vicario,R,168,ESP,18.308,5,127,200419,16,,Kathy Rinaldi Stunkel,,,USA,23.045,51,21,6-0 6-1,3,R16,,,,,,,,,,,,,,,,,,,
1990-803,Amelia Island,Clay,56,T2,,19900409,47,200650,10,,Isabel Cueto,R,,GER,21.347,30,32,200503,8,,Gretchen Magers,R,170,USA,26.169,27,36,6-1 6-4,3,R16,,,,,,,,,,,,,,,,,,,
1990-803,Amelia Island,Clay,56,T2,,19900409,48,200572,2,,Gabriela Sabatini,R,175,ARG,19.899,3,150,200561,14,,Cathy Caverzasio,,,SUI,17.528,36,27,6-4 6-0,3,R16,,,,,,,,,,,,,,,,,,,
1990-803,Amelia Island,Clay,56,T2,,19900409,49,200414,1,,Steffi Graf,R,175,GER,20.819,1,310,200423,,Q,Carling Bassett Seguso,R,168,CAN,22.500,,,6-4 6-4,3,QF,,,,,,,,,,,,,,,,,,,
1990-803,Amelia Island,Clay,56,T2,,19900409,50,200116,5,,Natalia Zvereva,R,174,BLR,18.982,18,46,200404,4,,Zina Garrison,R,164,USA,26.396,6,112,6-1 2-6 7-6,3,QF,,,,,,,,,,,,,,,,,,,
1990-803,Amelia Island,Clay,56,T2,,19900409,51,200017,3,,Arantxa Sanchez Vicario,R,168,ESP,18.308,5,127,200472,6,,Helen Kelesi,R,,CAN,20.397,22,43,7-5 6-4,3,QF,,,,,,,,,,,,,,,,,,,
1990-803,Amelia Island,Clay,56,T2,,19900409,52,200572,2,,Gabriela Sabatini,R,175,ARG,19.899,3,150,200650,10,,Isabel Cueto,R,,GER,21.347,30,32,6-3 6-3,3,QF,,,,,,,,,,,,,,,,,,,
1990-803,Amelia Island,Clay,56,T2,,19900409,53,200414,1,,Steffi Graf,R,175,GER,20.819,1,310,200116,5,,Natalia Zvereva,R,174,BLR,18.982,18,46,7-6 6-7 6-1,3,SF,,,,,,,,,,,,,,,,,,,
1990-803,Amelia Island,Clay,56,T2,,19900409,54,200017,3,,Arantxa Sanchez Vicario,R,168,ESP,18.308,5,127,200572,2,,Gabriela Sabatini,R,175,ARG,19.899,3,150,6-4 6-0,3,SF,,,,,,,,,,,,,,,,,,,
1990-803,Amelia Island,Clay,56,T2,,19900409,55,200414,1,,Steffi Graf,R,175,GER,20.819,1,310,200017,3,,Arantxa Sanchez Vicario,R,168,ESP,18.308,5,127,6-1 6-0,3,F,,,,,,,,,,,,,,,,,,,
1990-1062,Tokyo Japan Open,Hard,32,T4,,19900410,1,200453,1,,Catarina Lindqvist Ryan,R,165,SWE,26.826,34,29,200392,,Q,Jo Durie,R,163,GBR,29.704,132,7,6-4 6-4,3,R32,,,,,,,,,,,,,,,,,,,
1990-1062,Tokyo Japan Open,Hard,32,T4,,19900410,2,200547,,,Sandra Wasserman,R,173,BEL,20.085,75,17,200498,,,Michelle Jaggard Lai,R,146,AUS,20.929,123,8,6-4 6-3,3,R32,,,,,,,,,,,,,,,,,,,
1990-1062,Tokyo Japan Open,Hard,32,T4,,19900410,3,200483,,,Kumiko Okamoto,,,JPN,25.137,109,11,200501,,,Marianne Werdel Witmeyer,,,USA,22.481,103,12,6-3 6-2,3,R32,,,,,,,,,,,,,,,,,,,
1990-1062,Tokyo Japan Open,Hard,32,T4,,19900410,4,200333,4,,Betsy Nagelsen,R,175,USA,33.463,47,22,200468,,,Hu Na,,,USA,26.985,104,11,6-1 6-2,3,R32,,,,,,,,,,,,,,,,,,,
1990-1062,Tokyo Japan Open,Hard,32,T4,,19900410,5,200424,7,,Etsuko Inoue,R,164,JPN,25.476,56,20,200615,,Q,Kristin Godridge,,,HKG,17.169,146,6,6-0 6-1,3,R32,,,,,,,,,,,,,,,,,,,
1990-1062,Tokyo Japan Open,Hard,32,T4,,19900410,6,200617,,,Kimiko Date Krumm,R,163,JPN,19.532,69,18,200535,,,Jo Anne Faull,,,AUS,19.239,70,18,6-0 6-0,3,R32,,,,,,,,,,,,,,,,,,,
1990-1062,Tokyo Japan Open,Hard,32,T4,,19900410,7,200644,,,Naoko Sawamatsu,R,167,JPN,17.049,180,4,200659,,,Rika Hiraki,R,157,JPN,18.344,192,4,6-3 6-1,3,R32,,,,,,,,,,,,,,,,,,,
1990-1062,Tokyo Japan Open,Hard,32,T4,,19900410,8,200474,,,Louise Allen,,,USA,28.255,170,5,200346,2,,Anne Minter,R,165,AUS,27.020,39,25,6-4 6-4,3,R32,,,,,,,,,,,,,,,,,,,
1990-1062,Tokyo Japan Open,Hard,32,T4,,19900410,9,200037,,,Sabine Appelmans,L,168,BEL,17.966,77,17,200384,,,Eva Pfaff,R,175,GER,29.161,154,5,6-2 6-2,3,R32,,,,,,,,,,,,,,,,,,,
1990-1062,Tokyo Japan Open,Hard,32,T4,,19900410,10,200562,,,Martina Pawlik,,,GER,20.337,121,8,200487,,,Eva Krapl,R,180,SUI,24.230,118,9,6-2 5-7 6-4,3,R32,,,,,,,,,,,,,,,,,,,
1990-1062,Tokyo Japan Open,Hard,32,T4,,19900410,11,200462,5,,Belinda Cordwell,L,175,NZL,24.551,50,22,200441,,,Louise Field,,,AUS,23.122,111,11,7-5 3-6 6-4,3,R32,,,,,,,,,,,,,,,,,,,
1990-1062,Tokyo Japan Open,Hard,32,T4,,19900410,12,200464,,,Ann Henricksson,,,USA,30.443,98,12,200428,3,,Lori Mcneil,,170,USA,26.311,43,24,4-6 7-6 7-5,3,R32,,,,,,,,,,,,,,,,,,,
1990-1062,Tokyo Japan Open,Hard,32,T4,,19900410,13,200574,,Q,Eva Sviglerova,,,CZE,18.744,134,7,200622,,,Maya Kidowaki,,,JPN,20.898,108,11,6-7 6-3 6-3,3,R32,,,,,,,,,,,,,,,,,,,
1990-1062,Tokyo Japan Open,Hard,32,T4,,19900410,14,200514,,,Monique Javer,R,,GBR,22.719,107,11,200416,,,Robin White,R,164,USA,26.333,76,17,7-6 6-3,3,R32,,,,,,,,,,,,,,,,,,,
1990-1062,Tokyo Japan Open,Hard,32,T4,,19900410,15,200606,,,Nana Smith,R,163,JPN,19.001,80,16,200495,8,,Akiko Kijimuta,,,JPN,21.942,63,19,6-3 6-3,3,R32,,,,,,,,,,,,,,,,,,,
1990-1062,Tokyo Japan Open,Hard,32,T4,,19900410,16,200362,6,,Liz Smylie,R,170,AUS,26.999,52,21,200542,,Q,Clare Wood,R,,GBR,22.089,153,5,3-6 6-1 7-5,3,R32,,,,,,,,,,,,,,,,,,,
1990-1062,Tokyo Japan Open,Hard,32,T4,,19900410,17,200453,1,,Catarina Lindqvist Ryan,R,165,SWE,26.826,34,29,200037,,,Sabine Appelmans,L,168,BEL,17.966,77,17,7-5 6-2,3,R16,,,,,,,,,,,,,,,,,,,
1990-1062,Tokyo Japan Open,Hard,32,T4,,19900410,18,200462,5,,Belinda Cordwell,L,175,NZL,24.551,50,22,200562,,,Martina Pawlik,,,GER,20.337,121,8,7-5 6-2,3,R16,,,,,,,,,,,,,,,,,,,
1990-1062,Tokyo Japan Open,Hard,32,T4,,19900410,19,200574,,Q,Eva Sviglerova,,,CZE,18.744,134,7,200464,,,Ann Henricksson,,,USA,30.443,98,12,6-1 6-2,3,R16,,,,,,,,,,,,,,,,,,,
1990-1062,Tokyo Japan Open,Hard,32,T4,,19900410,20,200514,,,Monique Javer,R,,GBR,22.719,107,11,200606,,,Nana Smith,R,163,JPN,19.001,80,16,7-6 6-2,3,R16,,,,,,,,,,,,,,,,,,,
1990-1062,Tokyo Japan Open,Hard,32,T4,,19900410,21,200362,6,,Liz Smylie,R,170,AUS,26.999,52,21,200547,,,Sandra Wasserman,R,173,BEL,20.085,75,17,5-7 6-0 6-1,3,R16,,,,,,,,,,,,,,,,,,,
1990-1062,Tokyo Japan Open,Hard,32,T4,,19900410,22,200483,,,Kumiko Okamoto,,,JPN,25.137,109,11,200333,4,,Betsy Nagelsen,R,175,USA,33.463,47,22,6-1 6-2,3,R16,,,,,,,,,,,,,,,,,,,
1990-1062,Tokyo Japan Open,Hard,32,T4,,19900410,23,200617,,,Kimiko Date Krumm,R,163,JPN,19.532,69,18,200424,7,,Etsuko Inoue,R,164,JPN,25.476,56,20,6-2 6-4,3,R16,,,,,,,,,,,,,,,,,,,
1990-1062,Tokyo Japan Open,Hard,32,T4,,19900410,24,200644,,,Naoko Sawamatsu,R,167,JPN,17.049,180,4,200474,,,Louise Allen,,,USA,28.255,170,5,7-6 7-5,3,R16,,,,,,,,,,,,,,,,,,,
1990-1062,Tokyo Japan Open,Hard,32,T4,,19900410,25,200453,1,,Catarina Lindqvist Ryan,R,165,SWE,26.826,34,29,200462,5,,Belinda Cordwell,L,175,NZL,24.551,50,22,6-2 6-2,3,QF,,,,,,,,,,,,,,,,,,,
1990-1062,Tokyo Japan Open,Hard,32,T4,,19900410,26,200574,,Q,Eva Sviglerova,,,CZE,18.744,134,7,200514,,,Monique Javer,R,,GBR,22.719,107,11,6-1 6-4,3,QF,,,,,,,,,,,,,,,,,,,
1990-1062,Tokyo Japan Open,Hard,32,T4,,19900410,27,200362,6,,Liz Smylie,R,170,AUS,26.999,52,21,200483,,,Kumiko Okamoto,,,JPN,25.137,109,11,6-3 6-2,3,QF,,,,,,,,,,,,,,,,,,,
1990-1062,Tokyo Japan Open,Hard,32,T4,,19900410,28,200644,,,Naoko Sawamatsu,R,167,JPN,17.049,180,4,200617,,,Kimiko Date Krumm,R,163,JPN,19.532,69,18,6-4 7-6,3,QF,,,,,,,,,,,,,,,,,,,
1990-1062,Tokyo Japan Open,Hard,32,T4,,19900410,29,200453,1,,Catarina Lindqvist Ryan,R,165,SWE,26.826,34,29,200574,,Q,Eva Sviglerova,,,CZE,18.744,134,7,6-1 6-2,3,SF,,,,,,,,,,,,,,,,,,,
1990-1062,Tokyo Japan Open,Hard,32,T4,,19900410,30,200362,6,,Liz Smylie,R,170,AUS,26.999,52,21,200644,,,Naoko Sawamatsu,R,167,JPN,17.049,180,4,6-1 6-2,3,SF,,,,,,,,,,,,,,,,,,,
1990-1062,Tokyo Japan Open,Hard,32,T4,,19900410,31,200453,1,,Catarina Lindqvist Ryan,R,165,SWE,26.826,34,29,200362,6,,Liz Smylie,R,170,AUS,26.999,52,21,6-3 6-2,3,F,,,,,,,,,,,,,,,,,,,
1990-918,Tampa,Clay,32,T3,,19900416,1,200652,1,,Monica Seles,L,178,USA,16.370,3,137,200448,,LL,Sandy Collins,,178,USA,31.508,169,5,6-1 6-1,3,R32,,,,,,,,,,,,,,,,,,,
1990-918,Tampa,Clay,32,T3,,19900416,2,200521,,LL,Hellas Ter Riet,,,NED,21.818,184,4,200533,,,Pam Casale,R,,USA,26.322,245,2,6-2 6-0,3,R32,,,,,,,,,,,,,,,,,,,
1990-918,Tampa,Clay,32,T3,,19900416,3,200705,,,Linda Ferrando,,170,ITA,24.258,47,23,201040,,Q,Luciana Corsato Owsianka,,,BRA,24.233,180,4,6-2 3-6 6-1,3,R32,,,,,,,,,,,,,,,,,,,
1990-918,Tampa,Clay,32,T3,,19900416,4,200455,4,,Katerina Maleeva,R,168,BUL,20.942,10,73,201046,,Q,Silvia La Fratta,R,,ITA,22.445,147,6,6-1 6-0,3,R32,,,,,,,,,,,,,,,,,,,
1990-918,Tampa,Clay,32,T3,,19900416,5,200472,6,,Helen Kelesi,R,,CAN,20.417,21,44,200640,,,Mercedes Paz,R,180,ARG,23.803,93,14,7-6 5-7 7-6,3,R32,,,,,,,,,,,,,,,,,,,
1990-918,Tampa,Clay,32,T3,,19900416,6,200661,,Q,Samantha Smith,R,,GBR,18.385,199,3,200569,,,Petra Langrova,,,TCH,19.803,64,19,4-6 6-4 6-1,3,R32,,,,,,,,,,,,,,,,,,,
1990-918,Tampa,Clay,32,T3,,19900416,7,200573,,,Cecilia Dahlman,R,178,SWE,21.728,77,16,200440,,,Shawn Foltz,R,,USA,22.319,214,3,6-2 6-0,3,R32,,,,,,,,,,,,,,,,,,,
1990-918,Tampa,Clay,32,T3,,19900416,8,200017,2,,Arantxa Sanchez Vicario,R,168,ESP,18.328,5,132,200624,,,Tami Whitlinger Jones,,,USA,21.421,94,14,6-4 6-2,3,R32,,,,,,,,,,,,,,,,,,,
1990-918,Tampa,Clay,32,T3,,19900416,9,200566,,,Donna Faber,,,USA,18.782,67,18,200439,,,Jenny Byrne,,,AUS,23.138,215,3,6-3 6-2,3,R32,,,,,,,,,,,,,,,,,,,
1990-918,Tampa,Clay,32,T3,,19900416,10,200390,,,Mary Lou Piatek,R,,USA,28.693,99,12,201047,,,Andrea Vieira,,,BRA,19.193,95,13,6-4 6-2,3,R32,,,,,,,,,,,,,,,,,,,
1990-918,Tampa,Clay,32,T3,,19900416,11,200673,8,,Susan Sloane Lundy,R,,USA,19.362,36,26,200602,,,Shaun Stafford,R,180,USA,21.339,71,17,6-4 2-6 7-5,3,R32,,,,,,,,,,,,,,,,,,,
1990-918,Tampa,Clay,32,T3,,19900416,12,200049,3,,Conchita Martinez,R,170,ESP,17.999,8,96,200674,,,Bettina Fulco,R,,ARG,21.479,39,25,6-1 7-6,3,R32,,,,,,,,,,,,,,,,,,,
1990-918,Tampa,Clay,32,T3,,19900416,13,200013,,,Angelica Gavaldon,R,,MEX,16.534,57,20,201017,,,Angelika Kanellopoulou,R,,GRE,24.326,79,16,6-1 6-4,3,R32,,,,,,,,,,,,,,,,,,,
1990-918,Tampa,Clay,32,T3,,19900416,14,200476,,,Cammy Macgregor,,168,USA,21.512,108,11,200473,,,Beverly Bowes,R,,USA,24.600,101,12,6-4 6-4,3,R32,,,,,,,,,,,,,,,,,,,
1990-918,Tampa,Clay,32,T3,,19900416,15,200587,,Q,Silke Meier,,,GER,21.758,132,7,200630,5,,Laura Arraya,R,173,PER,26.259,16,51,6-1 6-4,3,R32,,,,,,,,,,,,,,,,,,,
1990-918,Tampa,Clay,32,T3,,19900416,16,200725,7,,Sandra Cecchini,R,170,ITA,25.131,25,38,200595,,,Ann Grossman,,,USA,19.508,82,16,7-5 6-2,3,R32,,,,,,,,,,,,,,,,,,,
1990-918,Tampa,Clay,32,T3,,19900416,17,200652,1,,Monica Seles,L,178,USA,16.370,3,137,200566,,,Donna Faber,,,USA,18.782,67,18,6-0 6-1,3,R16,,,,,,,,,,,,,,,,,,,
1990-918,Tampa,Clay,32,T3,,19900416,18,200673,8,,Susan Sloane Lundy,R,,USA,19.362,36,26,200390,,,Mary Lou Piatek,R,,USA,28.693,99,12,6-2 6-4,3,R16,,,,,,,,,,,,,,,,,,,
1990-918,Tampa,Clay,32,T3,,19900416,19,200049,3,,Conchita Martinez,R,170,ESP,17.999,8,96,200013,,,Angelica Gavaldon,R,,MEX,16.534,57,20,6-3 6-1,3,R16,,,,,,,,,,,,,,,,,,,
1990-918,Tampa,Clay,32,T3,,19900416,20,200476,,,Cammy Macgregor,,168,USA,21.512,108,11,200587,,Q,Silke Meier,,,GER,21.758,132,7,2-6 6-2 7-6,3,R16,,,,,,,,,,,,,,,,,,,
1990-918,Tampa,Clay,32,T3,,19900416,21,200725,7,,Sandra Cecchini,R,170,ITA,25.131,25,38,200521,,LL,Hellas Ter Riet,,,NED,21.818,184,4,6-4 6-2,3,R16,,,,,,,,,,,,,,,,,,,
1990-918,Tampa,Clay,32,T3,,19900416,22,200455,4,,Katerina Maleeva,R,168,BUL,20.942,10,73,200705,,,Linda Ferrando,,170,ITA,24.258,47,23,6-2 6-1,3,R16,,,,,,,,,,,,,,,,,,,
1990-918,Tampa,Clay,32,T3,,19900416,23,200472,6,,Helen Kelesi,R,,CAN,20.417,21,44,200661,,Q,Samantha Smith,R,,GBR,18.385,199,3,6-2 6-4,3,R16,,,,,,,,,,,,,,,,,,,
1990-918,Tampa,Clay,32,T3,,19900416,24,200017,2,,Arantxa Sanchez Vicario,R,168,ESP,18.328,5,132,200573,,,Cecilia Dahlman,R,178,SWE,21.728,77,16,3-6 6-3 6-0,3,R16,,,,,,,,,,,,,,,,,,,
1990-918,Tampa,Clay,32,T3,,19900416,25,200652,1,,Monica Seles,L,178,USA,16.370,3,137,200673,8,,Susan Sloane Lundy,R,,USA,19.362,36,26,6-2 6-0,3,QF,,,,,,,,,,,,,,,,,,,
1990-918,Tampa,Clay,32,T3,,19900416,26,200049,3,,Conchita Martinez,R,170,ESP,17.999,8,96,200476,,,Cammy Macgregor,,168,USA,21.512,108,11,6-2 6-3,3,QF,,,,,,,,,,,,,,,,,,,
1990-918,Tampa,Clay,32,T3,,19900416,27,200455,4,,Katerina Maleeva,R,168,BUL,20.942,10,73,200725,7,,Sandra Cecchini,R,170,ITA,25.131,25,38,6-4 6-2,3,QF,,,,,,,,,,,,,,,,,,,
1990-918,Tampa,Clay,32,T3,,19900416,28,200017,2,,Arantxa Sanchez Vicario,R,168,ESP,18.328,5,132,200472,6,,Helen Kelesi,R,,CAN,20.417,21,44,6-3 6-2,3,QF,,,,,,,,,,,,,,,,,,,
1990-918,Tampa,Clay,32,T3,,19900416,29,200652,1,,Monica Seles,L,178,USA,16.370,3,137,200049,3,,Conchita Martinez,R,170,ESP,17.999,8,96,6-4 6-0,3,SF,,,,,,,,,,,,,,,,,,,
1990-918,Tampa,Clay,32,T3,,19900416,30,200455,4,,Katerina Maleeva,R,168,BUL,20.942,10,73,200017,2,,Arantxa Sanchez Vicario,R,168,ESP,18.328,5,132,6-4 6-2,3,SF,,,,,,,,,,,,,,,,,,,
1990-918,Tampa,Clay,32,T3,,19900416,31,200652,1,,Monica Seles,L,178,USA,16.370,3,137,200455,4,,Katerina Maleeva,R,168,BUL,20.942,10,73,6-1 6-0,3,F,,,,,,,,,,,,,,,,,,,
1990-211,Barcelona,Clay,28,T4,,19900423,1,200651,,,Sabine Hack,,170,GER,20.781,80,16,202021,,,Estefania Bottini,,,ESP,16.217,,,6-2 6-1,3,R32,,,,,,,,,,,,,,,,,,,
1990-211,Barcelona,Clay,28,T4,,19900423,2,200584,,,Laura Golarsa,R,165,ITA,22.404,66,18,200530,5,,Radomira Zrubakova,R,169,SVK,19.324,34,29,7-5 6-0,3,R32,,,,,,,,,,,,,,,,,,,
1990-211,Barcelona,Clay,28,T4,,19900423,3,201051,,,Laura Lapi,,,ITA,19.617,70,17,201047,,,Andrea Vieira,,,BRA,19.212,106,12,6-4 6-2,3,R32,,,,,,,,,,,,,,,,,,,
1990-211,Barcelona,Clay,28,T4,,19900423,4,201050,,,Immaculada Varas Caro,,,ESP,25.372,281,1,200573,,,Cecilia Dahlman,R,178,SWE,21.747,68,17,6-4 6-3,3,R32,,,,,,,,,,,,,,,,,,,
1990-211,Barcelona,Clay,28,T4,,19900423,5,200582,,,Maria Strandlund Tomsvik,,,SWE,20.682,115,10,200615,,Q,Kristin Godridge,,,HKG,17.205,145,6,6-3 4-6 6-4,3,R32,,,,,,,,,,,,,,,,,,,
1990-211,Barcelona,Clay,28,T4,,19900423,6,200621,8,,Isabelle Demongeot,R,,FRA,23.595,58,20,200522,,,Nicole Jagerman,R,179,NED,22.752,61,20,3-6 6-4 6-0,3,R32,,,,,,,,,,,,,,,,,,,
1990-211,Barcelona,Clay,28,T4,,19900423,7,200574,,Q,Eva Sviglerova,,,CZE,18.779,116,10,200593,,,Karine Quentrec,,,FRA,20.504,73,17,6-3 6-0,3,R32,,,,,,,,,,,,,,,,,,,
1990-211,Barcelona,Clay,28,T4,,19900423,8,201021,,,Laura Garrone,R,166,ITA,22.437,81,16,201043,,,Barbara Romano,,,ITA,25.271,86,15,6-2 6-4,3,R32,,,,,,,,,,,,,,,,,,,
1990-211,Barcelona,Clay,28,T4,,19900423,9,200105,6,,Rachel Mcquillan,,170,AUS,18.391,39,25,200627,,Q,Petra Schwarz,R,168,AUT,17.914,165,5,3-6 7-5 7-5,3,R32,,,,,,,,,,,,,,,,,,,
1990-211,Barcelona,Clay,28,T4,,19900423,10,200112,7,,Julie Halard Decugis,R,173,FRA,19.617,45,23,200535,,,Jo Anne Faull,,,AUS,19.275,77,16,6-0 6-0,3,R32,,,,,,,,,,,,,,,,,,,
1990-211,Barcelona,Clay,28,T4,,19900423,11,200640,,,Mercedes Paz,R,180,ARG,23.823,97,13,200026,,,Florencia Labat,L,170,ARG,18.864,90,14,7-5 6-3,3,R32,,,,,,,,,,,,,,,,,,,
1990-211,Barcelona,Clay,28,T4,,19900423,12,200576,,,Nathalie Herreman,L,,FRA,24.072,91,14,201960,,Q,Rosa Bielsa Hierro,,,ESP,24.285,308,1,4-6 6-4 6-4,3,R32,,,,,,,,,,,,,,,,,,,
1990-211,Barcelona,Clay,28,T4,,19900423,13,200017,1,,Arantxa Sanchez Vicario,R,168,ESP,18.347,5,132,200651,,,Sabine Hack,,170,GER,20.781,80,16,6-2 6-4,3,R16,,,,,,,,,,,,,,,,,,,
1990-211,Barcelona,Clay,28,T4,,19900423,14,200621,8,,Isabelle Demongeot,R,,FRA,23.595,58,20,200582,,,Maria Strandlund Tomsvik,,,SWE,20.682,115,10,6-2 2-1 RET,3,R16,,,,,,,,,,,,,,,,,,,
1990-211,Barcelona,Clay,28,T4,,19900423,15,200482,3,,Judith Wiesner,R,,AUT,24.143,18,47,200574,,Q,Eva Sviglerova,,,CZE,18.779,116,10,6-4 6-0,3,R16,,,,,,,,,,,,,,,,,,,
1990-211,Barcelona,Clay,28,T4,,19900423,16,200105,6,,Rachel Mcquillan,,170,AUS,18.391,39,25,201021,,,Laura Garrone,R,166,ITA,22.437,81,16,6-2 6-3,3,R16,,,,,,,,,,,,,,,,,,,
1990-211,Barcelona,Clay,28,T4,,19900423,17,200112,7,,Julie Halard Decugis,R,173,FRA,19.617,45,23,200640,,,Mercedes Paz,R,180,ARG,23.823,97,13,6-2 7-6,3,R16,,,,,,,,,,,,,,,,,,,
1990-211,Barcelona,Clay,28,T4,,19900423,18,200650,4,,Isabel Cueto,R,,GER,21.386,28,35,200576,,,Nathalie Herreman,L,,FRA,24.072,91,14,6-3 6-0,3,R16,,,,,,,,,,,,,,,,,,,
1990-211,Barcelona,Clay,28,T4,,19900423,19,200584,,,Laura Golarsa,R,165,ITA,22.404,66,18,201051,,,Laura Lapi,,,ITA,19.617,70,17,7-5 6-3,3,R16,,,,,,,,,,,,,,,,,,,
1990-211,Barcelona,Clay,28,T4,,19900423,20,200597,2,,Mary Joe Fernandez,R,175,USA,18.678,7,97,201050,,,Immaculada Varas Caro,,,ESP,25.372,281,1,6-1 6-2,3,R16,,,,,,,,,,,,,,,,,,,
1990-211,Barcelona,Clay,28,T4,,19900423,21,200017,1,,Arantxa Sanchez Vicario,R,168,ESP,18.347,5,132,200621,8,,Isabelle Demongeot,R,,FRA,23.595,58,20,6-1 6-2,3,QF,,,,,,,,,,,,,,,,,,,
1990-211,Barcelona,Clay,28,T4,,19900423,22,200482,3,,Judith Wiesner,R,,AUT,24.143,18,47,200105,6,,Rachel Mcquillan,,170,AUS,18.391,39,25,6-0 6-2,3,QF,,,,,,,,,,,,,,,,,,,
1990-211,Barcelona,Clay,28,T4,,19900423,23,200650,4,,Isabel Cueto,R,,GER,21.386,28,35,200112,7,,Julie Halard Decugis,R,173,FRA,19.617,45,23,6-2 6-4,3,QF,,,,,,,,,,,,,,,,,,,
1990-211,Barcelona,Clay,28,T4,,19900423,24,200597,2,,Mary Joe Fernandez,R,175,USA,18.678,7,97,200584,,,Laura Golarsa,R,165,ITA,22.404,66,18,6-1 6-1,3,QF,,,,,,,,,,,,,,,,,,,
1990-211,Barcelona,Clay,28,T4,,19900423,25,200017,1,,Arantxa Sanchez Vicario,R,168,ESP,18.347,5,132,200482,3,,Judith Wiesner,R,,AUT,24.143,18,47,6-2 6-1,3,SF,,,,,,,,,,,,,,,,,,,
1990-211,Barcelona,Clay,28,T4,,19900423,26,200650,4,,Isabel Cueto,R,,GER,21.386,28,35,200597,2,,Mary Joe Fernandez,R,175,USA,18.678,7,97,7-5 4-6 6-4,3,SF,,,,,,,,,,,,,,,,,,,
1990-211,Barcelona,Clay,28,T4,,19900423,27,200017,1,,Arantxa Sanchez Vicario,R,168,ESP,18.347,5,132,200650,4,,Isabel Cueto,R,,GER,21.386,28,35,6-4 6-2,3,F,,,,,,,,,,,,,,,,,,,
1990-1055,Singapore,Hard,56,T4,,19900423,1,200413,,,Heather Ludloff,R,165,USA,28.866,168,5,200542,,,Clare Wood,R,,GBR,22.125,158,5,7-5 1-6 6-4,3,R64,,,,,,,,,,,,,,,,,,,
1990-1055,Singapore,Hard,56,T4,,19900423,2,200421,15,,Pascale Paradis Mangon,R,,FRA,23.998,126,8,200668,,,Silke Frankl,,,GER,19.902,181,5,6-1 5-7 6-3,3,R64,,,,,,,,,,,,,,,,,,,
1990-1055,Singapore,Hard,56,T4,,19900423,3,200644,,,Naoko Sawamatsu,R,167,JPN,17.085,49,22,202179,,Q,Shelley Bartlett,,,USA,25.005,547,0,6-0 6-2,3,R64,,,,,,,,,,,,,,,,,,,
1990-1055,Singapore,Hard,56,T4,,19900423,4,200425,,,Sophie Amiach,R,165,FRA,26.451,131,7,200611,,,Tracey Morton Rodgers,,,AUS,22.347,264,2,1-6 6-4 7-6,3,R64,,,,,,,,,,,,,,,,,,,
1990-1055,Singapore,Hard,56,T4,,19900423,5,200639,,,Claudine Toleafoa,,,NZL,20.148,129,8,200575,,,Anna Ivan,,,USA,24.263,210,3,6-1 7-5,3,R64,,,,,,,,,,,,,,,,,,,
1990-1055,Singapore,Hard,56,T4,,19900423,6,200520,,,Sarah Loosemore,,,GBR,18.856,88,15,202180,,,Jana Strnadova,,,CZE,17.911,,,6-3 6-4,3,R64,,,,,,,,,,,,,,,,,,,
1990-1055,Singapore,Hard,56,T4,,19900423,7,200562,16,,Martina Pawlik,,,GER,20.373,118,9,200510,,,Julie Richardson,,173,NZL,23.067,199,3,6-4 4-6 7-6,3,R64,,,,,,,,,,,,,,,,,,,
1990-1055,Singapore,Hard,56,T4,,19900423,8,200441,13,,Louise Field,,,AUS,23.157,112,11,200543,,,Jill Hetherington,R,170,CAN,25.487,160,5,6-4 6-2,3,R64,,,,,,,,,,,,,,,,,,,
1990-1055,Singapore,Hard,56,T4,,19900423,9,200515,,Q,Lindsay Bartlett,,,USA,27.730,291,1,201059,,Q,Misumi Miyauchi,,,JPN,18.629,316,1,6-3 6-7 7-5,3,R64,,,,,,,,,,,,,,,,,,,
1990-1055,Singapore,Hard,56,T4,,19900423,10,200497,,,Patricia Hy Boulais,R,163,CAN,24.669,146,6,200447,,,Adriana Villagran Reami,,,ARG,33.709,236,2,6-1 6-2,3,R64,,,,,,,,,,,,,,,,,,,
1990-1055,Singapore,Hard,56,T4,,19900423,11,200636,,Q,Danielle Jones,,,AUS,21.137,302,1,201183,,,Anne Meredith,,,GBR,21.057,253,2,6-4 4-6 6-2,3,R64,,,,,,,,,,,,,,,,,,,
1990-1055,Singapore,Hard,56,T4,,19900423,12,200500,,,Pilar Vasquez,,,PER,26.941,147,6,200393,,Q,Lea Antonoplis,R,165,USA,31.256,252,2,6-4 6-3,3,R64,,,,,,,,,,,,,,,,,,,
1990-1055,Singapore,Hard,56,T4,,19900423,13,200505,,,Michelle Bowrey,R,,AUS,19.781,283,1,200552,,,Maria Lindstrom,,178,SWE,27.130,226,2,4-6 6-2 6-1,3,R64,,,,,,,,,,,,,,,,,,,
1990-1055,Singapore,Hard,56,T4,,19900423,14,200514,11,,Monique Javer,R,,GBR,22.755,111,11,200615,,,Kristin Godridge,,,HKG,17.205,145,6,6-4 6-0,3,R64,,,,,,,,,,,,,,,,,,,
1990-1055,Singapore,Hard,56,T4,,19900423,15,200501,9,,Marianne Werdel Witmeyer,,,USA,22.517,99,13,200578,,,Rennae Stubbs,R,178,AUS,19.078,217,3,6-3 6-3,3,R64,,,,,,,,,,,,,,,,,,,
1990-1055,Singapore,Hard,56,T4,,19900423,16,200086,,,Magdalena Maleeva,R,168,BUL,15.061,187,4,200518,,Q,Paulette Moreno,,,HKG,21.115,340,1,6-0 6-4,3,R64,,,,,,,,,,,,,,,,,,,
1990-1055,Singapore,Hard,56,T4,,19900423,17,200474,,,Louise Allen,,,USA,28.291,177,5,202055,,,Themis Zambrzycki,,,BRA,29.506,372,0,6-0 6-4,3,R64,,,,,,,,,,,,,,,,,,,
1990-1055,Singapore,Hard,56,T4,,19900423,18,200487,14,,Eva Krapl,R,180,SUI,24.266,130,8,200004,,Q,Kerry Anne Guse,R,159,AUS,17.383,542,0,6-0 6-1,3,R64,,,,,,,,,,,,,,,,,,,
1990-1055,Singapore,Hard,56,T4,,19900423,19,200622,12,,Maya Kidowaki,,,JPN,20.934,87,15,200415,,,Catherine Suire,R,167,FRA,30.604,196,4,6-4 7-5,3,R64,,,,,,,,,,,,,,,,,,,
1990-1055,Singapore,Hard,56,T4,,19900423,20,200489,,,Yukie Koizumi,,,JPN,32.244,192,4,201180,,,Belinda Borneo,R,,GBR,23.450,295,1,6-4 4-6 6-3,3,R64,,,,,,,,,,,,,,,,,,,
1990-1055,Singapore,Hard,56,T4,,19900423,21,200498,,,Michelle Jaggard Lai,R,146,AUS,20.964,122,8,200607,,,Beate Reinstadler,,168,AUT,22.927,127,8,6-3 3-6 6-3,3,R64,,,,,,,,,,,,,,,,,,,
1990-1055,Singapore,Hard,56,T4,,19900423,22,200581,,,Tamaka Takagi,,,JPN,24.313,149,6,201741,,Q,Alysia May,,,USA,19.226,345,1,6-2 6-1,3,R64,,,,,,,,,,,,,,,,,,,
1990-1055,Singapore,Hard,56,T4,,19900423,23,200392,,,Jo Durie,R,163,GBR,29.739,132,7,200623,,,Petra Thoren,,,FIN,20.707,173,5,6-2 6-7 6-2,3,R64,,,,,,,,,,,,,,,,,,,
1990-1055,Singapore,Hard,56,T4,,19900423,24,200468,10,,Hu Na,,,USA,27.020,103,12,200479,,,Emiko Okagawa,,163,JPN,25.323,,,6-3 6-1,3,R64,,,,,,,,,,,,,,,,,,,
1990-1055,Singapore,Hard,56,T4,,19900423,25,200346,1,,Anne Minter,R,165,AUS,27.056,47,22,200413,,,Heather Ludloff,R,165,USA,28.866,168,5,6-3 6-2,3,R32,,,,,,,,,,,,,,,,,,,
1990-1055,Singapore,Hard,56,T4,,19900423,26,200500,,,Pilar Vasquez,,,PER,26.941,147,6,200487,14,,Eva Krapl,R,180,SUI,24.266,130,8,6-3 6-3,3,R32,,,,,,,,,,,,,,,,,,,
1990-1055,Singapore,Hard,56,T4,,19900423,27,200622,12,,Maya Kidowaki,,,JPN,20.934,87,15,200489,,,Yukie Koizumi,,,JPN,32.244,192,4,6-2 6-2,3,R32,,,,,,,,,,,,,,,,,,,
1990-1055,Singapore,Hard,56,T4,,19900423,28,200498,,,Michelle Jaggard Lai,R,146,AUS,20.964,122,8,200495,5,,Akiko Kijimuta,,,JPN,21.977,89,14,6-2 6-1,3,R32,,,,,,,,,,,,,,,,,,,
1990-1055,Singapore,Hard,56,T4,,19900423,29,200581,,,Tamaka Takagi,,,JPN,24.313,149,6,200424,4,,Etsuko Inoue,R,164,JPN,25.512,65,19,6-3 1-6 6-1,3,R32,,,,,,,,,,,,,,,,,,,
1990-1055,Singapore,Hard,56,T4,,19900423,30,200468,10,,Hu Na,,,USA,27.020,103,12,200392,,,Jo Durie,R,163,GBR,29.739,132,7,6-2 6-3,3,R32,,,,,,,,,,,,,,,,,,,
1990-1055,Singapore,Hard,56,T4,,19900423,31,200644,,,Naoko Sawamatsu,R,167,JPN,17.085,49,22,200421,15,,Pascale Paradis Mangon,R,,FRA,23.998,126,8,3-6 6-4 6-3,3,R32,,,,,,,,,,,,,,,,,,,
1990-1055,Singapore,Hard,56,T4,,19900423,32,200547,7,,Sandra Wasserman,R,173,BEL,20.121,84,15,200425,,,Sophie Amiach,R,165,FRA,26.451,131,7,6-3 6-2,3,R32,,,,,,,,,,,,,,,,,,,
1990-1055,Singapore,Hard,56,T4,,19900423,33,200639,,,Claudine Toleafoa,,,NZL,20.148,129,8,200535,6,,Jo Anne Faull,,,AUS,19.275,77,16,6-4 6-4,3,R32,,,,,,,,,,,,,,,,,,,
1990-1055,Singapore,Hard,56,T4,,19900423,34,200520,,,Sarah Loosemore,,,GBR,18.856,88,15,200562,16,,Martina Pawlik,,,GER,20.373,118,9,6-0 6-1,3,R32,,,,,,,,,,,,,,,,,,,
1990-1055,Singapore,Hard,56,T4,,19900423,35,200441,13,,Louise Field,,,AUS,23.157,112,11,200515,,Q,Lindsay Bartlett,,,USA,27.730,291,1,6-4 6-2,3,R32,,,,,,,,,,,,,,,,,,,
1990-1055,Singapore,Hard,56,T4,,19900423,36,200497,,,Patricia Hy Boulais,R,163,CAN,24.669,146,6,200462,3,,Belinda Cordwell,L,175,NZL,24.586,109,11,6-2 7-6,3,R32,,,,,,,,,,,,,,,,,,,
1990-1055,Singapore,Hard,56,T4,,19900423,37,200037,8,,Sabine Appelmans,L,168,BEL,18.002,48,22,200636,,Q,Danielle Jones,,,AUS,21.137,302,1,6-4 6-1,3,R32,,,,,,,,,,,,,,,,,,,
1990-1055,Singapore,Hard,56,T4,,19900423,38,200514,11,,Monique Javer,R,,GBR,22.755,111,11,200505,,,Michelle Bowrey,R,,AUS,19.781,283,1,6-4 6-3,3,R32,,,,,,,,,,,,,,,,,,,
1990-1055,Singapore,Hard,56,T4,,19900423,39,200501,9,,Marianne Werdel Witmeyer,,,USA,22.517,99,13,200086,,,Magdalena Maleeva,R,168,BUL,15.061,187,4,5-7 6-0 6-0,3,R32,,,,,,,,,,,,,,,,,,,
1990-1055,Singapore,Hard,56,T4,,19900423,40,200333,2,,Betsy Nagelsen,R,175,USA,33.498,52,22,200474,,,Louise Allen,,,USA,28.291,177,5,6-4 6-3,3,R32,,,,,,,,,,,,,,,,,,,
1990-1055,Singapore,Hard,56,T4,,19900423,41,200500,,,Pilar Vasquez,,,PER,26.941,147,6,200346,1,,Anne Minter,R,165,AUS,27.056,47,22,6-4 6-4,3,R16,,,,,,,,,,,,,,,,,,,
1990-1055,Singapore,Hard,56,T4,,19900423,42,200622,12,,Maya Kidowaki,,,JPN,20.934,87,15,200498,,,Michelle Jaggard Lai,R,146,AUS,20.964,122,8,6-3 6-2,3,R16,,,,,,,,,,,,,,,,,,,
1990-1055,Singapore,Hard,56,T4,,19900423,43,200581,,,Tamaka Takagi,,,JPN,24.313,149,6,200468,10,,Hu Na,,,USA,27.020,103,12,2-6 6-3 6-3,3,R16,,,,,,,,,,,,,,,,,,,
1990-1055,Singapore,Hard,56,T4,,19900423,44,200644,,,Naoko Sawamatsu,R,167,JPN,17.085,49,22,200547,7,,Sandra Wasserman,R,173,BEL,20.121,84,15,6-2 6-7 6-4,3,R16,,,,,,,,,,,,,,,,,,,
1990-1055,Singapore,Hard,56,T4,,19900423,45,200520,,,Sarah Loosemore,,,GBR,18.856,88,15,200639,,,Claudine Toleafoa,,,NZL,20.148,129,8,5-7 6-4 6-2,3,R16,,,,,,,,,,,,,,,,,,,
1990-1055,Singapore,Hard,56,T4,,19900423,46,200497,,,Patricia Hy Boulais,R,163,CAN,24.669,146,6,200441,13,,Louise Field,,,AUS,23.157,112,11,3-6 6-3 7-5,3,R16,,,,,,,,,,,,,,,,,,,
1990-1055,Singapore,Hard,56,T4,,19900423,47,200037,8,,Sabine Appelmans,L,168,BEL,18.002,48,22,200514,11,,Monique Javer,R,,GBR,22.755,111,11,6-3 3-6 7-5,3,R16,,,,,,,,,,,,,,,,,,,
1990-1055,Singapore,Hard,56,T4,,19900423,48,200501,9,,Marianne Werdel Witmeyer,,,USA,22.517,99,13,200333,2,,Betsy Nagelsen,R,175,USA,33.498,52,22,6-2 6-3,3,R16,,,,,,,,,,,,,,,,,,,
1990-1055,Singapore,Hard,56,T4,,19900423,49,200622,12,,Maya Kidowaki,,,JPN,20.934,87,15,200500,,,Pilar Vasquez,,,PER,26.941,147,6,6-2 6-3,3,QF,,,,,,,,,,,,,,,,,,,
1990-1055,Singapore,Hard,56,T4,,19900423,50,200644,,,Naoko Sawamatsu,R,167,JPN,17.085,49,22,200581,,,Tamaka Takagi,,,JPN,24.313,149,6,6-1 6-3,3,QF,,,,,,,,,,,,,,,,,,,
1990-1055,Singapore,Hard,56,T4,,19900423,51,200520,,,Sarah Loosemore,,,GBR,18.856,88,15,200497,,,Patricia Hy Boulais,R,163,CAN,24.669,146,6,6-3 6-4,3,QF,,,,,,,,,,,,,,,,,,,
1990-1055,Singapore,Hard,56,T4,,19900423,52,200037,8,,Sabine Appelmans,L,168,BEL,18.002,48,22,200501,9,,Marianne Werdel Witmeyer,,,USA,22.517,99,13,7-5 3-6 6-3,3,QF,,,,,,,,,,,,,,,,,,,
1990-1055,Singapore,Hard,56,T4,,19900423,53,200644,,,Naoko Sawamatsu,R,167,JPN,17.085,49,22,200622,12,,Maya Kidowaki,,,JPN,20.934,87,15,4-6 7-6 6-3,3,SF,,,,,,,,,,,,,,,,,,,
1990-1055,Singapore,Hard,56,T4,,19900423,54,200520,,,Sarah Loosemore,,,GBR,18.856,88,15,200037,8,,Sabine Appelmans,L,168,BEL,18.002,48,22,5-7 6-2 6-3,3,SF,,,,,,,,,,,,,,,,,,,
1990-1055,Singapore,Hard,56,T4,,19900423,55,200644,,,Naoko Sawamatsu,R,167,JPN,17.085,49,22,200520,,,Sarah Loosemore,,,GBR,18.856,88,15,7-6 3-6 6-4,3,F,,,,,,,,,,,,,,,,,,,
1990-601,Hamburg,Clay,56,T2,,19900430,1,201051,,,Laura Lapi,,,ITA,19.636,69,17,200441,,,Louise Field,,,AUS,23.176,113,11,4-6 6-3 6-1,3,R64,,,,,,,,,,,,,,,,,,,
1990-601,Hamburg,Clay,56,T2,,19900430,2,200395,,,Catherine Tanvier,R,174,FRA,24.923,98,13,200450,12,,Larisa Savchenko,,169,URS,23.776,32,32,6-0 2-6 6-4,3,R64,,,,,,,,,,,,,,,,,,,
1990-601,Hamburg,Clay,56,T2,,19900430,3,200506,,,Wiltrud Probst,R,170,GER,20.920,56,21,200582,,,Maria Strandlund Tomsvik,,,SWE,20.701,101,12,6-1 6-2,3,R64,,,,,,,,,,,,,,,,,,,
1990-601,Hamburg,Clay,56,T2,,19900430,4,200668,,,Silke Frankl,,,GER,19.921,175,5,200576,,,Nathalie Herreman,L,,FRA,24.091,90,14,6-1 6-1,3,R64,,,,,,,,,,,,,,,,,,,
1990-601,Hamburg,Clay,56,T2,,19900430,5,200610,,,Stacey Martin,,,USA,19.461,76,16,200651,,,Sabine Hack,,170,GER,20.800,75,16,3-6 6-4 6-1,3,R64,,,,,,,,,,,,,,,,,,,
1990-601,Hamburg,Clay,56,T2,,19900430,6,200522,,,Nicole Jagerman,R,179,NED,22.771,61,20,200481,,,Elna Reinach,,,RSA,21.408,60,20,6-4 6-4,3,R64,,,,,,,,,,,,,,,,,,,
1990-601,Hamburg,Clay,56,T2,,19900430,7,200611,,,Tracey Morton Rodgers,,,AUS,22.366,257,2,201830,,,Katharina Duell,,,GER,17.057,233,2,6-4 6-1,3,R64,,,,,,,,,,,,,,,,,,,
1990-601,Hamburg,Clay,56,T2,,19900430,8,200366,16,,Sylvia Hanika,L,173,GER,30.415,37,25,200026,,,Florencia Labat,L,170,ARG,18.883,89,14,6-4 6-4,3,R64,,,,,,,,,,,,,,,,,,,
1990-601,Hamburg,Clay,56,T2,,19900430,9,200614,,,Elena Pampoulova,,,BUL,17.952,,,200562,,,Martina Pawlik,,,GER,20.392,118,9,4-6 7-6 6-2,3,R64,,,,,,,,,,,,,,,,,,,
1990-601,Hamburg,Clay,56,T2,,19900430,10,200094,,,Barbara Rittner,R,173,GER,17.013,198,3,200487,,,Eva Krapl,R,180,SUI,24.285,199,3,6-0 6-1,3,R64,,,,,,,,,,,,,,,,,,,
1990-601,Hamburg,Clay,56,T2,,19900430,11,201017,,,Angelika Kanellopoulou,R,,GRE,24.365,82,15,200535,,,Jo Anne Faull,,,AUS,19.294,84,15,6-1 6-1,3,R64,,,,,,,,,,,,,,,,,,,
1990-601,Hamburg,Clay,56,T2,,19900430,12,200112,,,Julie Halard Decugis,R,173,FRA,19.636,39,25,200554,,,Brenda Schultz Mccarthy,R,188,NED,19.338,85,15,5-7 6-0 6-1,3,R64,,,,,,,,,,,,,,,,,,,
1990-601,Hamburg,Clay,56,T2,,19900430,13,200588,,,Renata Baranski,,,POL,25.178,150,6,200612,,,Natalia Medvedeva,R,176,UKR,18.456,81,15,7-6 6-1,3,R64,,,,,,,,,,,,,,,,,,,
1990-601,Hamburg,Clay,56,T2,,19900430,14,200601,11,,Leila Meskhi,R,164,GEO,22.317,31,34,200674,,,Bettina Fulco,R,,ARG,21.517,38,25,6-2 2-0 RET,3,R64,,,,,,,,,,,,,,,,,,,
1990-601,Hamburg,Clay,56,T2,,19900430,15,200650,9,,Isabel Cueto,R,,GER,21.405,22,43,200498,,,Michelle Jaggard Lai,R,146,AUS,20.983,124,8,6-0 6-2,3,R64,,,,,,,,,,,,,,,,,,,
1990-601,Hamburg,Clay,56,T2,,19900430,16,200640,,,Mercedes Paz,R,180,ARG,23.842,91,14,200442,,,Andrea Temesvari,R,182,HUN,24.011,54,21,6-2 6-2,3,R64,,,,,,,,,,,,,,,,,,,
1990-601,Hamburg,Clay,56,T2,,19900430,17,200105,,,Rachel Mcquillan,,170,AUS,18.410,36,26,200641,,,Patricia Tarabini,R,165,ARG,21.731,49,22,6-7 6-0 7-6,3,R64,,,,,,,,,,,,,,,,,,,
1990-601,Hamburg,Clay,56,T2,,19900430,18,200469,,,Nicole Bradtke,R,176,AUS,20.603,57,20,200530,14,,Radomira Zrubakova,R,169,SVK,19.343,35,27,6-4 1-6 6-1,3,R64,,,,,,,,,,,,,,,,,,,
1990-601,Hamburg,Clay,56,T2,,19900430,19,200605,,,Regina Rajchrtova,,,TCH,22.232,41,24,200725,,,Sandra Cecchini,R,170,ITA,25.170,29,35,6-0 2-6 6-4,3,R64,,,,,,,,,,,,,,,,,,,
1990-601,Hamburg,Clay,56,T2,,19900430,20,200064,,,Amanda Coetzer,R,158,RSA,18.522,53,21,200573,,,Cecilia Dahlman,R,178,SWE,21.766,68,17,0-6 6-1 6-3,3,R64,,,,,,,,,,,,,,,,,,,
1990-601,Hamburg,Clay,56,T2,,19900430,21,200587,,,Silke Meier,,,GER,21.796,116,10,200081,,,Anke Huber,R,173,GER,15.403,121,8,0-6 6-2 6-3,3,R64,,,,,,,,,,,,,,,,,,,
1990-601,Hamburg,Clay,56,T2,,19900430,22,200621,,,Isabelle Demongeot,R,,FRA,23.614,52,21,200648,,,Marketa Kochta,R,168,GER,14.796,227,2,6-3 7-5,3,R64,,,,,,,,,,,,,,,,,,,
1990-601,Hamburg,Clay,56,T2,,19900430,23,200569,,,Petra Langrova,,,TCH,19.842,95,13,201047,,,Andrea Vieira,,,BRA,19.231,102,12,6-4 6-4,3,R64,,,,,,,,,,,,,,,,,,,
1990-601,Hamburg,Clay,56,T2,,19900430,24,200561,15,,Cathy Caverzasio,,,SUI,17.586,34,28,200628,,,Sabrina Goles,,,YUG,24.907,105,11,7-5 6-1,3,R64,,,,,,,,,,,,,,,,,,,
1990-601,Hamburg,Clay,56,T2,,19900430,25,200414,1,,Steffi Graf,R,175,GER,20.877,1,317,201051,,,Laura Lapi,,,ITA,19.636,69,17,6-1 6-2,3,R32,,,,,,,,,,,,,,,,,,,
1990-601,Hamburg,Clay,56,T2,,19900430,26,200469,,,Nicole Bradtke,R,176,AUS,20.603,57,20,200112,,,Julie Halard Decugis,R,173,FRA,19.636,39,25,6-4 7-6,3,R32,,,,,,,,,,,,,,,,,,,
1990-601,Hamburg,Clay,56,T2,,19900430,27,200605,,,Regina Rajchrtova,,,TCH,22.232,41,24,200064,,,Amanda Coetzer,R,158,RSA,18.522,53,21,6-4 3-6 6-1,3,R32,,,,,,,,,,,,,,,,,,,
1990-601,Hamburg,Clay,56,T2,,19900430,28,200377,5,,Helena Sukova,R,188,CZE,25.181,11,64,200587,,,Silke Meier,,,GER,21.796,116,10,6-1 4-6 7-5,3,R32,,,,,,,,,,,,,,,,,,,
1990-601,Hamburg,Clay,56,T2,,19900430,29,200621,,,Isabelle Demongeot,R,,FRA,23.614,52,21,200455,4,,Katerina Maleeva,R,168,BUL,20.981,9,90,W/O,3,R32,,,,,,,,,,,,,,,,,,,
1990-601,Hamburg,Clay,56,T2,,19900430,30,200569,,,Petra Langrova,,,TCH,19.842,95,13,200561,15,,Cathy Caverzasio,,,SUI,17.586,34,28,6-3 6-4,3,R32,,,,,,,,,,,,,,,,,,,
1990-601,Hamburg,Clay,56,T2,,19900430,31,200506,,,Wiltrud Probst,R,170,GER,20.920,56,21,200395,,,Catherine Tanvier,R,174,FRA,24.923,98,13,6-3 6-2,3,R32,,,,,,,,,,,,,,,,,,,
1990-601,Hamburg,Clay,56,T2,,19900430,32,200482,8,,Judith Wiesner,R,,AUT,24.162,17,50,200668,,,Silke Frankl,,,GER,19.921,175,5,6-1 6-0,3,R32,,,,,,,,,,,,,,,,,,,
1990-601,Hamburg,Clay,56,T2,,19900430,33,200097,6,,Nathalie Tauziat,R,165,FRA,22.536,14,53,200610,,,Stacey Martin,,,USA,19.461,76,16,4-6 6-3 6-3,3,R32,,,,,,,,,,,,,,,,,,,
1990-601,Hamburg,Clay,56,T2,,19900430,34,200522,,,Nicole Jagerman,R,179,NED,22.771,61,20,200611,,,Tracey Morton Rodgers,,,AUS,22.366,257,2,6-3 7-5,3,R32,,,,,,,,,,,,,,,,,,,
1990-601,Hamburg,Clay,56,T2,,19900430,35,200366,16,,Sylvia Hanika,L,173,GER,30.415,37,25,200614,,,Elena Pampoulova,,,BUL,17.952,,,6-4 6-0,3,R32,,,,,,,,,,,,,,,,,,,
1990-601,Hamburg,Clay,56,T2,,19900430,36,200017,3,,Arantxa Sanchez Vicario,R,168,ESP,18.366,4,135,200094,,,Barbara Rittner,R,173,GER,17.013,198,3,6-4 6-1,3,R32,,,,,,,,,,,,,,,,,,,
1990-601,Hamburg,Clay,56,T2,,19900430,37,200630,7,,Laura Arraya,R,173,PER,26.298,18,49,201017,,,Angelika Kanellopoulou,R,,GRE,24.365,82,15,7-5 6-4,3,R32,,,,,,,,,,,,,,,,,,,
1990-601,Hamburg,Clay,56,T2,,19900430,38,200601,11,,Leila Meskhi,R,164,GEO,22.317,31,34,200588,,,Renata Baranski,,,POL,25.178,150,6,5-7 6-1 6-2,3,R32,,,,,,,,,,,,,,,,,,,
1990-601,Hamburg,Clay,56,T2,,19900430,39,200650,9,,Isabel Cueto,R,,GER,21.405,22,43,200640,,,Mercedes Paz,R,180,ARG,23.842,91,14,3-6 6-4 6-4,3,R32,,,,,,,,,,,,,,,,,,,
1990-601,Hamburg,Clay,56,T2,,19900430,40,200293,2,,Martina Navratilova,L,173,USA,33.531,2,236,200105,,,Rachel Mcquillan,,170,AUS,18.410,36,26,3-6 6-1 6-1,3,R32,,,,,,,,,,,,,,,,,,,
1990-601,Hamburg,Clay,56,T2,,19900430,41,200414,1,,Steffi Graf,R,175,GER,20.877,1,317,200469,,,Nicole Bradtke,R,176,AUS,20.603,57,20,6-0 6-2,3,R16,,,,,,,,,,,,,,,,,,,
1990-601,Hamburg,Clay,56,T2,,19900430,42,200377,5,,Helena Sukova,R,188,CZE,25.181,11,64,200605,,,Regina Rajchrtova,,,TCH,22.232,41,24,7-6 6-2,3,R16,,,,,,,,,,,,,,,,,,,
1990-601,Hamburg,Clay,56,T2,,19900430,43,200569,,,Petra Langrova,,,TCH,19.842,95,13,200621,,,Isabelle Demongeot,R,,FRA,23.614,52,21,6-4 6-4,3,R16,,,,,,,,,,,,,,,,,,,
1990-601,Hamburg,Clay,56,T2,,19900430,44,200482,8,,Judith Wiesner,R,,AUT,24.162,17,50,200506,,,Wiltrud Probst,R,170,GER,20.920,56,21,6-3 6-2,3,R16,,,,,,,,,,,,,,,,,,,
1990-601,Hamburg,Clay,56,T2,,19900430,45,200522,,,Nicole Jagerman,R,179,NED,22.771,61,20,200097,6,,Nathalie Tauziat,R,165,FRA,22.536,14,53,6-4 2-6 6-1,3,R16,,,,,,,,,,,,,,,,,,,
1990-601,Hamburg,Clay,56,T2,,19900430,46,200017,3,,Arantxa Sanchez Vicario,R,168,ESP,18.366,4,135,200366,16,,Sylvia Hanika,L,173,GER,30.415,37,25,6-1 6-1,3,R16,,,,,,,,,,,,,,,,,,,
1990-601,Hamburg,Clay,56,T2,,19900430,47,200601,11,,Leila Meskhi,R,164,GEO,22.317,31,34,200630,7,,Laura Arraya,R,173,PER,26.298,18,49,1-6 6-3 6-1,3,R16,,,,,,,,,,,,,,,,,,,
1990-601,Hamburg,Clay,56,T2,,19900430,48,200293,2,,Martina Navratilova,L,173,USA,33.531,2,236,200650,9,,Isabel Cueto,R,,GER,21.405,22,43,6-2 6-2,3,R16,,,,,,,,,,,,,,,,,,,
1990-601,Hamburg,Clay,56,T2,,19900430,49,200414,1,,Steffi Graf,R,175,GER,20.877,1,317,200377,5,,Helena Sukova,R,188,CZE,25.181,11,64,6-1 6-2,3,QF,,,,,,,,,,,,,,,,,,,
1990-601,Hamburg,Clay,56,T2,,19900430,50,200482,8,,Judith Wiesner,R,,AUT,24.162,17,50,200569,,,Petra Langrova,,,TCH,19.842,95,13,6-3 6-1,3,QF,,,,,,,,,,,,,,,,,,,
1990-601,Hamburg,Clay,56,T2,,19900430,51,200017,3,,Arantxa Sanchez Vicario,R,168,ESP,18.366,4,135,200522,,,Nicole Jagerman,R,179,NED,22.771,61,20,6-3 6-0,3,QF,,,,,,,,,,,,,,,,,,,
1990-601,Hamburg,Clay,56,T2,,19900430,52,200293,2,,Martina Navratilova,L,173,USA,33.531,2,236,200601,11,,Leila Meskhi,R,164,GEO,22.317,31,34,6-3 6-4,3,QF,,,,,,,,,,,,,,,,,,,
1990-601,Hamburg,Clay,56,T2,,19900430,53,200414,1,,Steffi Graf,R,175,GER,20.877,1,317,200482,8,,Judith Wiesner,R,,AUT,24.162,17,50,6-4 6-2,3,SF,,,,,,,,,,,,,,,,,,,
1990-601,Hamburg,Clay,56,T2,,19900430,54,200017,3,,Arantxa Sanchez Vicario,R,168,ESP,18.366,4,135,200293,2,,Martina Navratilova,L,173,USA,33.531,2,236,6-1 6-7 6-2,3,SF,,,,,,,,,,,,,,,,,,,
1990-601,Hamburg,Clay,56,T2,,19900430,55,200414,1,,Steffi Graf,R,175,GER,20.877,1,317,200017,3,,Arantxa Sanchez Vicario,R,168,ESP,18.366,4,135,5-7 6-0 6-1,3,F,,,,,,,,,,,,,,,,,,,
1990-306,Taranto,Clay,32,T5,,19900501,1,200422,1,,Raffaella Reggi Concato,,170,ITA,24.425,19,46,200484,,,Ann Devries,R,,BEL,20.173,235,2,6-1 4-6 6-2,3,R32,,,,,,,,,,,,,,,,,,,
1990-306,Taranto,Clay,32,T5,,19900501,2,201054,,Q,Katia Piccolini,R,168,ITA,17.290,129,8,200666,,Q,Marion Maruska,R,172,AUT,17.375,201,3,6-1 6-1,3,R32,,,,,,,,,,,,,,,,,,,
1990-306,Taranto,Clay,32,T5,,19900501,3,200627,,,Petra Schwarz,R,168,AUT,17.936,158,5,200570,,,Veronika Martinek,,160,GER,18.076,131,7,4-6 6-3 7-5,3,R32,,,,,,,,,,,,,,,,,,,
1990-306,Taranto,Clay,32,T5,,19900501,4,201021,3,,Laura Garrone,R,166,ITA,22.459,77,16,200661,,Q,Samantha Smith,R,,GBR,18.426,163,5,6-2 6-4,3,R32,,,,,,,,,,,,,,,,,,,
1990-306,Taranto,Clay,32,T5,,19900501,5,201046,,,Silvia La Fratta,R,,ITA,22.486,157,5,201043,5,,Barbara Romano,,,ITA,25.293,100,12,0-6 7-6 7-6,3,R32,,,,,,,,,,,,,,,,,,,
1990-306,Taranto,Clay,32,T5,,19900501,6,200021,,Q,Alexia Dechaume Balleret,R,,FRA,19.995,183,4,200623,,,Petra Thoren,,,FIN,20.729,164,5,6-4 6-2,3,R32,,,,,,,,,,,,,,,,,,,
1990-306,Taranto,Clay,32,T5,,19900501,7,200700,,,Silvia Farina Elia,R,172,ITA,18.010,172,5,200467,,,Janine Tremelling,,,AUS,22.634,126,8,6-3 6-1,3,R32,,,,,,,,,,,,,,,,,,,
1990-306,Taranto,Clay,32,T5,,19900501,8,200584,2,,Laura Golarsa,R,165,ITA,22.426,58,20,201042,,,Andrea Tiezzi,,,ARG,25.427,160,5,6-2 6-2,3,R32,,,,,,,,,,,,,,,,,,,
1990-306,Taranto,Clay,32,T5,,19900501,9,201804,,,Claudia Chabalgoity,,,BRA,19.135,151,6,200639,,,Claudine Toleafoa,,,NZL,20.170,128,8,7-6 6-2,3,R32,,,,,,,,,,,,,,,,,,,
1990-306,Taranto,Clay,32,T5,,19900501,10,201046,,,Silvia La Fratta,R,,ITA,22.486,157,5,201760,,,Heidi Sprung,,,AUT,21.304,258,2,0-6 7-6(4) 7-6(4),3,R32,,,,,,,,,,,,,,,,,,,
1990-306,Taranto,Clay,32,T5,,19900501,11,200452,,,Tine Scheuer Larsen,,170,DEN,24.135,193,3,200398,,,Iva Budarova,,,TCH,29.750,132,7,6-2 6-0,3,R32,,,,,,,,,,,,,,,,,,,
1990-306,Taranto,Clay,32,T5,,19900501,12,201048,,,Leona Laskova,,,CZE,20.066,140,7,201052,7,,Federica Haumuller,,,ARG,17.402,109,11,6-4 4-6 6-4,3,R32,,,,,,,,,,,,,,,,,,,
1990-306,Taranto,Clay,32,T5,,19900501,13,201054,,,Katia Piccolini,R,168,ITA,17.290,129,8,200666,,,Marion Maruska,R,172,AUT,17.375,201,3,6-1 6-1,3,R32,,,,,,,,,,,,,,,,,,,
1990-306,Taranto,Clay,32,T5,,19900501,14,200422,1,,Raffaella Reggi Concato,,170,ITA,24.425,19,46,200484,,,Ann Devries,R,,BEL,20.173,235,2,6-1 4-6 6-2,3,R32,,,,,,,,,,,,,,,,,,,
1990-306,Taranto,Clay,32,T5,,19900501,15,200627,,,Petra Schwarz,R,168,AUT,17.936,158,5,200570,,,Veronika Martinek,,160,GER,18.076,131,7,4-6 6-3 7-5,3,R32,,,,,,,,,,,,,,,,,,,
1990-306,Taranto,Clay,32,T5,,19900501,16,200646,,,Francesca Romano,,,ITA,19.228,120,8,200544,,,Celine Cohen,,,SUI,23.157,146,6,6-3 6-1,3,R32,,,,,,,,,,,,,,,,,,,
1990-306,Taranto,Clay,32,T5,,19900501,17,200452,,,Tine Scheuer Larsen,,170,DEN,24.135,193,3,200398,,,Iva Budarova,,,TCH,29.750,132,7,6-2 6-0,3,R32,,,,,,,,,,,,,,,,,,,
1990-306,Taranto,Clay,32,T5,,19900501,18,200586,,,Federica Bonsignori,,,ITA,22.445,137,7,200607,,,Beate Reinstadler,,168,AUT,22.949,125,8,6-3 6-4,3,R32,,,,,,,,,,,,,,,,,,,
1990-306,Taranto,Clay,32,T5,,19900501,19,201804,,,Claudia Chabalgoity,,,BRA,19.135,151,6,200639,,,Claudine Toleafoa,,,NZL,20.170,128,8,7-6(2) 6-2,3,R32,,,,,,,,,,,,,,,,,,,
1990-306,Taranto,Clay,32,T5,,19900501,20,200021,,,Alexia Dechaume Balleret,R,,FRA,19.995,183,4,200623,,,Petra Thoren,,,FIN,20.729,164,5,6-4 6-2,3,R32,,,,,,,,,,,,,,,,,,,
1990-306,Taranto,Clay,32,T5,,19900501,21,200616,,,Pascale Etchemendy,,,FRA,23.902,178,4,200574,8,,Eva Sviglerova,,,CZE,18.801,122,8,6-1 7-5,3,R32,,,,,,,,,,,,,,,,,,,
1990-306,Taranto,Clay,32,T5,,19900501,22,200615,,,Kristin Godridge,,,HKG,17.227,138,7,200625,6,,Jana Pospisilova,,,CZE,20.107,94,14,0-6 7-5 6-1,3,R32,,,,,,,,,,,,,,,,,,,
1990-306,Taranto,Clay,32,T5,,19900501,23,200700,,,Silvia Farina Elia,R,172,ITA,18.010,172,5,200467,,,Janine Tremelling,,,AUS,22.634,126,8,6-3 6-1,3,R32,,,,,,,,,,,,,,,,,,,
1990-306,Taranto,Clay,32,T5,,19900501,24,201021,3,,Laura Garrone,R,166,ITA,22.459,77,16,200661,,,Samantha Smith,R,,GBR,18.426,163,5,6-2 6-4,3,R32,,,,,,,,,,,,,,,,,,,
1990-306,Taranto,Clay,32,T5,,19900501,25,200615,,,Kristin Godridge,,,HKG,17.227,138,7,200625,6,,Jana Pospisilova,,,CZE,20.107,94,14,0-6 7-5 6-1,3,R32,,,,,,,,,,,,,,,,,,,
1990-306,Taranto,Clay,32,T5,,19900501,26,200584,2,,Laura Golarsa,R,165,ITA,22.426,58,20,201042,,,Andrea Tiezzi,,,ARG,25.427,160,5,6-2 6-2,3,R32,,,,,,,,,,,,,,,,,,,
1990-306,Taranto,Clay,32,T5,,19900501,27,200595,4,,Ann Grossman,,,USA,19.549,79,16,200626,,,Emanuela Zardo,L,,SUI,20.020,134,7,6-2 6-3,3,R32,,,,,,,,,,,,,,,,,,,
1990-306,Taranto,Clay,32,T5,,19900501,28,200595,4,,Ann Grossman,,,USA,19.549,79,16,200626,,,Emanuela Zardo,L,,SUI,20.020,134,7,6-2 6-3,3,R32,,,,,,,,,,,,,,,,,,,
1990-306,Taranto,Clay,32,T5,,19900501,29,200646,,,Francesca Romano,,,ITA,19.228,120,8,200544,,,Celine Cohen,,,SUI,23.157,146,6,6-3 6-1,3,R32,,,,,,,,,,,,,,,,,,,
1990-306,Taranto,Clay,32,T5,,19900501,30,200586,,,Federica Bonsignori,,,ITA,22.445,137,7,200607,,,Beate Reinstadler,,168,AUT,22.949,125,8,6-3 6-4,3,R32,,,,,,,,,,,,,,,,,,,
1990-306,Taranto,Clay,32,T5,,19900501,31,200616,,,Pascale Etchemendy,,,FRA,23.902,178,4,200574,8,,Eva Sviglerova,,,CZE,18.801,122,8,6-1 7-5,3,R32,,,,,,,,,,,,,,,,,,,
1990-306,Taranto,Clay,32,T5,,19900501,32,201048,,,Leona Laskova,,,CZE,20.066,140,7,201052,7,,Federica Haumuller,,,ARG,17.402,109,11,6-4 4-6 6-4,3,R32,,,,,,,,,,,,,,,,,,,
1990-306,Taranto,Clay,32,T5,,19900501,33,200422,1,,Raffaella Reggi Concato,,170,ITA,24.425,19,46,201804,,,Claudia Chabalgoity,,,BRA,19.135,151,6,6-3 6-0,3,R16,,,,,,,,,,,,,,,,,,,
1990-306,Taranto,Clay,32,T5,,19900501,34,200452,,,Tine Scheuer Larsen,,170,DEN,24.135,193,3,200615,,,Kristin Godridge,,,HKG,17.227,138,7,6-4 3-6 6-0,3,R16,,,,,,,,,,,,,,,,,,,
1990-306,Taranto,Clay,32,T5,,19900501,35,200595,4,,Ann Grossman,,,USA,19.549,79,16,200646,,,Francesca Romano,,,ITA,19.228,120,8,6-1 6-1,3,R16,,,,,,,,,,,,,,,,,,,
1990-306,Taranto,Clay,32,T5,,19900501,36,200616,,,Pascale Etchemendy,,,FRA,23.902,178,4,200586,,,Federica Bonsignori,,,ITA,22.445,137,7,3-6 6-0 6-2,3,R16,,,,,,,,,,,,,,,,,,,
1990-306,Taranto,Clay,32,T5,,19900501,37,201054,,Q,Katia Piccolini,R,168,ITA,17.290,129,8,201048,,,Leona Laskova,,,CZE,20.066,140,7,7-6 6-1,3,R16,,,,,,,,,,,,,,,,,,,
1990-306,Taranto,Clay,32,T5,,19900501,38,200627,,,Petra Schwarz,R,168,AUT,17.936,158,5,201021,3,,Laura Garrone,R,166,ITA,22.459,77,16,6-2 6-0,3,R16,,,,,,,,,,,,,,,,,,,
1990-306,Taranto,Clay,32,T5,,19900501,39,200021,,Q,Alexia Dechaume Balleret,R,,FRA,19.995,183,4,201046,,,Silvia La Fratta,R,,ITA,22.486,157,5,4-6 7-6 6-4,3,R16,,,,,,,,,,,,,,,,,,,
1990-306,Taranto,Clay,32,T5,,19900501,40,200584,2,,Laura Golarsa,R,165,ITA,22.426,58,20,200700,,,Silvia Farina Elia,R,172,ITA,18.010,172,5,6-4 7-5,3,R16,,,,,,,,,,,,,,,,,,,
1990-306,Taranto,Clay,32,T5,,19900501,41,201054,,,Katia Piccolini,R,168,ITA,17.290,129,8,201048,,,Leona Laskova,,,CZE,20.066,140,7,7-6(4) 6-1,3,R16,,,,,,,,,,,,,,,,,,,
1990-306,Taranto,Clay,32,T5,,19900501,42,200422,1,,Raffaella Reggi Concato,,170,ITA,24.425,19,46,201804,,,Claudia Chabalgoity,,,BRA,19.135,151,6,6-3 6-0,3,R16,,,,,,,,,,,,,,,,,,,
1990-306,Taranto,Clay,32,T5,,19900501,43,200627,,,Petra Schwarz,R,168,AUT,17.936,158,5,201021,3,,Laura Garrone,R,166,ITA,22.459,77,16,6-2 6-0,3,R16,,,,,,,,,,,,,,,,,,,
1990-306,Taranto,Clay,32,T5,,19900501,44,200452,,,Tine Scheuer Larsen,,170,DEN,24.135,193,3,200615,,,Kristin Godridge,,,HKG,17.227,138,7,6-4 3-6 6-0,3,R16,,,,,,,,,,,,,,,,,,,
1990-306,Taranto,Clay,32,T5,,19900501,45,200021,,,Alexia Dechaume Balleret,R,,FRA,19.995,183,4,201046,,,Silvia La Fratta,R,,ITA,22.486,157,5,4-6 7-6 6-4,3,R16,,,,,,,,,,,,,,,,,,,
1990-306,Taranto,Clay,32,T5,,19900501,46,200616,,,Pascale Etchemendy,,,FRA,23.902,178,4,200586,,,Federica Bonsignori,,,ITA,22.445,137,7,3-6 6-0 6-2,3,R16,,,,,,,,,,,,,,,,,,,
1990-306,Taranto,Clay,32,T5,,19900501,47,200584,2,,Laura Golarsa,R,165,ITA,22.426,58,20,200700,,,Silvia Farina Elia,R,172,ITA,18.010,172,5,6-4 7-5,3,R16,,,,,,,,,,,,,,,,,,,
1990-306,Taranto,Clay,32,T5,,19900501,48,200595,4,,Ann Grossman,,,USA,19.549,79,16,200646,,,Francesca Romano,,,ITA,19.228,120,8,6-1 6-1,3,R16,,,,,,,,,,,,,,,,,,,
1990-306,Taranto,Clay,32,T5,,19900501,49,200422,1,,Raffaella Reggi Concato,,170,ITA,24.425,19,46,200452,,,Tine Scheuer Larsen,,170,DEN,24.135,193,3,5-7 6-2 6-3,3,QF,,,,,,,,,,,,,,,,,,,
1990-306,Taranto,Clay,32,T5,,19900501,50,200616,,,Pascale Etchemendy,,,FRA,23.902,178,4,200595,4,,Ann Grossman,,,USA,19.549,79,16,3-6 6-0 6-2,3,QF,,,,,,,,,,,,,,,,,,,
1990-306,Taranto,Clay,32,T5,,19900501,51,200627,,,Petra Schwarz,R,168,AUT,17.936,158,5,201054,,Q,Katia Piccolini,R,168,ITA,17.290,129,8,5-7 6-4 6-3,3,QF,,,,,,,,,,,,,,,,,,,
1990-306,Taranto,Clay,32,T5,,19900501,52,200021,,Q,Alexia Dechaume Balleret,R,,FRA,19.995,183,4,200584,2,,Laura Golarsa,R,165,ITA,22.426,58,20,7-6 6-2,3,QF,,,,,,,,,,,,,,,,,,,
1990-306,Taranto,Clay,32,T5,,19900501,53,200422,1,,Raffaella Reggi Concato,,170,ITA,24.425,19,46,200452,,,Tine Scheuer Larsen,,170,DEN,24.135,193,3,5-7 6-2 6-3,3,QF,,,,,,,,,,,,,,,,,,,
1990-306,Taranto,Clay,32,T5,,19900501,54,200627,,,Petra Schwarz,R,168,AUT,17.936,158,5,201054,,,Katia Piccolini,R,168,ITA,17.290,129,8,5-7 6-3 6-4,3,QF,,,,,,,,,,,,,,,,,,,
1990-306,Taranto,Clay,32,T5,,19900501,55,200021,,,Alexia Dechaume Balleret,R,,FRA,19.995,183,4,200584,2,,Laura Golarsa,R,165,ITA,22.426,58,20,7-6(7) 6-2,3,QF,,,,,,,,,,,,,,,,,,,
1990-306,Taranto,Clay,32,T5,,19900501,56,200616,,,Pascale Etchemendy,,,FRA,23.902,178,4,200595,4,,Ann Grossman,,,USA,19.549,79,16,3-6 6-0 6-2,3,QF,,,,,,,,,,,,,,,,,,,
1990-306,Taranto,Clay,32,T5,,19900501,57,200422,1,,Raffaella Reggi Concato,,170,ITA,24.425,19,46,200616,,,Pascale Etchemendy,,,FRA,23.902,178,4,6-3 2-6 6-4,3,SF,,,,,,,,,,,,,,,,,,,
1990-306,Taranto,Clay,32,T5,,19900501,58,200021,,Q,Alexia Dechaume Balleret,R,,FRA,19.995,183,4,200627,,,Petra Schwarz,R,168,AUT,17.936,158,5,6-2 6-3,3,SF,,,,,,,,,,,,,,,,,,,
1990-306,Taranto,Clay,32,T5,,19900501,59,200422,1,,Raffaella Reggi Concato,,170,ITA,24.425,19,46,200616,,,Pascale Etchemendy,,,FRA,23.902,178,4,6-3 2-6 6-4,3,SF,,,,,,,,,,,,,,,,,,,
1990-306,Taranto,Clay,32,T5,,19900501,60,200021,,,Alexia Dechaume Balleret,R,,FRA,19.995,183,4,200627,,,Petra Schwarz,R,168,AUT,17.936,158,5,6-2 6-3,3,SF,,,,,,,,,,,,,,,,,,,
1990-306,Taranto,Clay,32,T5,,19900501,61,200422,1,,Raffaella Reggi Concato,,170,ITA,24.425,19,46,200021,,Q,Alexia Dechaume Balleret,R,,FRA,19.995,183,4,3-6 6-0 6-2,3,F,,,,,,,,,,,,,,,,,,,
1990-306,Taranto,Clay,32,T5,,19900501,62,200422,1,,Raffaella Reggi Concato,,170,ITA,24.425,19,46,200021,,,Alexia Dechaume Balleret,R,,FRA,19.995,183,4,3-6 6-0 6-2,3,F,,,,,,,,,,,,,,,,,,,
1990-709,Rome,Clay,56,T1,,19900507,1,200472,11,,Helen Kelesi,R,,CAN,20.474,24,42,200535,,,Jo Anne Faull,,,AUS,19.313,87,14,6-4 6-1,3,R64,,,,,,,,,,,,,,,,,,,
1990-709,Rome,Clay,56,T1,,19900507,2,200579,,,Karin Kschwendt,R,175,AUT,21.643,139,7,200547,,,Sandra Wasserman,R,173,BEL,20.159,78,16,6-3 6-2,3,R64,,,,,,,,,,,,,,,,,,,
1990-709,Rome,Clay,56,T1,,19900507,3,201046,,,Silvia La Fratta,R,,ITA,22.503,144,7,200610,,,Stacey Martin,,,USA,19.480,76,16,2-6 6-2 6-2,3,R64,,,,,,,,,,,,,,,,,,,
1990-709,Rome,Clay,56,T1,,19900507,4,201051,,,Laura Lapi,,,ITA,19.655,66,18,200442,,,Andrea Temesvari,R,182,HUN,24.031,59,19,6-2 2-1 RET,3,R64,,,,,,,,,,,,,,,,,,,
1990-709,Rome,Clay,56,T1,,19900507,5,200453,13,,Catarina Lindqvist Ryan,R,165,SWE,26.900,27,36,200522,,,Nicole Jagerman,R,179,NED,22.790,44,22,7-5 6-7(7) 6-2,3,R64,,,,,,,,,,,,,,,,,,,
1990-709,Rome,Clay,56,T1,,19900507,6,200105,,,Rachel Mcquillan,,170,AUS,18.429,40,23,200354,,,Claudia Kohde Kilsch,R,187,GER,26.404,58,20,6-2 7-6(1),3,R64,,,,,,,,,,,,,,,,,,,
1990-709,Rome,Clay,56,T1,,19900507,7,200601,15,,Leila Meskhi,R,164,GEO,22.336,26,37,200481,,,Elna Reinach,,,RSA,21.427,62,19,6-2 6-2,3,R64,,,,,,,,,,,,,,,,,,,
1990-709,Rome,Clay,56,T1,,19900507,8,200640,,,Mercedes Paz,R,180,ARG,23.861,92,14,200569,,,Petra Langrova,,,TCH,19.861,74,16,6-1 7-6(5),3,R64,,,,,,,,,,,,,,,,,,,
1990-709,Rome,Clay,56,T1,,19900507,9,200605,,,Regina Rajchrtova,,,TCH,22.251,37,25,201017,,,Angelika Kanellopoulou,R,,GRE,24.384,81,15,5-7 6-4 6-4,3,R64,,,,,,,,,,,,,,,,,,,
1990-709,Rome,Clay,56,T1,,19900507,10,200422,10,,Raffaella Reggi Concato,,170,ITA,24.441,18,49,200612,,,Natalia Medvedeva,R,176,UKR,18.475,88,14,6-0 6-3,3,R64,,,,,,,,,,,,,,,,,,,
1990-709,Rome,Clay,56,T1,,19900507,11,200673,,,Susan Sloane Lundy,R,,USA,19.420,41,23,200439,,,Jenny Byrne,,,AUS,23.196,205,3,6-3 6-0,3,R64,,,,,,,,,,,,,,,,,,,
1990-709,Rome,Clay,56,T1,,19900507,12,200641,,,Patricia Tarabini,R,165,ARG,21.750,55,21,200621,,,Isabelle Demongeot,R,,FRA,23.634,54,21,6-1 6-4,3,R64,,,,,,,,,,,,,,,,,,,
1990-709,Rome,Clay,56,T1,,19900507,13,201047,,,Andrea Vieira,,,BRA,19.250,123,8,200646,,,Francesca Romano,,,ITA,19.245,119,8,6-3 6-4,3,R64,,,,,,,,,,,,,,,,,,,
1990-709,Rome,Clay,56,T1,,19900507,14,200530,,,Radomira Zrubakova,R,169,SVK,19.362,38,24,200428,,,Lori Mcneil,,170,USA,26.385,42,23,7-6(2) 6-2,3,R64,,,,,,,,,,,,,,,,,,,
1990-709,Rome,Clay,56,T1,,19900507,15,200561,16,,Cathy Caverzasio,,,SUI,17.605,45,22,200498,,,Michelle Jaggard Lai,R,146,AUS,21.002,126,8,6-3 6-1,3,R64,,,,,,,,,,,,,,,,,,,
1990-709,Rome,Clay,56,T1,,19900507,16,200725,14,,Sandra Cecchini,R,170,ITA,25.189,31,33,200674,,,Bettina Fulco,R,,ARG,21.536,68,18,6-7(4) 6-0 6-2,3,R64,,,,,,,,,,,,,,,,,,,
1990-709,Rome,Clay,56,T1,,19900507,17,200064,,,Amanda Coetzer,R,158,RSA,18.541,52,21,201043,,,Barbara Romano,,,ITA,25.309,99,12,7-5 1-6 7-5,3,R64,,,,,,,,,,,,,,,,,,,
1990-709,Rome,Clay,56,T1,,19900507,18,200077,12,,Jennifer Capriati,R,170,USA,14.106,25,38,201048,,,Leona Laskova,,,CZE,20.083,143,7,6-0 6-3,3,R64,,,,,,,,,,,,,,,,,,,
1990-709,Rome,Clay,56,T1,,19900507,19,200566,,,Donna Faber,,,USA,18.840,67,18,201021,,,Laura Garrone,R,166,ITA,22.475,77,16,6-4 6-4,3,R64,,,,,,,,,,,,,,,,,,,
1990-709,Rome,Clay,56,T1,,19900507,20,200630,9,,Laura Arraya,R,173,PER,26.317,19,48,200469,,,Nicole Bradtke,R,176,AUS,20.622,53,21,6-2 7-5,3,R64,,,,,,,,,,,,,,,,,,,
1990-709,Rome,Clay,56,T1,,19900507,21,200615,,,Kristin Godridge,,,HKG,17.243,131,7,200661,,,Samantha Smith,R,,GBR,18.443,165,5,3-6 6-1 6-4,3,R64,,,,,,,,,,,,,,,,,,,
1990-709,Rome,Clay,56,T1,,19900507,22,200584,,,Laura Golarsa,R,165,ITA,22.443,57,20,200705,,,Linda Ferrando,,170,ITA,24.315,56,21,3-6 7-5 4-1 RET,3,R64,,,,,,,,,,,,,,,,,,,
1990-709,Rome,Clay,56,T1,,19900507,23,200595,,,Ann Grossman,,,USA,19.565,72,16,200521,,,Hellas Ter Riet,,,NED,21.876,174,5,6-4 6-2,3,R64,,,,,,,,,,,,,,,,,,,
1990-709,Rome,Clay,56,T1,,19900507,24,200112,,,Julie Halard Decugis,R,173,FRA,19.655,35,26,201054,,,Katia Piccolini,R,168,ITA,17.306,113,10,6-2 6-2,3,R64,,,,,,,,,,,,,,,,,,,
1990-709,Rome,Clay,56,T1,,19900507,25,200472,11,,Helen Kelesi,R,,CAN,20.474,24,42,201051,,,Laura Lapi,,,ITA,19.655,66,18,6-2 6-0,3,R32,,,,,,,,,,,,,,,,,,,
1990-709,Rome,Clay,56,T1,,19900507,26,200453,13,,Catarina Lindqvist Ryan,R,165,SWE,26.900,27,36,200641,,,Patricia Tarabini,R,165,ARG,21.750,55,21,4-6 6-3 6-1,3,R32,,,,,,,,,,,,,,,,,,,
1990-709,Rome,Clay,56,T1,,19900507,27,200401,5,,Manuela Maleeva Fragniere,R,173,SUI,23.226,7,97,201046,,,Silvia La Fratta,R,,ITA,22.503,144,7,6-2 6-2,3,R32,,,,,,,,,,,,,,,,,,,
1990-709,Rome,Clay,56,T1,,19900507,28,200049,6,,Conchita Martinez,R,170,ESP,18.056,10,83,200566,,,Donna Faber,,,USA,18.840,67,18,6-0 6-2,3,R32,,,,,,,,,,,,,,,,,,,
1990-709,Rome,Clay,56,T1,,19900507,29,200293,1,,Martina Navratilova,L,173,USA,33.550,2,228,200105,,,Rachel Mcquillan,,170,AUS,18.429,40,23,6-2 3-6 6-2,3,R32,,,,,,,,,,,,,,,,,,,
1990-709,Rome,Clay,56,T1,,19900507,30,200640,,,Mercedes Paz,R,180,ARG,23.861,92,14,200601,15,,Leila Meskhi,R,164,GEO,22.336,26,37,6-4 7-5,3,R32,,,,,,,,,,,,,,,,,,,
1990-709,Rome,Clay,56,T1,,19900507,31,200605,,,Regina Rajchrtova,,,TCH,22.251,37,25,200630,9,,Laura Arraya,R,173,PER,26.317,19,48,6-4 7-6(4),3,R32,,,,,,,,,,,,,,,,,,,
1990-709,Rome,Clay,56,T1,,19900507,32,200422,10,,Raffaella Reggi Concato,,170,ITA,24.441,18,49,200064,,,Amanda Coetzer,R,158,RSA,18.541,52,21,6-4 6-1,3,R32,,,,,,,,,,,,,,,,,,,
1990-709,Rome,Clay,56,T1,,19900507,33,200572,4,,Gabriela Sabatini,R,175,ARG,19.976,5,134,200595,,,Ann Grossman,,,USA,19.565,72,16,7-6(3) 6-0,3,R32,,,,,,,,,,,,,,,,,,,
1990-709,Rome,Clay,56,T1,,19900507,34,200017,3,,Arantxa Sanchez Vicario,R,168,ESP,18.385,3,142,200615,,,Kristin Godridge,,,HKG,17.243,131,7,6-1 6-1,3,R32,,,,,,,,,,,,,,,,,,,
1990-709,Rome,Clay,56,T1,,19900507,35,200652,2,,Monica Seles,L,178,USA,16.427,4,138,200530,,,Radomira Zrubakova,R,169,SVK,19.362,38,24,6-4 6-1,3,R32,,,,,,,,,,,,,,,,,,,
1990-709,Rome,Clay,56,T1,,19900507,36,201047,,,Andrea Vieira,,,BRA,19.250,123,8,200482,8,,Judith Wiesner,R,,AUT,24.181,14,53,5-7 7-5 6-2,3,R32,,,,,,,,,,,,,,,,,,,
1990-709,Rome,Clay,56,T1,,19900507,37,200561,16,,Cathy Caverzasio,,,SUI,17.605,45,22,200112,,,Julie Halard Decugis,R,173,FRA,19.655,35,26,7-5 6-2,3,R32,,,,,,,,,,,,,,,,,,,
1990-709,Rome,Clay,56,T1,,19900507,38,200725,14,,Sandra Cecchini,R,170,ITA,25.189,31,33,200579,,,Karin Kschwendt,R,175,AUT,21.643,139,7,6-1 1-6 6-3,3,R32,,,,,,,,,,,,,,,,,,,
1990-709,Rome,Clay,56,T1,,19900507,39,200077,12,,Jennifer Capriati,R,170,USA,14.106,25,38,200673,,,Susan Sloane Lundy,R,,USA,19.420,41,23,6-4 7-6(5),3,R32,,,,,,,,,,,,,,,,,,,
1990-709,Rome,Clay,56,T1,,19900507,40,200584,,,Laura Golarsa,R,165,ITA,22.443,57,20,200097,7,,Nathalie Tauziat,R,165,FRA,22.555,15,51,6-3 7-6(5),3,R32,,,,,,,,,,,,,,,,,,,
1990-709,Rome,Clay,56,T1,,19900507,41,200293,1,,Martina Navratilova,L,173,USA,33.550,2,228,200725,14,,Sandra Cecchini,R,170,ITA,25.189,31,33,6-4 3-6 6-3,3,R16,,,,,,,,,,,,,,,,,,,
1990-709,Rome,Clay,56,T1,,19900507,42,200572,4,,Gabriela Sabatini,R,175,ARG,19.976,5,134,200605,,,Regina Rajchrtova,,,TCH,22.251,37,25,6-1 6-0,3,R16,,,,,,,,,,,,,,,,,,,
1990-709,Rome,Clay,56,T1,,19900507,43,200652,2,,Monica Seles,L,178,USA,16.427,4,138,200640,,,Mercedes Paz,R,180,ARG,23.861,92,14,6-1 6-1,3,R16,,,,,,,,,,,,,,,,,,,
1990-709,Rome,Clay,56,T1,,19900507,44,200077,12,,Jennifer Capriati,R,170,USA,14.106,25,38,200584,,,Laura Golarsa,R,165,ITA,22.443,57,20,6-3 6-7(8) 6-2,3,R16,,,,,,,,,,,,,,,,,,,
1990-709,Rome,Clay,56,T1,,19900507,45,200472,11,,Helen Kelesi,R,,CAN,20.474,24,42,200017,3,,Arantxa Sanchez Vicario,R,168,ESP,18.385,3,142,6-4 7-5,3,R16,,,,,,,,,,,,,,,,,,,
1990-709,Rome,Clay,56,T1,,19900507,46,200453,13,,Catarina Lindqvist Ryan,R,165,SWE,26.900,27,36,201047,,,Andrea Vieira,,,BRA,19.250,123,8,6-4 6-2,3,R16,,,,,,,,,,,,,,,,,,,
1990-709,Rome,Clay,56,T1,,19900507,47,200401,5,,Manuela Maleeva Fragniere,R,173,SUI,23.226,7,97,200422,10,,Raffaella Reggi Concato,,170,ITA,24.441,18,49,6-3 6-3,3,R16,,,,,,,,,,,,,,,,,,,
1990-709,Rome,Clay,56,T1,,19900507,48,200049,6,,Conchita Martinez,R,170,ESP,18.056,10,83,200561,16,,Cathy Caverzasio,,,SUI,17.605,45,22,6-2 6-2,3,R16,,,,,,,,,,,,,,,,,,,
1990-709,Rome,Clay,56,T1,,19900507,49,200472,11,,Helen Kelesi,R,,CAN,20.474,24,42,200453,13,,Catarina Lindqvist Ryan,R,165,SWE,26.900,27,36,6-4 6-3,3,QF,,,,,,,,,,,,,,,,,,,
1990-709,Rome,Clay,56,T1,,19900507,50,200293,1,,Martina Navratilova,L,173,USA,33.550,2,228,200049,6,,Conchita Martinez,R,170,ESP,18.056,10,83,6-2 6-0,3,QF,,,,,,,,,,,,,,,,,,,
1990-709,Rome,Clay,56,T1,,19900507,51,200572,4,,Gabriela Sabatini,R,175,ARG,19.976,5,134,200077,12,,Jennifer Capriati,R,170,USA,14.106,25,38,6-2 7-5,3,QF,,,,,,,,,,,,,,,,,,,
1990-709,Rome,Clay,56,T1,,19900507,52,200652,2,,Monica Seles,L,178,USA,16.427,4,138,200401,5,,Manuela Maleeva Fragniere,R,173,SUI,23.226,7,97,6-0 6-2,3,QF,,,,,,,,,,,,,,,,,,,
1990-709,Rome,Clay,56,T1,,19900507,53,200293,1,,Martina Navratilova,L,173,USA,33.550,2,228,200572,4,,Gabriela Sabatini,R,175,ARG,19.976,5,134,7-6(4) 7-5,3,SF,,,,,,,,,,,,,,,,,,,
1990-709,Rome,Clay,56,T1,,19900507,54,200652,2,,Monica Seles,L,178,USA,16.427,4,138,200472,11,,Helen Kelesi,R,,CAN,20.474,24,42,6-1 6-2,3,SF,,,,,,,,,,,,,,,,,,,
1990-709,Rome,Clay,56,T1,,19900507,55,200652,2,,Monica Seles,L,178,USA,16.427,4,138,200293,1,,Martina Navratilova,L,173,USA,33.550,2,228,6-1 6-1,3,F,,,,,,,,,,,,,,,,,,,
1990-2012,Berlin,Clay,56,T1,,19900514,1,200640,,Q,Mercedes Paz,R,180,ARG,23.880,76,16,200520,,,Sarah Loosemore,,,GBR,18.913,84,15,6-4 3-6 7-5,3,R64,,,,,,,,,,,,,,,,,,,
1990-2012,Berlin,Clay,56,T1,,19900514,2,200453,15,,Catarina Lindqvist Ryan,R,165,SWE,26.919,26,37,200587,,Q,Silke Meier,,,GER,21.835,115,10,7-6 6-0,3,R64,,,,,,,,,,,,,,,,,,,
1990-2012,Berlin,Clay,56,T1,,19900514,3,200530,,,Radomira Zrubakova,R,169,SVK,19.382,39,24,200439,,,Jenny Byrne,,,AUS,23.215,204,3,6-2 6-3,3,R64,,,,,,,,,,,,,,,,,,,
1990-2012,Berlin,Clay,56,T1,,19900514,4,200595,,,Ann Grossman,,,USA,19.584,69,17,200621,,,Isabelle Demongeot,R,,FRA,23.653,57,19,6-4 6-3,3,R64,,,,,,,,,,,,,,,,,,,
1990-2012,Berlin,Clay,56,T1,,19900514,5,200573,,,Cecilia Dahlman,R,178,SWE,21.805,71,16,200535,,,Jo Anne Faull,,,AUS,19.332,91,13,6-4 6-1,3,R64,,,,,,,,,,,,,,,,,,,
1990-2012,Berlin,Clay,56,T1,,19900514,6,200469,,,Nicole Bradtke,R,176,AUS,20.641,54,21,200105,,,Rachel Mcquillan,,170,AUS,18.448,42,23,6-0 6-1,3,R64,,,,,,,,,,,,,,,,,,,
1990-2012,Berlin,Clay,56,T1,,19900514,7,200097,10,,Nathalie Tauziat,R,165,FRA,22.574,23,45,200648,,,Marketa Kochta,R,168,GER,14.834,227,2,7-6 6-4,3,R64,,,,,,,,,,,,,,,,,,,
1990-2012,Berlin,Clay,56,T1,,19900514,8,200725,,,Sandra Cecchini,R,170,ITA,25.208,32,32,200560,,Q,Rene Simpson,L,165,CAN,24.329,137,7,6-4 7-6,3,R64,,,,,,,,,,,,,,,,,,,
1990-2012,Berlin,Clay,56,T1,,19900514,9,200467,,LL,Janine Tremelling,,,AUS,22.670,152,6,200428,,,Lori Mcneil,,170,USA,26.404,50,22,7-6 1-6 6-3,3,R64,,,,,,,,,,,,,,,,,,,
1990-2012,Berlin,Clay,56,T1,,19900514,10,200444,,,Elise Burgin,L,,USA,28.192,68,17,200481,,,Elna Reinach,,,RSA,21.446,66,18,1-6 6-3 6-1,3,R64,,,,,,,,,,,,,,,,,,,
1990-2012,Berlin,Clay,56,T1,,19900514,11,200612,,,Natalia Medvedeva,R,176,UKR,18.495,90,13,200419,,,Kathy Rinaldi Stunkel,,,USA,23.141,62,18,7-5 7-6,3,R64,,,,,,,,,,,,,,,,,,,
1990-2012,Berlin,Clay,56,T1,,19900514,12,201054,,Q,Katia Piccolini,R,168,ITA,17.325,112,10,200661,,Q,Samantha Smith,R,,GBR,18.462,165,5,6-3 6-1,3,R64,,,,,,,,,,,,,,,,,,,
1990-2012,Berlin,Clay,56,T1,,19900514,13,200450,,,Larisa Savchenko,,169,URS,23.814,33,31,200354,,,Claudia Kohde Kilsch,R,187,GER,26.424,59,19,6-1 6-7 6-1,3,R64,,,,,,,,,,,,,,,,,,,
1990-2012,Berlin,Clay,56,T1,,19900514,14,200348,16,,Hana Mandlikova,R,173,AUS,28.231,27,37,200602,,,Shaun Stafford,R,180,USA,21.416,73,16,6-4 6-3,3,R64,,,,,,,,,,,,,,,,,,,
1990-2012,Berlin,Clay,56,T1,,19900514,15,200472,15,,Helen Kelesi,R,,CAN,20.493,17,48,201830,,,Katharina Duell,,,GER,17.095,293,1,6-1 6-4,3,R64,,,,,,,,,,,,,,,,,,,
1990-2012,Berlin,Clay,56,T1,,19900514,16,200086,,Q,Magdalena Maleeva,R,168,BUL,15.119,182,4,200442,,,Andrea Temesvari,R,182,HUN,24.050,61,18,6-2 6-1,3,R64,,,,,,,,,,,,,,,,,,,
1990-2012,Berlin,Clay,56,T1,,19900514,17,200522,,,Nicole Jagerman,R,179,NED,22.810,43,22,200641,,,Patricia Tarabini,R,165,ARG,21.769,55,21,0-0 RET,3,R64,,,,,,,,,,,,,,,,,,,
1990-2012,Berlin,Clay,56,T1,,19900514,18,200026,,Q,Florencia Labat,L,170,ARG,18.922,96,13,200650,12,,Isabel Cueto,R,,GER,21.443,21,45,4-6 7-6 6-1,3,R64,,,,,,,,,,,,,,,,,,,
1990-2012,Berlin,Clay,56,T1,,19900514,19,200601,14,,Leila Meskhi,R,164,GEO,22.355,28,36,200064,,,Amanda Coetzer,R,158,RSA,18.560,53,21,6-0 6-0,3,R64,,,,,,,,,,,,,,,,,,,
1990-2012,Berlin,Clay,56,T1,,19900514,20,200605,,,Regina Rajchrtova,,,TCH,22.270,37,26,200610,,,Stacey Martin,,,USA,19.499,77,15,6-4 7-5,3,R64,,,,,,,,,,,,,,,,,,,
1990-2012,Berlin,Clay,56,T1,,19900514,21,200506,,,Wiltrud Probst,R,170,GER,20.959,48,22,200674,,,Bettina Fulco,R,,ARG,21.556,102,11,6-3 4-6 6-2,3,R64,,,,,,,,,,,,,,,,,,,
1990-2012,Berlin,Clay,56,T1,,19900514,22,200651,,,Sabine Hack,,170,GER,20.838,81,15,200366,,,Sylvia Hanika,L,173,GER,30.454,36,26,6-2 6-4,3,R64,,,,,,,,,,,,,,,,,,,
1990-2012,Berlin,Clay,56,T1,,19900514,23,200081,,,Anke Huber,R,173,GER,15.442,129,8,200624,,LL,Tami Whitlinger Jones,,,USA,21.498,95,13,6-4 6-2,3,R64,,,,,,,,,,,,,,,,,,,
1990-2012,Berlin,Clay,56,T1,,19900514,24,200482,9,,Judith Wiesner,R,,AUT,24.200,16,50,200570,,LL,Veronika Martinek,,160,GER,18.111,132,7,6-2 6-4,3,R64,,,,,,,,,,,,,,,,,,,
1990-2012,Berlin,Clay,56,T1,,19900514,25,200414,1,,Steffi Graf,R,175,GER,20.915,1,323,200640,,Q,Mercedes Paz,R,180,ARG,23.880,76,16,6-1 6-2,3,R32,,,,,,,,,,,,,,,,,,,
1990-2012,Berlin,Clay,56,T1,,19900514,26,201054,,Q,Katia Piccolini,R,168,ITA,17.325,112,10,200026,,Q,Florencia Labat,L,170,ARG,18.922,96,13,3-6 6-4 6-3,3,R32,,,,,,,,,,,,,,,,,,,
1990-2012,Berlin,Clay,56,T1,,19900514,27,200601,14,,Leila Meskhi,R,164,GEO,22.355,28,36,200605,,,Regina Rajchrtova,,,TCH,22.270,37,26,6-1 6-1,3,R32,,,,,,,,,,,,,,,,,,,
1990-2012,Berlin,Clay,56,T1,,19900514,28,200455,5,,Katerina Maleeva,R,168,BUL,21.019,9,90,200506,,,Wiltrud Probst,R,170,GER,20.959,48,22,6-1 6-0,3,R32,,,,,,,,,,,,,,,,,,,
1990-2012,Berlin,Clay,56,T1,,19900514,29,200597,4,,Mary Joe Fernandez,R,175,USA,18.735,8,94,200651,,,Sabine Hack,,170,GER,20.838,81,15,6-3 6-3,3,R32,,,,,,,,,,,,,,,,,,,
1990-2012,Berlin,Clay,56,T1,,19900514,30,200482,9,,Judith Wiesner,R,,AUT,24.200,16,50,200081,,,Anke Huber,R,173,GER,15.442,129,8,6-4 6-7 6-4,3,R32,,,,,,,,,,,,,,,,,,,
1990-2012,Berlin,Clay,56,T1,,19900514,31,200530,,,Radomira Zrubakova,R,169,SVK,19.382,39,24,200453,15,,Catarina Lindqvist Ryan,R,165,SWE,26.919,26,37,6-0 6-3,3,R32,,,,,,,,,,,,,,,,,,,
1990-2012,Berlin,Clay,56,T1,,19900514,32,200116,8,,Natalia Zvereva,R,174,BLR,19.078,13,54,200595,,,Ann Grossman,,,USA,19.584,69,17,4-6 6-3 6-2,3,R32,,,,,,,,,,,,,,,,,,,
1990-2012,Berlin,Clay,56,T1,,19900514,33,200539,7,,Jana Novotna,R,175,CZE,21.613,12,55,200573,,,Cecilia Dahlman,R,178,SWE,21.805,71,16,7-5 6-4,3,R32,,,,,,,,,,,,,,,,,,,
1990-2012,Berlin,Clay,56,T1,,19900514,34,200097,10,,Nathalie Tauziat,R,165,FRA,22.574,23,45,200469,,,Nicole Bradtke,R,176,AUS,20.641,54,21,6-4 6-7 6-4,3,R32,,,,,,,,,,,,,,,,,,,
1990-2012,Berlin,Clay,56,T1,,19900514,35,200725,,,Sandra Cecchini,R,170,ITA,25.208,32,32,200467,,LL,Janine Tremelling,,,AUS,22.670,152,6,3-6 6-3 7-5,3,R32,,,,,,,,,,,,,,,,,,,
1990-2012,Berlin,Clay,56,T1,,19900514,36,200572,3,,Gabriela Sabatini,R,175,ARG,19.995,5,125,200444,,,Elise Burgin,L,,USA,28.192,68,17,6-2 6-1,3,R32,,,,,,,,,,,,,,,,,,,
1990-2012,Berlin,Clay,56,T1,,19900514,37,200049,6,,Conchita Martinez,R,170,ESP,18.076,10,81,200612,,,Natalia Medvedeva,R,176,UKR,18.495,90,13,6-4 6-3,3,R32,,,,,,,,,,,,,,,,,,,
1990-2012,Berlin,Clay,56,T1,,19900514,38,200450,,,Larisa Savchenko,,169,URS,23.814,33,31,200348,16,,Hana Mandlikova,R,173,AUS,28.231,27,37,6-3 6-0,3,R32,,,,,,,,,,,,,,,,,,,
1990-2012,Berlin,Clay,56,T1,,19900514,39,200086,,Q,Magdalena Maleeva,R,168,BUL,15.119,182,4,200472,15,,Helen Kelesi,R,,CAN,20.493,17,48,6-0 RET,3,R32,,,,,,,,,,,,,,,,,,,
1990-2012,Berlin,Clay,56,T1,,19900514,40,200652,2,,Monica Seles,L,178,USA,16.447,3,148,200522,,,Nicole Jagerman,R,179,NED,22.810,43,22,6-1 6-0,3,R32,,,,,,,,,,,,,,,,,,,
1990-2012,Berlin,Clay,56,T1,,19900514,41,200414,1,,Steffi Graf,R,175,GER,20.915,1,323,201054,,Q,Katia Piccolini,R,168,ITA,17.325,112,10,6-0 6-1,3,R16,,,,,,,,,,,,,,,,,,,
1990-2012,Berlin,Clay,56,T1,,19900514,42,200601,14,,Leila Meskhi,R,164,GEO,22.355,28,36,200455,5,,Katerina Maleeva,R,168,BUL,21.019,9,90,4-6 6-2 6-0,3,R16,,,,,,,,,,,,,,,,,,,
1990-2012,Berlin,Clay,56,T1,,19900514,43,200482,9,,Judith Wiesner,R,,AUT,24.200,16,50,200597,4,,Mary Joe Fernandez,R,175,USA,18.735,8,94,0-1 RET,3,R16,,,,,,,,,,,,,,,,,,,
1990-2012,Berlin,Clay,56,T1,,19900514,44,200116,8,,Natalia Zvereva,R,174,BLR,19.078,13,54,200530,,,Radomira Zrubakova,R,169,SVK,19.382,39,24,7-5 6-1,3,R16,,,,,,,,,,,,,,,,,,,
1990-2012,Berlin,Clay,56,T1,,19900514,45,200097,10,,Nathalie Tauziat,R,165,FRA,22.574,23,45,200539,7,,Jana Novotna,R,175,CZE,21.613,12,55,2-6 7-5 7-5,3,R16,,,,,,,,,,,,,,,,,,,
1990-2012,Berlin,Clay,56,T1,,19900514,46,200725,,,Sandra Cecchini,R,170,ITA,25.208,32,32,200572,3,,Gabriela Sabatini,R,175,ARG,19.995,5,125,6-4 3-6 6-4,3,R16,,,,,,,,,,,,,,,,,,,
1990-2012,Berlin,Clay,56,T1,,19900514,47,200049,6,,Conchita Martinez,R,170,ESP,18.076,10,81,200450,,,Larisa Savchenko,,169,URS,23.814,33,31,6-3 6-1,3,R16,,,,,,,,,,,,,,,,,,,
1990-2012,Berlin,Clay,56,T1,,19900514,48,200652,2,,Monica Seles,L,178,USA,16.447,3,148,200086,,Q,Magdalena Maleeva,R,168,BUL,15.119,182,4,6-2 6-3,3,R16,,,,,,,,,,,,,,,,,,,
1990-2012,Berlin,Clay,56,T1,,19900514,49,200414,1,,Steffi Graf,R,175,GER,20.915,1,323,200601,14,,Leila Meskhi,R,164,GEO,22.355,28,36,6-4 6-1,3,QF,,,,,,,,,,,,,,,,,,,
1990-2012,Berlin,Clay,56,T1,,19900514,50,200116,8,,Natalia Zvereva,R,174,BLR,19.078,13,54,200482,9,,Judith Wiesner,R,,AUT,24.200,16,50,6-7 6-0 6-4,3,QF,,,,,,,,,,,,,,,,,,,
1990-2012,Berlin,Clay,56,T1,,19900514,51,200725,,,Sandra Cecchini,R,170,ITA,25.208,32,32,200097,10,,Nathalie Tauziat,R,165,FRA,22.574,23,45,7-6 6-3,3,QF,,,,,,,,,,,,,,,,,,,
1990-2012,Berlin,Clay,56,T1,,19900514,52,200652,2,,Monica Seles,L,178,USA,16.447,3,148,200049,6,,Conchita Martinez,R,170,ESP,18.076,10,81,6-0 6-3,3,QF,,,,,,,,,,,,,,,,,,,
1990-2012,Berlin,Clay,56,T1,,19900514,53,200414,1,,Steffi Graf,R,175,GER,20.915,1,323,200116,8,,Natalia Zvereva,R,174,BLR,19.078,13,54,6-4 6-2,3,SF,,,,,,,,,,,,,,,,,,,
1990-2012,Berlin,Clay,56,T1,,19900514,54,200652,2,,Monica Seles,L,178,USA,16.447,3,148,200725,,,Sandra Cecchini,R,170,ITA,25.208,32,32,6-1 6-3,3,SF,,,,,,,,,,,,,,,,,,,
1990-2012,Berlin,Clay,56,T1,,19900514,55,200652,2,,Monica Seles,L,178,USA,16.447,3,148,200414,1,,Steffi Graf,R,175,GER,20.915,1,323,6-4 6-3,3,F,,,,,,,,,,,,,,,,,,,
1990-406,Strasbourg,Clay,32,T4,,19900521,1,200650,1,,Isabel Cueto,R,,GER,21.462,26,38,200407,,,Camille Benjamin,L,175,USA,23.968,114,10,7-6 6-1,3,R32,,,,,,,,,,,,,,,,,,,
1990-406,Strasbourg,Clay,32,T4,,19900521,2,200026,,,Florencia Labat,L,170,ARG,18.941,92,13,200476,,,Cammy Macgregor,,168,USA,21.608,115,10,6-4 6-3,3,R32,,,,,,,,,,,,,,,,,,,
1990-406,Strasbourg,Clay,32,T4,,19900521,3,200021,,Q,Alexia Dechaume Balleret,R,,FRA,20.050,123,8,200622,,,Maya Kidowaki,,,JPN,21.011,83,15,7-6 6-0,3,R32,,,,,,,,,,,,,,,,,,,
1990-406,Strasbourg,Clay,32,T4,,19900521,4,200485,3,,Manon Bollegraf,R,173,NED,26.111,34,28,200576,,,Nathalie Herreman,L,,FRA,24.148,89,14,6-4 2-6 6-4,3,R32,,,,,,,,,,,,,,,,,,,
1990-406,Strasbourg,Clay,32,T4,,19900521,5,200614,,,Elena Pampoulova,,,BUL,18.010,,,200641,8,,Patricia Tarabini,R,165,ARG,21.788,56,19,7-6 7-6,3,R32,,,,,,,,,,,,,,,,,,,
1990-406,Strasbourg,Clay,32,T4,,19900521,6,200608,,Q,Audra Keller,,,USA,18.508,126,8,200421,,,Pascale Paradis Mangon,R,,FRA,24.074,127,8,6-1 6-3,3,R32,,,,,,,,,,,,,,,,,,,
1990-406,Strasbourg,Clay,32,T4,,19900521,7,200595,,,Ann Grossman,,,USA,19.603,64,18,200582,,,Maria Strandlund Tomsvik,,,SWE,20.759,99,12,0-6 6-2 6-0,3,R32,,,,,,,,,,,,,,,,,,,
1990-406,Strasbourg,Clay,32,T4,,19900521,8,200503,2,,Gretchen Magers,R,170,USA,26.284,28,36,200423,,Q,Carling Bassett Seguso,R,168,CAN,22.615,169,5,1-6 6-3 6-3,3,R32,,,,,,,,,,,,,,,,,,,
1990-406,Strasbourg,Clay,32,T4,,19900521,9,202188,,,Valerie Batut,,,FRA,20.605,442,0,200535,,,Jo Anne Faull,,,AUS,19.352,96,12,4-6 6-4 6-4,3,R32,,,,,,,,,,,,,,,,,,,
1990-406,Strasbourg,Clay,32,T4,,19900521,10,200674,,,Bettina Fulco,R,,ARG,21.575,113,10,200514,,,Monique Javer,R,,GBR,22.831,110,11,7-5 6-0,3,R32,,,,,,,,,,,,,,,,,,,
1990-406,Strasbourg,Clay,32,T4,,19900521,11,200640,,,Mercedes Paz,R,180,ARG,23.899,71,17,200469,7,,Nicole Bradtke,R,176,AUS,20.660,46,22,7-5 7-6,3,R32,,,,,,,,,,,,,,,,,,,
1990-406,Strasbourg,Clay,32,T4,,19900521,12,200105,4,,Rachel Mcquillan,,170,AUS,18.467,40,23,200468,,,Hu Na,,,USA,27.097,108,11,6-3 6-1,3,R32,,,,,,,,,,,,,,,,,,,
1990-406,Strasbourg,Clay,32,T4,,19900521,13,200593,,,Karine Quentrec,,,FRA,20.581,101,11,200425,,Q,Sophie Amiach,R,165,FRA,26.528,129,8,6-3 6-1,3,R32,,,,,,,,,,,,,,,,,,,
1990-406,Strasbourg,Clay,32,T4,,19900521,14,200570,,LL,Veronika Martinek,,160,GER,18.130,125,8,201052,,,Federica Haumuller,,,ARG,17.457,103,11,4-6 6-3 7-5,3,R32,,,,,,,,,,,,,,,,,,,
1990-406,Strasbourg,Clay,32,T4,,19900521,15,201043,,,Barbara Romano,,,ITA,25.348,106,11,200013,5,,Angelica Gavaldon,R,,MEX,16.630,47,22,6-1 6-1,3,R32,,,,,,,,,,,,,,,,,,,
1990-406,Strasbourg,Clay,32,T4,,19900521,16,200506,6,,Wiltrud Probst,R,170,GER,20.978,49,22,200481,,,Elna Reinach,,,RSA,21.465,62,18,2-6 6-4 6-1,3,R32,,,,,,,,,,,,,,,,,,,
1990-406,Strasbourg,Clay,32,T4,,19900521,17,200650,1,,Isabel Cueto,R,,GER,21.462,26,38,202188,,,Valerie Batut,,,FRA,20.605,442,0,6-1 6-0,3,R16,,,,,,,,,,,,,,,,,,,
1990-406,Strasbourg,Clay,32,T4,,19900521,18,200640,,,Mercedes Paz,R,180,ARG,23.899,71,17,200674,,,Bettina Fulco,R,,ARG,21.575,113,10,6-1 6-4,3,R16,,,,,,,,,,,,,,,,,,,
1990-406,Strasbourg,Clay,32,T4,,19900521,19,200593,,,Karine Quentrec,,,FRA,20.581,101,11,200105,4,,Rachel Mcquillan,,170,AUS,18.467,40,23,3-6 6-3 7-6,3,R16,,,,,,,,,,,,,,,,,,,
1990-406,Strasbourg,Clay,32,T4,,19900521,20,200570,,LL,Veronika Martinek,,160,GER,18.130,125,8,201043,,,Barbara Romano,,,ITA,25.348,106,11,6-4 6-4,3,R16,,,,,,,,,,,,,,,,,,,
1990-406,Strasbourg,Clay,32,T4,,19900521,21,200026,,,Florencia Labat,L,170,ARG,18.941,92,13,200506,6,,Wiltrud Probst,R,170,GER,20.978,49,22,5-7 6-2 6-1,3,R16,,,,,,,,,,,,,,,,,,,
1990-406,Strasbourg,Clay,32,T4,,19900521,22,200485,3,,Manon Bollegraf,R,173,NED,26.111,34,28,200021,,Q,Alexia Dechaume Balleret,R,,FRA,20.050,123,8,6-2 6-3,3,R16,,,,,,,,,,,,,,,,,,,
1990-406,Strasbourg,Clay,32,T4,,19900521,23,200614,,,Elena Pampoulova,,,BUL,18.010,,,200608,,Q,Audra Keller,,,USA,18.508,126,8,6-4 6-4,3,R16,,,,,,,,,,,,,,,,,,,
1990-406,Strasbourg,Clay,32,T4,,19900521,24,200595,,,Ann Grossman,,,USA,19.603,64,18,200503,2,,Gretchen Magers,R,170,USA,26.284,28,36,6-3 6-4,3,R16,,,,,,,,,,,,,,,,,,,
1990-406,Strasbourg,Clay,32,T4,,19900521,25,200640,,,Mercedes Paz,R,180,ARG,23.899,71,17,200650,1,,Isabel Cueto,R,,GER,21.462,26,38,6-1 6-0,3,QF,,,,,,,,,,,,,,,,,,,
1990-406,Strasbourg,Clay,32,T4,,19900521,26,200593,,,Karine Quentrec,,,FRA,20.581,101,11,200570,,LL,Veronika Martinek,,160,GER,18.130,125,8,6-7 7-6 6-2,3,QF,,,,,,,,,,,,,,,,,,,
1990-406,Strasbourg,Clay,32,T4,,19900521,27,200485,3,,Manon Bollegraf,R,173,NED,26.111,34,28,200026,,,Florencia Labat,L,170,ARG,18.941,92,13,6-1 7-6,3,QF,,,,,,,,,,,,,,,,,,,
1990-406,Strasbourg,Clay,32,T4,,19900521,28,200595,,,Ann Grossman,,,USA,19.603,64,18,200614,,,Elena Pampoulova,,,BUL,18.010,,,6-1 6-3,3,QF,,,,,,,,,,,,,,,,,,,
1990-406,Strasbourg,Clay,32,T4,,19900521,29,200640,,,Mercedes Paz,R,180,ARG,23.899,71,17,200593,,,Karine Quentrec,,,FRA,20.581,101,11,6-1 6-1,3,SF,,,,,,,,,,,,,,,,,,,
1990-406,Strasbourg,Clay,32,T4,,19900521,30,200595,,,Ann Grossman,,,USA,19.603,64,18,200485,3,,Manon Bollegraf,R,173,NED,26.111,34,28,2-6 6-0 6-2,3,SF,,,,,,,,,,,,,,,,,,,
1990-406,Strasbourg,Clay,32,T4,,19900521,31,200640,,,Mercedes Paz,R,180,ARG,23.899,71,17,200595,,,Ann Grossman,,,USA,19.603,64,18,6-2 6-3,3,F,,,,,,,,,,,,,,,,,,,
1990-501,Geneva,Clay,32,T4,,19900521,1,200401,1,,Manuela Maleeva Fragniere,R,173,SUI,23.264,7,100,201051,,,Laura Lapi,,,ITA,19.694,67,17,6-1 6-3,3,R32,,,,,,,,,,,,,,,,,,,
1990-501,Geneva,Clay,32,T4,,19900521,2,200626,,Q,Emanuela Zardo,L,,SUI,20.074,132,7,200487,,Q,Eva Krapl,R,180,SUI,24.343,193,3,6-1 6-3,3,R32,,,,,,,,,,,,,,,,,,,
1990-501,Geneva,Clay,32,T4,,19900521,3,200473,,,Beverly Bowes,R,,USA,24.696,98,12,200573,,,Cecilia Dahlman,R,178,SWE,21.824,72,16,6-1 4-6 6-3,3,R32,,,,,,,,,,,,,,,,,,,
1990-501,Geneva,Clay,32,T4,,19900521,4,201021,,,Laura Garrone,R,166,ITA,22.514,82,15,200348,4,,Hana Mandlikova,R,173,AUS,28.250,30,35,2-0 RET,3,R32,,,,,,,,,,,,,,,,,,,
1990-501,Geneva,Clay,32,T4,,19900521,5,200521,,Q,Hellas Ter Riet,,,NED,21.914,176,4,200530,7,,Radomira Zrubakova,R,169,SVK,19.401,38,24,6-4 6-4,3,R32,,,,,,,,,,,,,,,,,,,
1990-501,Geneva,Clay,32,T4,,19900521,6,200064,,,Amanda Coetzer,R,158,RSA,18.579,54,20,200419,,,Kathy Rinaldi Stunkel,,,USA,23.160,66,17,6-1 6-0,3,R32,,,,,,,,,,,,,,,,,,,
1990-501,Geneva,Clay,32,T4,,19900521,7,200501,,,Marianne Werdel Witmeyer,,,USA,22.593,94,13,201047,,,Andrea Vieira,,,BRA,19.289,112,10,7-5 6-3,3,R32,,,,,,,,,,,,,,,,,,,
1990-501,Geneva,Clay,32,T4,,19900521,8,200604,2,,Barbara Paulus,R,177,AUT,19.718,16,49,201803,,,Gabriela Castro,,,ARG,23.861,396,0,6-3 6-1,3,R32,,,,,,,,,,,,,,,,,,,
1990-501,Geneva,Clay,32,T4,,19900521,9,200651,,,Sabine Hack,,170,GER,20.857,77,15,200441,,,Louise Field,,,AUS,23.234,105,11,6-3 6-3,3,R32,,,,,,,,,,,,,,,,,,,
1990-501,Geneva,Clay,32,T4,,19900521,10,200602,,,Shaun Stafford,R,180,USA,21.435,78,15,200439,,,Jenny Byrne,,,AUS,23.234,197,3,6-3 6-1,3,R32,,,,,,,,,,,,,,,,,,,
1990-501,Geneva,Clay,32,T4,,19900521,11,200610,,,Stacey Martin,,,USA,19.519,85,14,200333,,,Betsy Nagelsen,R,175,USA,33.575,52,21,6-1 6-7 6-1,3,R32,,,,,,,,,,,,,,,,,,,
1990-501,Geneva,Clay,32,T4,,19900521,12,200472,3,,Helen Kelesi,R,,CAN,20.512,22,44,200544,,,Celine Cohen,,,SUI,23.212,180,4,6-3 5-7 6-4,3,R32,,,,,,,,,,,,,,,,,,,
1990-501,Geneva,Clay,32,T4,,19900521,13,200095,,,Linda Wild,R,,USA,19.272,104,11,200624,,,Tami Whitlinger Jones,,,USA,21.517,97,12,7-5 4-6 6-3,3,R32,,,,,,,,,,,,,,,,,,,
1990-501,Geneva,Clay,32,T4,,19900521,14,201017,,,Angelika Kanellopoulou,R,,GRE,24.422,79,15,200427,,Q,Beth Herr,R,170,USA,25.980,228,2,6-3 3-6 6-0,3,R32,,,,,,,,,,,,,,,,,,,
1990-501,Geneva,Clay,32,T4,,19900521,15,200561,8,,Cathy Caverzasio,,,SUI,17.643,39,24,200444,,,Elise Burgin,L,,USA,28.211,69,17,6-3 6-2,3,R32,,,,,,,,,,,,,,,,,,,
1990-501,Geneva,Clay,32,T4,,19900521,16,200494,5,,Dianne Van Rensburg,R,,RSA,22.213,36,25,200661,,LL,Samantha Smith,R,,GBR,18.481,160,5,7-5 6-2,3,R32,,,,,,,,,,,,,,,,,,,
1990-501,Geneva,Clay,32,T4,,19900521,17,200651,,,Sabine Hack,,170,GER,20.857,77,15,200401,1,,Manuela Maleeva Fragniere,R,173,SUI,23.264,7,100,6-2 6-1,3,R16,,,,,,,,,,,,,,,,,,,
1990-501,Geneva,Clay,32,T4,,19900521,18,200602,,,Shaun Stafford,R,180,USA,21.435,78,15,200610,,,Stacey Martin,,,USA,19.519,85,14,6-4 7-5,3,R16,,,,,,,,,,,,,,,,,,,
1990-501,Geneva,Clay,32,T4,,19900521,19,200472,3,,Helen Kelesi,R,,CAN,20.512,22,44,200095,,,Linda Wild,R,,USA,19.272,104,11,6-1 6-4,3,R16,,,,,,,,,,,,,,,,,,,
1990-501,Geneva,Clay,32,T4,,19900521,20,200561,8,,Cathy Caverzasio,,,SUI,17.643,39,24,201017,,,Angelika Kanellopoulou,R,,GRE,24.422,79,15,6-1 7-5,3,R16,,,,,,,,,,,,,,,,,,,
1990-501,Geneva,Clay,32,T4,,19900521,21,200626,,Q,Emanuela Zardo,L,,SUI,20.074,132,7,200494,5,,Dianne Van Rensburg,R,,RSA,22.213,36,25,7-5 6-7 6-1,3,R16,,,,,,,,,,,,,,,,,,,
1990-501,Geneva,Clay,32,T4,,19900521,22,201021,,,Laura Garrone,R,166,ITA,22.514,82,15,200473,,,Beverly Bowes,R,,USA,24.696,98,12,4-6 6-3 6-1,3,R16,,,,,,,,,,,,,,,,,,,
1990-501,Geneva,Clay,32,T4,,19900521,23,200064,,,Amanda Coetzer,R,158,RSA,18.579,54,20,200521,,Q,Hellas Ter Riet,,,NED,21.914,176,4,1-6 6-4 6-2,3,R16,,,,,,,,,,,,,,,,,,,
1990-501,Geneva,Clay,32,T4,,19900521,24,200604,2,,Barbara Paulus,R,177,AUT,19.718,16,49,200501,,,Marianne Werdel Witmeyer,,,USA,22.593,94,13,6-2 6-3,3,R16,,,,,,,,,,,,,,,,,,,
1990-501,Geneva,Clay,32,T4,,19900521,25,200651,,,Sabine Hack,,170,GER,20.857,77,15,200602,,,Shaun Stafford,R,180,USA,21.435,78,15,6-1 6-0,3,QF,,,,,,,,,,,,,,,,,,,
1990-501,Geneva,Clay,32,T4,,19900521,26,200472,3,,Helen Kelesi,R,,CAN,20.512,22,44,200561,8,,Cathy Caverzasio,,,SUI,17.643,39,24,3-6 6-1 6-1,3,QF,,,,,,,,,,,,,,,,,,,
1990-501,Geneva,Clay,32,T4,,19900521,27,200626,,Q,Emanuela Zardo,L,,SUI,20.074,132,7,201021,,,Laura Garrone,R,166,ITA,22.514,82,15,4-6 6-4 6-2,3,QF,,,,,,,,,,,,,,,,,,,
1990-501,Geneva,Clay,32,T4,,19900521,28,200604,2,,Barbara Paulus,R,177,AUT,19.718,16,49,200064,,,Amanda Coetzer,R,158,RSA,18.579,54,20,6-2 6-2,3,QF,,,,,,,,,,,,,,,,,,,
1990-501,Geneva,Clay,32,T4,,19900521,29,200472,3,,Helen Kelesi,R,,CAN,20.512,22,44,200651,,,Sabine Hack,,170,GER,20.857,77,15,6-2 6-1,3,SF,,,,,,,,,,,,,,,,,,,
1990-501,Geneva,Clay,32,T4,,19900521,30,200604,2,,Barbara Paulus,R,177,AUT,19.718,16,49,200626,,Q,Emanuela Zardo,L,,SUI,20.074,132,7,7-5 6-3,3,SF,,,,,,,,,,,,,,,,,,,
1990-501,Geneva,Clay,32,T4,,19900521,31,200604,2,,Barbara Paulus,R,177,AUT,19.718,16,49,200472,3,,Helen Kelesi,R,,CAN,20.512,22,44,2-6 7-5 7-6,3,F,,,,,,,,,,,,,,,,,,,
1990-903,Roland Garros,Clay,128,G,,19900528,1,200414,1,,Steffi Graf,R,175,GER,20.953,1,315,200421,,,Pascale Paradis Mangon,R,,FRA,24.094,133,7,6-0 6-2,3,R128,,,,,,,,,,,,,,,,,,,
1990-903,Roland Garros,Clay,128,G,,19900528,2,200616,,WC,Pascale Etchemendy,,,FRA,23.976,136,7,200481,,,Elna Reinach,,,RSA,21.484,67,17,7-5 6-1,3,R128,,,,,,,,,,,,,,,,,,,
1990-903,Roland Garros,Clay,128,G,,19900528,3,200582,,,Maria Strandlund Tomsvik,,,SWE,20.778,99,12,200547,,,Sandra Wasserman,R,173,BEL,20.217,73,16,6-3 3-6 6-0,3,R128,,,,,,,,,,,,,,,,,,,
1990-903,Roland Garros,Clay,128,G,,19900528,4,200530,,,Radomira Zrubakova,R,169,SVK,19.420,42,23,200587,,,Silke Meier,,,GER,21.873,114,10,6-1 6-2,3,R128,,,,,,,,,,,,,,,,,,,
1990-903,Roland Garros,Clay,128,G,,19900528,5,200407,,,Camille Benjamin,L,175,USA,23.987,121,9,200627,,Q,Petra Schwarz,R,168,AUT,18.010,138,7,7-6(3) 6-1,3,R128,,,,,,,,,,,,,,,,,,,
1990-903,Roland Garros,Clay,128,G,,19900528,6,200468,,,Hu Na,,,USA,27.116,112,10,200687,,Q,Katarzyna Nowak,,173,POL,21.369,204,3,0-6 7-6(5) 6-2,3,R128,,,,,,,,,,,,,,,,,,,
1990-903,Roland Garros,Clay,128,G,,19900528,7,201043,,,Barbara Romano,,,ITA,25.367,101,12,200625,,,Jana Pospisilova,,,CZE,20.181,91,14,6-3 6-1,3,R128,,,,,,,,,,,,,,,,,,,
1990-903,Roland Garros,Clay,128,G,,19900528,8,200506,,,Wiltrud Probst,R,170,GER,20.997,60,19,200404,5,,Zina Garrison,R,164,USA,26.530,6,114,6-1 1-6 7-5,3,R128,,,,,,,,,,,,,,,,,,,
1990-903,Roland Garros,Clay,128,G,,19900528,9,200572,4,,Gabriela Sabatini,R,175,ARG,20.033,5,116,201047,,,Andrea Vieira,,,BRA,19.308,111,10,6-0 7-6(4),3,R128,,,,,,,,,,,,,,,,,,,
1990-903,Roland Garros,Clay,128,G,,19900528,10,200673,,,Susan Sloane Lundy,R,,USA,19.477,52,21,200064,,,Amanda Coetzer,R,158,RSA,18.599,45,22,6-4 6-3,3,R128,,,,,,,,,,,,,,,,,,,
1990-903,Roland Garros,Clay,128,G,,19900528,11,200644,,,Naoko Sawamatsu,R,167,JPN,17.180,48,22,200095,,,Linda Wild,R,,USA,19.291,104,12,6-1 4-6 6-2,3,R128,,,,,,,,,,,,,,,,,,,
1990-903,Roland Garros,Clay,128,G,,19900528,12,200567,,LL,Jennifer Santrock,L,,USA,21.249,150,6,200520,,,Sarah Loosemore,,,GBR,18.952,83,15,6-2 6-4,3,R128,,,,,,,,,,,,,,,,,,,
1990-903,Roland Garros,Clay,128,G,,19900528,13,200576,,,Nathalie Herreman,L,,FRA,24.168,90,14,200532,,WC,Maider Laval,,,FRA,20.028,147,6,6-3 6-3,3,R128,,,,,,,,,,,,,,,,,,,
1990-903,Roland Garros,Clay,128,G,,19900528,14,200494,,,Dianne Van Rensburg,R,,RSA,22.232,37,26,201046,,,Silvia La Fratta,R,,ITA,22.560,125,8,6-4 6-2,3,R128,,,,,,,,,,,,,,,,,,,
1990-903,Roland Garros,Clay,128,G,,19900528,15,200574,,,Eva Sviglerova,,,CZE,18.875,118,9,200419,,,Kathy Rinaldi Stunkel,,,USA,23.179,70,17,6-2 5-5 RET,3,R128,,,,,,,,,,,,,,,,,,,
1990-903,Roland Garros,Clay,128,G,,19900528,16,200554,,,Brenda Schultz Mccarthy,R,188,NED,19.414,69,17,201021,,,Laura Garrone,R,166,ITA,22.533,93,13,6-4 7-6(9),3,R128,,,,,,,,,,,,,,,,,,,
1990-903,Roland Garros,Clay,128,G,,19900528,17,200539,11,,Jana Novotna,R,175,CZE,21.651,15,51,200621,,,Isabelle Demongeot,R,,FRA,23.691,58,19,6-0 6-7(6) 10-8,3,R128,,,,,,,,,,,,,,,,,,,
1990-903,Roland Garros,Clay,128,G,,19900528,18,200560,,,Rene Simpson,L,165,CAN,24.367,134,7,200357,13,,Rosalyn Fairbank,R,173,USA,29.567,16,51,6-1 6-2,3,R128,,,,,,,,,,,,,,,,,,,
1990-903,Roland Garros,Clay,128,G,,19900528,19,200442,,,Andrea Temesvari,R,182,HUN,24.088,66,17,200573,,,Cecilia Dahlman,R,178,SWE,21.843,75,16,6-2 6-1,3,R128,,,,,,,,,,,,,,,,,,,
1990-903,Roland Garros,Clay,128,G,,19900528,20,200614,,,Elena Pampoulova,,,BUL,18.029,,,201053,,WC,Sylvie Sabas,,,FRA,18.270,321,1,6-3 6-3,3,R128,,,,,,,,,,,,,,,,,,,
1990-903,Roland Garros,Clay,128,G,,19900528,21,200469,,,Nicole Bradtke,R,176,AUS,20.679,53,21,200362,,,Liz Smylie,R,170,AUS,27.130,38,25,6-1 6-3,3,R128,,,,,,,,,,,,,,,,,,,
1990-903,Roland Garros,Clay,128,G,,19900528,22,200612,,,Natalia Medvedeva,R,176,UKR,18.533,89,14,200473,,,Beverly Bowes,R,,USA,24.715,98,12,6-3 3-6 6-2,3,R128,,,,,,,,,,,,,,,,,,,
1990-903,Roland Garros,Clay,128,G,,19900528,23,200425,,,Sophie Amiach,R,165,FRA,26.547,129,8,201052,,,Federica Haumuller,,,ARG,17.476,110,10,7-5 6-7(5) 6-2,3,R128,,,,,,,,,,,,,,,,,,,
1990-903,Roland Garros,Clay,128,G,,19900528,24,200112,,,Julie Halard Decugis,R,173,FRA,19.713,36,27,200333,,,Betsy Nagelsen,R,175,USA,33.594,57,20,6-1 6-4,3,R128,,,,,,,,,,,,,,,,,,,
1990-903,Roland Garros,Clay,128,G,,19900528,25,200566,,,Donna Faber,,,USA,18.897,64,18,200569,,,Petra Langrova,,,TCH,19.918,79,15,7-5 7-5,3,R128,,,,,,,,,,,,,,,,,,,
1990-903,Roland Garros,Clay,128,G,,19900528,26,200455,8,,Katerina Maleeva,R,168,BUL,21.057,7,96,200037,,,Sabine Appelmans,L,168,BEL,18.098,40,24,6-3 6-3,3,R128,,,,,,,,,,,,,,,,,,,
1990-903,Roland Garros,Clay,128,G,,19900528,27,200597,7,,Mary Joe Fernandez,R,175,USA,18.774,8,94,200619,,Q,Kate Mcdonald,,,AUS,20.187,237,2,6-4 6-2,3,R128,,,,,,,,,,,,,,,,,,,
1990-903,Roland Garros,Clay,128,G,,19900528,28,200096,,WC,Mary Pierce,R,178,FRA,15.365,180,4,200674,,,Bettina Fulco,R,,ARG,21.594,115,10,6-0 6-1,3,R128,,,,,,,,,,,,,,,,,,,
1990-903,Roland Garros,Clay,128,G,,19900528,29,200366,,,Sylvia Hanika,L,173,GER,30.492,46,22,200622,,,Maya Kidowaki,,,JPN,21.030,87,14,6-3 6-2,3,R128,,,,,,,,,,,,,,,,,,,
1990-903,Roland Garros,Clay,128,G,,19900528,30,200650,,,Isabel Cueto,R,,GER,21.482,27,38,200626,,,Emanuela Zardo,L,,SUI,20.093,96,13,7-6(10) 6-0,3,R128,,,,,,,,,,,,,,,,,,,
1990-903,Roland Garros,Clay,128,G,,19900528,31,200595,,,Ann Grossman,,,USA,19.623,51,21,200628,,,Sabrina Goles,,,YUG,24.983,162,5,6-0 6-2,3,R128,,,,,,,,,,,,,,,,,,,
1990-903,Roland Garros,Clay,128,G,,19900528,32,200606,,,Nana Smith,R,163,JPN,19.132,59,19,200562,,,Martina Pawlik,,,GER,20.469,116,9,6-2 1-0 RET,3,R128,,,,,,,,,,,,,,,,,,,
1990-903,Roland Garros,Clay,128,G,,19900528,33,200620,,Q,Kirrily Sharpe,L,,AUS,17.252,200,3,200496,,,Terry Phelps,,,USA,23.442,88,14,6-3 6-3,3,R128,,,,,,,,,,,,,,,,,,,
1990-903,Roland Garros,Clay,128,G,,19900528,34,200725,,,Sandra Cecchini,R,170,ITA,25.246,26,39,200565,,WC,Nathalie Guerree Spitzer,,,FRA,21.890,170,5,7-5 6-0,3,R128,,,,,,,,,,,,,,,,,,,
1990-903,Roland Garros,Clay,128,G,,19900528,35,200422,14,,Raffaella Reggi Concato,,170,ITA,24.499,17,48,200013,,,Angelica Gavaldon,R,,MEX,16.649,55,20,1-6 7-6(4) 6-2,3,R128,,,,,,,,,,,,,,,,,,,
1990-903,Roland Garros,Clay,128,G,,19900528,36,200482,12,,Judith Wiesner,R,,AUT,24.239,13,53,200503,,,Gretchen Magers,R,170,USA,26.303,29,36,6-4 6-0,3,R128,,,,,,,,,,,,,,,,,,,
1990-903,Roland Garros,Clay,128,G,,19900528,37,200498,,,Michelle Jaggard Lai,R,146,AUS,21.060,130,8,200485,,,Manon Bollegraf,R,173,NED,26.131,33,31,7-6(5) 3-2 RET,3,R128,,,,,,,,,,,,,,,,,,,
1990-903,Roland Garros,Clay,128,G,,19900528,38,200077,,,Jennifer Capriati,R,170,USA,14.163,24,43,200016,,WC,Sandrine Testud,R,176,FRA,18.150,303,1,6-1 6-1,3,R128,,,,,,,,,,,,,,,,,,,
1990-903,Roland Garros,Clay,128,G,,19900528,39,200476,,,Cammy Macgregor,,168,USA,21.627,119,9,200415,,WC,Catherine Suire,R,167,FRA,30.700,181,4,6-7(7) 7-6(3) 6-3,3,R128,,,,,,,,,,,,,,,,,,,
1990-903,Roland Garros,Clay,128,G,,19900528,40,200544,,Q,Celine Cohen,,,SUI,23.231,247,2,200021,,,Alexia Dechaume Balleret,R,,FRA,20.069,117,9,6-4 7-6(5),3,R128,,,,,,,,,,,,,,,,,,,
1990-903,Roland Garros,Clay,128,G,,19900528,41,200705,,,Linda Ferrando,,170,ITA,24.373,56,20,200608,,,Audra Keller,,,USA,18.527,124,8,3-6 6-0 6-4,3,R128,,,,,,,,,,,,,,,,,,,
1990-903,Roland Garros,Clay,128,G,,19900528,42,200640,,,Mercedes Paz,R,180,ARG,23.918,39,24,200593,,,Karine Quentrec,,,FRA,20.600,76,15,6-4 2-6 6-3,3,R128,,,,,,,,,,,,,,,,,,,
1990-903,Roland Garros,Clay,128,G,,19900528,43,200017,3,,Arantxa Sanchez Vicario,R,168,ESP,18.443,4,134,200647,,WC,Noelle Van Lottum,,170,FRA,17.876,178,4,6-1 6-3,3,R128,,,,,,,,,,,,,,,,,,,
1990-903,Roland Garros,Clay,128,G,,19900528,44,200401,6,,Manuela Maleeva Fragniere,R,173,SUI,23.283,9,90,200602,,,Shaun Stafford,R,180,USA,21.454,85,14,6-2 6-3,3,R128,,,,,,,,,,,,,,,,,,,
1990-903,Roland Garros,Clay,128,G,,19900528,45,201051,,,Laura Lapi,,,ITA,19.713,84,15,200607,,,Beate Reinstadler,,168,AUT,23.023,131,8,6-4 6-2,3,R128,,,,,,,,,,,,,,,,,,,
1990-903,Roland Garros,Clay,128,G,,19900528,46,200346,,,Anne Minter,R,165,AUS,27.152,63,18,200646,,,Francesca Romano,,,ITA,19.302,123,8,7-5 6-3,3,R128,,,,,,,,,,,,,,,,,,,
1990-903,Roland Garros,Clay,128,G,,19900528,47,200641,,,Patricia Tarabini,R,165,ARG,21.807,92,13,200535,,,Jo Anne Faull,,,AUS,19.371,120,9,6-0 6-4,3,R128,,,,,,,,,,,,,,,,,,,
1990-903,Roland Garros,Clay,128,G,,19900528,48,200354,,,Claudia Kohde Kilsch,R,187,GER,26.462,61,19,200483,,,Kumiko Okamoto,,,JPN,25.268,172,5,6-1 6-1,3,R128,,,,,,,,,,,,,,,,,,,
1990-903,Roland Garros,Clay,128,G,,19900528,49,200561,,,Cathy Caverzasio,,,SUI,17.662,35,27,200522,,,Nicole Jagerman,R,179,NED,22.848,47,22,6-4 6-2,3,R128,,,,,,,,,,,,,,,,,,,
1990-903,Roland Garros,Clay,128,G,,19900528,50,200610,,,Stacey Martin,,,USA,19.538,81,15,200441,,,Louise Field,,,AUS,23.253,108,11,6-2 6-2,3,R128,,,,,,,,,,,,,,,,,,,
1990-903,Roland Garros,Clay,128,G,,19900528,51,200398,,,Iva Budarova,,,TCH,29.824,152,6,200497,,Q,Patricia Hy Boulais,R,163,CAN,24.764,143,7,6-2 7-6(2),3,R128,,,,,,,,,,,,,,,,,,,
1990-903,Roland Garros,Clay,128,G,,19900528,52,200116,10,,Natalia Zvereva,R,174,BLR,19.116,12,61,200395,,,Catherine Tanvier,R,174,FRA,25.000,95,13,6-4 7-6(2),3,R128,,,,,,,,,,,,,,,,,,,
1990-903,Roland Garros,Clay,128,G,,19900528,53,200630,16,,Laura Arraya,R,173,PER,26.374,18,47,200428,,,Lori Mcneil,,170,USA,26.443,49,22,7-6(5) 6-3,3,R128,,,,,,,,,,,,,,,,,,,
1990-903,Roland Garros,Clay,128,G,,19900528,54,200444,,,Elise Burgin,L,,USA,28.231,80,15,200501,,,Marianne Werdel Witmeyer,,,USA,22.612,94,13,6-3 3-6 6-4,3,R128,,,,,,,,,,,,,,,,,,,
1990-903,Roland Garros,Clay,128,G,,19900528,55,200605,,,Regina Rajchrtova,,,TCH,22.308,44,23,200624,,,Tami Whitlinger Jones,,,USA,21.536,102,12,6-2 6-0,3,R128,,,,,,,,,,,,,,,,,,,
1990-903,Roland Garros,Clay,128,G,,19900528,56,200514,,,Monique Javer,R,,GBR,22.851,113,10,201017,,,Angelika Kanellopoulou,R,,GRE,24.441,71,16,4-6 6-4 7-5,3,R128,,,,,,,,,,,,,,,,,,,
1990-903,Roland Garros,Clay,128,G,,19900528,57,200086,,Q,Magdalena Maleeva,R,168,BUL,15.157,128,8,200026,,,Florencia Labat,L,170,ARG,18.960,82,15,6-7(3) 6-4 6-3,3,R128,,,,,,,,,,,,,,,,,,,
1990-903,Roland Garros,Clay,128,G,,19900528,58,200601,,,Leila Meskhi,R,164,GEO,22.393,25,41,200105,,,Rachel Mcquillan,,170,AUS,18.486,43,23,6-4 6-1,3,R128,,,,,,,,,,,,,,,,,,,
1990-903,Roland Garros,Clay,128,G,,19900528,59,200450,,,Larisa Savchenko,,169,URS,23.853,34,30,201040,,Q,Luciana Corsato Owsianka,,,BRA,24.348,186,3,6-7(10) 6-4 6-4,3,R128,,,,,,,,,,,,,,,,,,,
1990-903,Roland Garros,Clay,128,G,,19900528,60,200472,,,Helen Kelesi,R,,CAN,20.532,19,47,200453,,,Catarina Lindqvist Ryan,R,165,SWE,26.957,28,37,6-3 6-0,3,R128,,,,,,,,,,,,,,,,,,,
1990-903,Roland Garros,Clay,128,G,,19900528,61,200652,2,,Monica Seles,L,178,USA,16.485,3,157,201054,,,Katia Piccolini,R,168,ITA,17.364,100,12,6-0 6-0,3,R128,,,,,,,,,,,,,,,,,,,
1990-903,Roland Garros,Clay,128,G,,19900528,62,200651,,,Sabine Hack,,170,GER,20.877,54,21,200487,,,Eva Krapl,R,180,SUI,24.362,190,3,6-0 6-1,3,R128,,,,,,,,,,,,,,,,,,,
1990-903,Roland Garros,Clay,128,G,,19900528,63,200097,15,,Nathalie Tauziat,R,165,FRA,22.612,20,47,200615,,,Kristin Godridge,,,HKG,17.301,127,8,6-3 7-5,3,R128,,,,,,,,,,,,,,,,,,,
1990-903,Roland Garros,Clay,128,G,,19900528,64,200049,9,,Conchita Martinez,R,170,ESP,18.114,10,78,200467,,,Janine Tremelling,,,AUS,22.708,149,6,7-5 6-1,3,R128,,,,,,,,,,,,,,,,,,,
1990-903,Roland Garros,Clay,128,G,,19900528,65,200414,1,,Steffi Graf,R,175,GER,20.953,1,315,200567,,LL,Jennifer Santrock,L,,USA,21.249,150,6,6-1 6-2,3,R64,,,,,,,,,,,,,,,,,,,
1990-903,Roland Garros,Clay,128,G,,19900528,66,200725,,,Sandra Cecchini,R,170,ITA,25.246,26,39,200425,,,Sophie Amiach,R,165,FRA,26.547,129,8,6-2 6-1,3,R64,,,,,,,,,,,,,,,,,,,
1990-903,Roland Garros,Clay,128,G,,19900528,67,201051,,,Laura Lapi,,,ITA,19.713,84,15,200514,,,Monique Javer,R,,GBR,22.851,113,10,6-1 6-1,3,R64,,,,,,,,,,,,,,,,,,,
1990-903,Roland Garros,Clay,128,G,,19900528,68,200097,15,,Nathalie Tauziat,R,165,FRA,22.612,20,47,200651,,,Sabine Hack,,170,GER,20.877,54,21,6-2 3-6 6-3,3,R64,,,,,,,,,,,,,,,,,,,
1990-903,Roland Garros,Clay,128,G,,19900528,69,200049,9,,Conchita Martinez,R,170,ESP,18.114,10,78,200616,,WC,Pascale Etchemendy,,,FRA,23.976,136,7,7-6(1) 6-3,3,R64,,,,,,,,,,,,,,,,,,,
1990-903,Roland Garros,Clay,128,G,,19900528,70,200530,,,Radomira Zrubakova,R,169,SVK,19.420,42,23,200582,,,Maria Strandlund Tomsvik,,,SWE,20.778,99,12,6-1 7-6(0),3,R64,,,,,,,,,,,,,,,,,,,
1990-903,Roland Garros,Clay,128,G,,19900528,71,200407,,,Camille Benjamin,L,175,USA,23.987,121,9,200468,,,Hu Na,,,USA,27.116,112,10,7-6(2) 6-3,3,R64,,,,,,,,,,,,,,,,,,,
1990-903,Roland Garros,Clay,128,G,,19900528,72,200506,,,Wiltrud Probst,R,170,GER,20.997,60,19,201043,,,Barbara Romano,,,ITA,25.367,101,12,6-2 4-6 7-5,3,R64,,,,,,,,,,,,,,,,,,,
1990-903,Roland Garros,Clay,128,G,,19900528,73,200572,4,,Gabriela Sabatini,R,175,ARG,20.033,5,116,200673,,,Susan Sloane Lundy,R,,USA,19.477,52,21,6-0 5-7 6-1,3,R64,,,,,,,,,,,,,,,,,,,
1990-903,Roland Garros,Clay,128,G,,19900528,74,200576,,,Nathalie Herreman,L,,FRA,24.168,90,14,200644,,,Naoko Sawamatsu,R,167,JPN,17.180,48,22,6-1 6-3,3,R64,,,,,,,,,,,,,,,,,,,
1990-903,Roland Garros,Clay,128,G,,19900528,75,200574,,,Eva Sviglerova,,,CZE,18.875,118,9,200494,,,Dianne Van Rensburg,R,,RSA,22.232,37,26,6-3 7-5,3,R64,,,,,,,,,,,,,,,,,,,
1990-903,Roland Garros,Clay,128,G,,19900528,76,200539,11,,Jana Novotna,R,175,CZE,21.651,15,51,200554,,,Brenda Schultz Mccarthy,R,188,NED,19.414,69,17,6-3 6-1,3,R64,,,,,,,,,,,,,,,,,,,
1990-903,Roland Garros,Clay,128,G,,19900528,77,200442,,,Andrea Temesvari,R,182,HUN,24.088,66,17,200560,,,Rene Simpson,L,165,CAN,24.367,134,7,7-6(5) 6-2,3,R64,,,,,,,,,,,,,,,,,,,
1990-903,Roland Garros,Clay,128,G,,19900528,78,200469,,,Nicole Bradtke,R,176,AUS,20.679,53,21,200614,,,Elena Pampoulova,,,BUL,18.029,,,6-4 6-2,3,R64,,,,,,,,,,,,,,,,,,,
1990-903,Roland Garros,Clay,128,G,,19900528,79,200112,,,Julie Halard Decugis,R,173,FRA,19.713,36,27,200612,,,Natalia Medvedeva,R,176,UKR,18.533,89,14,6-2 4-6 6-4,3,R64,,,,,,,,,,,,,,,,,,,
1990-903,Roland Garros,Clay,128,G,,19900528,80,200455,8,,Katerina Maleeva,R,168,BUL,21.057,7,96,200566,,,Donna Faber,,,USA,18.897,64,18,7-5 6-1,3,R64,,,,,,,,,,,,,,,,,,,
1990-903,Roland Garros,Clay,128,G,,19900528,81,200597,7,,Mary Joe Fernandez,R,175,USA,18.774,8,94,200096,,WC,Mary Pierce,R,178,FRA,15.365,180,4,6-4 6-4,3,R64,,,,,,,,,,,,,,,,,,,
1990-903,Roland Garros,Clay,128,G,,19900528,82,200650,,,Isabel Cueto,R,,GER,21.482,27,38,200366,,,Sylvia Hanika,L,173,GER,30.492,46,22,6-3 4-6 6-0,3,R64,,,,,,,,,,,,,,,,,,,
1990-903,Roland Garros,Clay,128,G,,19900528,83,200595,,,Ann Grossman,,,USA,19.623,51,21,200606,,,Nana Smith,R,163,JPN,19.132,59,19,6-2 6-3,3,R64,,,,,,,,,,,,,,,,,,,
1990-903,Roland Garros,Clay,128,G,,19900528,84,200620,,Q,Kirrily Sharpe,L,,AUS,17.252,200,3,200422,14,,Raffaella Reggi Concato,,170,ITA,24.499,17,48,6-4 6-2,3,R64,,,,,,,,,,,,,,,,,,,
1990-903,Roland Garros,Clay,128,G,,19900528,85,200482,12,,Judith Wiesner,R,,AUT,24.239,13,53,200498,,,Michelle Jaggard Lai,R,146,AUS,21.060,130,8,6-3 6-1,3,R64,,,,,,,,,,,,,,,,,,,
1990-903,Roland Garros,Clay,128,G,,19900528,86,200077,,,Jennifer Capriati,R,170,USA,14.163,24,43,200476,,,Cammy Macgregor,,168,USA,21.627,119,9,6-1 6-0,3,R64,,,,,,,,,,,,,,,,,,,
1990-903,Roland Garros,Clay,128,G,,19900528,87,200544,,Q,Celine Cohen,,,SUI,23.231,247,2,200705,,,Linda Ferrando,,170,ITA,24.373,56,20,2-6 7-5 6-4,3,R64,,,,,,,,,,,,,,,,,,,
1990-903,Roland Garros,Clay,128,G,,19900528,88,200640,,,Mercedes Paz,R,180,ARG,23.918,39,24,200017,3,,Arantxa Sanchez Vicario,R,168,ESP,18.443,4,134,7-5 3-6 6-1,3,R64,,,,,,,,,,,,,,,,,,,
1990-903,Roland Garros,Clay,128,G,,19900528,89,200401,6,,Manuela Maleeva Fragniere,R,173,SUI,23.283,9,90,200346,,,Anne Minter,R,165,AUS,27.152,63,18,6-1 6-0,3,R64,,,,,,,,,,,,,,,,,,,
1990-903,Roland Garros,Clay,128,G,,19900528,90,200641,,,Patricia Tarabini,R,165,ARG,21.807,92,13,200354,,,Claudia Kohde Kilsch,R,187,GER,26.462,61,19,3-6 6-1 6-4,3,R64,,,,,,,,,,,,,,,,,,,
1990-903,Roland Garros,Clay,128,G,,19900528,91,200610,,,Stacey Martin,,,USA,19.538,81,15,200561,,,Cathy Caverzasio,,,SUI,17.662,35,27,6-3 7-5,3,R64,,,,,,,,,,,,,,,,,,,
1990-903,Roland Garros,Clay,128,G,,19900528,92,200116,10,,Natalia Zvereva,R,174,BLR,19.116,12,61,200398,,,Iva Budarova,,,TCH,29.824,152,6,6-1 6-3,3,R64,,,,,,,,,,,,,,,,,,,
1990-903,Roland Garros,Clay,128,G,,19900528,93,200630,16,,Laura Arraya,R,173,PER,26.374,18,47,200444,,,Elise Burgin,L,,USA,28.231,80,15,6-3 6-4,3,R64,,,,,,,,,,,,,,,,,,,
1990-903,Roland Garros,Clay,128,G,,19900528,94,200086,,Q,Magdalena Maleeva,R,168,BUL,15.157,128,8,200605,,,Regina Rajchrtova,,,TCH,22.308,44,23,6-2 6-3,3,R64,,,,,,,,,,,,,,,,,,,
1990-903,Roland Garros,Clay,128,G,,19900528,95,200601,,,Leila Meskhi,R,164,GEO,22.393,25,41,200450,,,Larisa Savchenko,,169,URS,23.853,34,30,3-0 RET,3,R64,,,,,,,,,,,,,,,,,,,
1990-903,Roland Garros,Clay,128,G,,19900528,96,200652,2,,Monica Seles,L,178,USA,16.485,3,157,200472,,,Helen Kelesi,R,,CAN,20.532,19,47,4-6 6-4 6-4,3,R64,,,,,,,,,,,,,,,,,,,
1990-903,Roland Garros,Clay,128,G,,19900528,97,200506,,,Wiltrud Probst,R,170,GER,20.997,60,19,200407,,,Camille Benjamin,L,175,USA,23.987,121,9,6-2 6-2,3,R32,,,,,,,,,,,,,,,,,,,
1990-903,Roland Garros,Clay,128,G,,19900528,98,200572,4,,Gabriela Sabatini,R,175,ARG,20.033,5,116,200576,,,Nathalie Herreman,L,,FRA,24.168,90,14,6-0 6-1,3,R32,,,,,,,,,,,,,,,,,,,
1990-903,Roland Garros,Clay,128,G,,19900528,99,200539,11,,Jana Novotna,R,175,CZE,21.651,15,51,200574,,,Eva Sviglerova,,,CZE,18.875,118,9,7-5 6-2,3,R32,,,,,,,,,,,,,,,,,,,
1990-903,Roland Garros,Clay,128,G,,19900528,100,200469,,,Nicole Bradtke,R,176,AUS,20.679,53,21,200442,,,Andrea Temesvari,R,182,HUN,24.088,66,17,2-6 6-3 6-3,3,R32,,,,,,,,,,,,,,,,,,,
1990-903,Roland Garros,Clay,128,G,,19900528,101,200455,8,,Katerina Maleeva,R,168,BUL,21.057,7,96,200112,,,Julie Halard Decugis,R,173,FRA,19.713,36,27,6-2 6-1,3,R32,,,,,,,,,,,,,,,,,,,
1990-903,Roland Garros,Clay,128,G,,19900528,102,200597,7,,Mary Joe Fernandez,R,175,USA,18.774,8,94,200650,,,Isabel Cueto,R,,GER,21.482,27,38,7-6(3) 6-2,3,R32,,,,,,,,,,,,,,,,,,,
1990-903,Roland Garros,Clay,128,G,,19900528,103,200595,,,Ann Grossman,,,USA,19.623,51,21,200620,,Q,Kirrily Sharpe,L,,AUS,17.252,200,3,6-2 4-6 6-1,3,R32,,,,,,,,,,,,,,,,,,,
1990-903,Roland Garros,Clay,128,G,,19900528,104,200077,,,Jennifer Capriati,R,170,USA,14.163,24,43,200482,12,,Judith Wiesner,R,,AUT,24.239,13,53,6-4 6-4,3,R32,,,,,,,,,,,,,,,,,,,
1990-903,Roland Garros,Clay,128,G,,19900528,105,200640,,,Mercedes Paz,R,180,ARG,23.918,39,24,200544,,Q,Celine Cohen,,,SUI,23.231,247,2,6-1 7-5,3,R32,,,,,,,,,,,,,,,,,,,
1990-903,Roland Garros,Clay,128,G,,19900528,106,200401,6,,Manuela Maleeva Fragniere,R,173,SUI,23.283,9,90,200641,,,Patricia Tarabini,R,165,ARG,21.807,92,13,2-6 7-5 6-0,3,R32,,,,,,,,,,,,,,,,,,,
1990-903,Roland Garros,Clay,128,G,,19900528,107,200116,10,,Natalia Zvereva,R,174,BLR,19.116,12,61,200610,,,Stacey Martin,,,USA,19.538,81,15,6-4 6-1,3,R32,,,,,,,,,,,,,,,,,,,
1990-903,Roland Garros,Clay,128,G,,19900528,108,200630,16,,Laura Arraya,R,173,PER,26.374,18,47,200086,,Q,Magdalena Maleeva,R,168,BUL,15.157,128,8,6-1 6-3,3,R32,,,,,,,,,,,,,,,,,,,
1990-903,Roland Garros,Clay,128,G,,19900528,109,200652,2,,Monica Seles,L,178,USA,16.485,3,157,200601,,,Leila Meskhi,R,164,GEO,22.393,25,41,7-6(4) 7-6(4),3,R32,,,,,,,,,,,,,,,,,,,
1990-903,Roland Garros,Clay,128,G,,19900528,110,200414,1,,Steffi Graf,R,175,GER,20.953,1,315,200725,,,Sandra Cecchini,R,170,ITA,25.246,26,39,6-2 6-3,3,R32,,,,,,,,,,,,,,,,,,,
1990-903,Roland Garros,Clay,128,G,,19900528,111,200097,15,,Nathalie Tauziat,R,165,FRA,22.612,20,47,201051,,,Laura Lapi,,,ITA,19.713,84,15,6-1 2-6 6-1,3,R32,,,,,,,,,,,,,,,,,,,
1990-903,Roland Garros,Clay,128,G,,19900528,112,200049,9,,Conchita Martinez,R,170,ESP,18.114,10,78,200530,,,Radomira Zrubakova,R,169,SVK,19.420,42,23,6-1 6-3,3,R32,,,,,,,,,,,,,,,,,,,
1990-903,Roland Garros,Clay,128,G,,19900528,113,200414,1,,Steffi Graf,R,175,GER,20.953,1,315,200097,15,,Nathalie Tauziat,R,165,FRA,22.612,20,47,6-1 6-4,3,R16,,,,,,,,,,,,,,,,,,,
1990-903,Roland Garros,Clay,128,G,,19900528,114,200049,9,,Conchita Martinez,R,170,ESP,18.114,10,78,200506,,,Wiltrud Probst,R,170,GER,20.997,60,19,6-3 6-3,3,R16,,,,,,,,,,,,,,,,,,,
1990-903,Roland Garros,Clay,128,G,,19900528,115,200539,11,,Jana Novotna,R,175,CZE,21.651,15,51,200572,4,,Gabriela Sabatini,R,175,ARG,20.033,5,116,6-4 7-5,3,R16,,,,,,,,,,,,,,,,,,,
1990-903,Roland Garros,Clay,128,G,,19900528,116,200455,8,,Katerina Maleeva,R,168,BUL,21.057,7,96,200469,,,Nicole Bradtke,R,176,AUS,20.679,53,21,3-6 6-3 6-3,3,R16,,,,,,,,,,,,,,,,,,,
1990-903,Roland Garros,Clay,128,G,,19900528,117,200597,7,,Mary Joe Fernandez,R,175,USA,18.774,8,94,200595,,,Ann Grossman,,,USA,19.623,51,21,6-3 6-2,3,R16,,,,,,,,,,,,,,,,,,,
1990-903,Roland Garros,Clay,128,G,,19900528,118,200077,,,Jennifer Capriati,R,170,USA,14.163,24,43,200640,,,Mercedes Paz,R,180,ARG,23.918,39,24,6-0 6-3,3,R16,,,,,,,,,,,,,,,,,,,
1990-903,Roland Garros,Clay,128,G,,19900528,119,200401,6,,Manuela Maleeva Fragniere,R,173,SUI,23.283,9,90,200116,10,,Natalia Zvereva,R,174,BLR,19.116,12,61,6-4 6-2,3,R16,,,,,,,,,,,,,,,,,,,
1990-903,Roland Garros,Clay,128,G,,19900528,120,200652,2,,Monica Seles,L,178,USA,16.485,3,157,200630,16,,Laura Arraya,R,173,PER,26.374,18,47,6-4 6-0,3,R16,,,,,,,,,,,,,,,,,,,
1990-903,Roland Garros,Clay,128,G,,19900528,121,200414,1,,Steffi Graf,R,175,GER,20.953,1,315,200049,9,,Conchita Martinez,R,170,ESP,18.114,10,78,6-1 6-3,3,QF,,,,,,,,,,,,,,,,,,,
1990-903,Roland Garros,Clay,128,G,,19900528,122,200539,11,,Jana Novotna,R,175,CZE,21.651,15,51,200455,8,,Katerina Maleeva,R,168,BUL,21.057,7,96,4-6 6-2 6-4,3,QF,,,,,,,,,,,,,,,,,,,
1990-903,Roland Garros,Clay,128,G,,19900528,123,200077,,,Jennifer Capriati,R,170,USA,14.163,24,43,200597,7,,Mary Joe Fernandez,R,175,USA,18.774,8,94,6-2 6-4,3,QF,,,,,,,,,,,,,,,,,,,
1990-903,Roland Garros,Clay,128,G,,19900528,124,200652,2,,Monica Seles,L,178,USA,16.485,3,157,200401,6,,Manuela Maleeva Fragniere,R,173,SUI,23.283,9,90,3-6 6-1 7-5,3,QF,,,,,,,,,,,,,,,,,,,
1990-903,Roland Garros,Clay,128,G,,19900528,125,200414,1,,Steffi Graf,R,175,GER,20.953,1,315,200539,11,,Jana Novotna,R,175,CZE,21.651,15,51,6-1 6-2,3,SF,,,,,,,,,,,,,,,,,,,
1990-903,Roland Garros,Clay,128,G,,19900528,126,200652,2,,Monica Seles,L,178,USA,16.485,3,157,200077,,,Jennifer Capriati,R,170,USA,14.163,24,43,6-2 6-2,3,SF,,,,,,,,,,,,,,,,,,,
1990-903,Roland Garros,Clay,128,G,,19900528,127,200652,2,,Monica Seles,L,178,USA,16.485,3,157,200414,1,,Steffi Graf,R,175,GER,20.953,1,315,7-6(6) 6-4,3,F,,,,,,,,,,,,,,,,,,,
1990-1052,Birmingham,Grass,56,T4,,19900611,1,200415,,Q,Catherine Suire,R,167,FRA,30.738,180,4,200510,,Q,Julie Richardson,,173,NZL,23.201,169,5,1-6 7-5,3,R64,,,,,,,,,,,,,,,,,,,
1990-1052,Birmingham,Grass,56,T4,,19900611,2,200424,,,Etsuko Inoue,R,164,JPN,25.646,59,19,200403,,,Andrea Leand,R,173,USA,26.396,124,8,6-2 6-2,3,R64,,,,,,,,,,,,,,,,,,,
1990-1052,Birmingham,Grass,56,T4,,19900611,3,200441,,,Louise Field,,,AUS,23.291,108,11,200612,,,Natalia Medvedeva,R,176,UKR,18.571,92,13,6-4 7-5,3,R64,,,,,,,,,,,,,,,,,,,
1990-1052,Birmingham,Grass,56,T4,,19900611,4,200588,,,Renata Baranski,,,POL,25.293,129,7,200661,,,Samantha Smith,R,,GBR,18.538,166,5,6-1 6-0,3,R64,,,,,,,,,,,,,,,,,,,
1990-1052,Birmingham,Grass,56,T4,,19900611,5,200634,,,Elena Brioukhovets,,,UKR,19.009,157,6,200483,,,Kumiko Okamoto,,,JPN,25.306,170,5,7-5 7-6,3,R64,,,,,,,,,,,,,,,,,,,
1990-1052,Birmingham,Grass,56,T4,,19900611,6,200566,,,Donna Faber,,,USA,18.935,62,19,200553,,Q,Carin Bakkum,,,NED,27.880,220,2,7-6 6-3,3,R64,,,,,,,,,,,,,,,,,,,
1990-1052,Birmingham,Grass,56,T4,,19900611,7,200584,10,,Laura Golarsa,R,165,ITA,22.538,46,23,200413,,Q,Heather Ludloff,R,165,USA,29.000,234,2,6-3 6-3,3,R64,,,,,,,,,,,,,,,,,,,
1990-1052,Birmingham,Grass,56,T4,,19900611,8,200333,14,,Betsy Nagelsen,R,175,USA,33.632,63,19,200425,,,Sophie Amiach,R,165,FRA,26.585,143,7,6-0 6-0,3,R64,,,,,,,,,,,,,,,,,,,
1990-1052,Birmingham,Grass,56,T4,,19900611,9,200392,,,Jo Durie,R,163,GBR,29.873,126,8,200535,,,Jo Anne Faull,,,AUS,19.409,153,6,6-1 2-6 6-3,3,R64,,,,,,,,,,,,,,,,,,,
1990-1052,Birmingham,Grass,56,T4,,19900611,10,200504,,Q,Julie Salmon,,,GBR,24.926,325,1,200520,,,Sarah Loosemore,,,GBR,18.990,86,14,7-6 3-6 6-1,3,R64,,,,,,,,,,,,,,,,,,,
1990-1052,Birmingham,Grass,56,T4,,19900611,11,200346,,,Anne Minter,R,165,AUS,27.190,64,18,200552,,Q,Maria Lindstrom,,178,SWE,27.264,253,2,6-2 6-2,3,R64,,,,,,,,,,,,,,,,,,,
1990-1052,Birmingham,Grass,56,T4,,19900611,12,200557,,,Katrina Adams,R,165,USA,21.848,152,6,200498,,,Michelle Jaggard Lai,R,146,AUS,21.098,127,8,6-2 6-1,3,R64,,,,,,,,,,,,,,,,,,,
1990-1052,Birmingham,Grass,56,T4,,19900611,13,200467,,,Janine Tremelling,,,AUS,22.747,204,3,200421,,,Pascale Paradis Mangon,R,,FRA,24.132,141,7,6-2 2-6 6-4,3,R64,,,,,,,,,,,,,,,,,,,
1990-1052,Birmingham,Grass,56,T4,,19900611,14,200428,12,,Lori Mcneil,,170,USA,26.481,52,21,200481,,,Elna Reinach,,,RSA,21.523,70,16,7-6 6-4,3,R64,,,,,,,,,,,,,,,,,,,
1990-1052,Birmingham,Grass,56,T4,,19900611,15,200354,16,,Claudia Kohde Kilsch,R,187,GER,26.500,55,19,200602,,,Shaun Stafford,R,180,USA,21.493,87,13,6-4 6-2,3,R64,,,,,,,,,,,,,,,,,,,
1990-1052,Birmingham,Grass,56,T4,,19900611,16,200497,,,Patricia Hy Boulais,R,163,CAN,24.803,136,7,200567,,,Jennifer Santrock,L,,USA,21.287,145,7,6-3 6-2,3,R64,,,,,,,,,,,,,,,,,,,
1990-1052,Birmingham,Grass,56,T4,,19900611,17,200573,,,Cecilia Dahlman,R,178,SWE,21.881,73,16,200542,,,Clare Wood,R,,GBR,22.259,159,5,3-6 7-6 6-2,3,R64,,,,,,,,,,,,,,,,,,,
1990-1052,Birmingham,Grass,56,T4,,19900611,18,200622,,,Maya Kidowaki,,,JPN,21.068,91,13,200064,11,,Amanda Coetzer,R,158,RSA,18.637,57,19,6-4 4-6 8-6,3,R64,,,,,,,,,,,,,,,,,,,
1990-1052,Birmingham,Grass,56,T4,,19900611,19,200462,,,Belinda Cordwell,L,175,NZL,24.721,128,8,200606,15,,Nana Smith,R,163,JPN,19.171,60,19,6-7 6-4 6-1,3,R64,,,,,,,,,,,,,,,,,,,
1990-1052,Birmingham,Grass,56,T4,,19900611,20,200443,,,Sara Gomer,L,188,GBR,26.079,187,4,200629,,,Cristina Tessi,,,ARG,17.892,151,6,6-2 7-5,3,R64,,,,,,,,,,,,,,,,,,,
1990-1052,Birmingham,Grass,56,T4,,19900611,21,200464,,,Ann Henricksson,,,USA,30.613,84,14,200615,,,Kristin Godridge,,,HKG,17.339,139,7,6-4 7-6,3,R64,,,,,,,,,,,,,,,,,,,
1990-1052,Birmingham,Grass,56,T4,,19900611,22,200389,,Q,Kathy Jordan,R,173,USA,30.522,282,1,200543,,Q,Jill Hetherington,R,170,CAN,25.621,161,5,4-6 6-4 6-3,3,R64,,,,,,,,,,,,,,,,,,,
1990-1052,Birmingham,Grass,56,T4,,19900611,23,200468,,,Hu Na,,,USA,27.155,113,10,200407,,,Camille Benjamin,L,175,USA,24.025,114,10,6-1 6-2,3,R64,,,,,,,,,,,,,,,,,,,
1990-1052,Birmingham,Grass,56,T4,,19900611,24,200699,,,Meredith Mcgrath,,,USA,19.122,103,11,200013,13,,Angelica Gavaldon,R,,MEX,16.688,56,19,6-1 6-4,3,R64,,,,,,,,,,,,,,,,,,,
1990-1052,Birmingham,Grass,56,T4,,19900611,25,200404,1,,Zina Garrison,R,164,USA,26.569,5,113,200415,,Q,Catherine Suire,R,167,FRA,30.738,180,4,7-5 6-2,3,R32,,,,,,,,,,,,,,,,,,,
1990-1052,Birmingham,Grass,56,T4,,19900611,26,200622,,,Maya Kidowaki,,,JPN,21.068,91,13,200557,,,Katrina Adams,R,165,USA,21.848,152,6,6-4 7-5,3,R32,,,,,,,,,,,,,,,,,,,
1990-1052,Birmingham,Grass,56,T4,,19900611,27,200462,,,Belinda Cordwell,L,175,NZL,24.721,128,8,200443,,,Sara Gomer,L,188,GBR,26.079,187,4,3-6 6-3 6-4,3,R32,,,,,,,,,,,,,,,,,,,
1990-1052,Birmingham,Grass,56,T4,,19900611,28,200464,,,Ann Henricksson,,,USA,30.613,84,14,200503,6,,Gretchen Magers,R,170,USA,26.341,32,34,6-4 1-6 8-6,3,R32,,,,,,,,,,,,,,,,,,,
1990-1052,Birmingham,Grass,56,T4,,19900611,29,200097,4,,Nathalie Tauziat,R,165,FRA,22.651,18,49,200389,,Q,Kathy Jordan,R,173,USA,30.522,282,1,5-7 6-3 7-5,3,R32,,,,,,,,,,,,,,,,,,,
1990-1052,Birmingham,Grass,56,T4,,19900611,30,200468,,,Hu Na,,,USA,27.155,113,10,200699,,,Meredith Mcgrath,,,USA,19.122,103,11,6-4 6-2,3,R32,,,,,,,,,,,,,,,,,,,
1990-1052,Birmingham,Grass,56,T4,,19900611,31,200424,,,Etsuko Inoue,R,164,JPN,25.646,59,19,200441,,,Louise Field,,,AUS,23.291,108,11,1-6 7-5 6-4,3,R32,,,,,,,,,,,,,,,,,,,
1990-1052,Birmingham,Grass,56,T4,,19900611,32,200378,7,,Anne Smith,R,165,USA,30.947,31,35,200588,,,Renata Baranski,,,POL,25.293,129,7,6-4 6-1,3,R32,,,,,,,,,,,,,,,,,,,
1990-1052,Birmingham,Grass,56,T4,,19900611,33,200417,5,,Gigi Fernandez,,170,USA,26.300,22,46,200634,,,Elena Brioukhovets,,,UKR,19.009,157,6,6-3 6-2,3,R32,,,,,,,,,,,,,,,,,,,
1990-1052,Birmingham,Grass,56,T4,,19900611,34,200584,10,,Laura Golarsa,R,165,ITA,22.538,46,23,200566,,,Donna Faber,,,USA,18.935,62,19,6-2 6-1,3,R32,,,,,,,,,,,,,,,,,,,
1990-1052,Birmingham,Grass,56,T4,,19900611,35,200333,14,,Betsy Nagelsen,R,175,USA,33.632,63,19,200392,,,Jo Durie,R,163,GBR,29.873,126,8,7-5 6-2,3,R32,,,,,,,,,,,,,,,,,,,
1990-1052,Birmingham,Grass,56,T4,,19900611,36,200357,3,,Rosalyn Fairbank,R,173,USA,29.605,20,48,200504,,Q,Julie Salmon,,,GBR,24.926,325,1,6-1 6-3,3,R32,,,,,,,,,,,,,,,,,,,
1990-1052,Birmingham,Grass,56,T4,,19900611,37,200450,8,,Larisa Savchenko,,169,URS,23.891,34,29,200346,,,Anne Minter,R,165,AUS,27.190,64,18,6-4 6-3,3,R32,,,,,,,,,,,,,,,,,,,
1990-1052,Birmingham,Grass,56,T4,,19900611,38,200428,12,,Lori Mcneil,,170,USA,26.481,52,21,200467,,,Janine Tremelling,,,AUS,22.747,204,3,1-6 6-1 6-4,3,R32,,,,,,,,,,,,,,,,,,,
1990-1052,Birmingham,Grass,56,T4,,19900611,39,200354,16,,Claudia Kohde Kilsch,R,187,GER,26.500,55,19,200497,,,Patricia Hy Boulais,R,163,CAN,24.803,136,7,6-2 6-1,3,R32,,,,,,,,,,,,,,,,,,,
1990-1052,Birmingham,Grass,56,T4,,19900611,40,200377,2,,Helena Sukova,R,188,CZE,25.296,11,74,200573,,,Cecilia Dahlman,R,178,SWE,21.881,73,16,6-3 6-2,3,R32,,,,,,,,,,,,,,,,,,,
1990-1052,Birmingham,Grass,56,T4,,19900611,41,200404,1,,Zina Garrison,R,164,USA,26.569,5,113,200622,,,Maya Kidowaki,,,JPN,21.068,91,13,6-7 6-2 6-1,3,R16,,,,,,,,,,,,,,,,,,,
1990-1052,Birmingham,Grass,56,T4,,19900611,42,200462,,,Belinda Cordwell,L,175,NZL,24.721,128,8,200464,,,Ann Henricksson,,,USA,30.613,84,14,6-4 6-2,3,R16,,,,,,,,,,,,,,,,,,,
1990-1052,Birmingham,Grass,56,T4,,19900611,43,200097,4,,Nathalie Tauziat,R,165,FRA,22.651,18,49,200468,,,Hu Na,,,USA,27.155,113,10,7-5 6-2,3,R16,,,,,,,,,,,,,,,,,,,
1990-1052,Birmingham,Grass,56,T4,,19900611,44,200378,7,,Anne Smith,R,165,USA,30.947,31,35,200424,,,Etsuko Inoue,R,164,JPN,25.646,59,19,6-1 6-0,3,R16,,,,,,,,,,,,,,,,,,,
1990-1052,Birmingham,Grass,56,T4,,19900611,45,200417,5,,Gigi Fernandez,,170,USA,26.300,22,46,200584,10,,Laura Golarsa,R,165,ITA,22.538,46,23,6-3 6-3,3,R16,,,,,,,,,,,,,,,,,,,
1990-1052,Birmingham,Grass,56,T4,,19900611,46,200357,3,,Rosalyn Fairbank,R,173,USA,29.605,20,48,200333,14,,Betsy Nagelsen,R,175,USA,33.632,63,19,6-3 6-3,3,R16,,,,,,,,,,,,,,,,,,,
1990-1052,Birmingham,Grass,56,T4,,19900611,47,200450,8,,Larisa Savchenko,,169,URS,23.891,34,29,200428,12,,Lori Mcneil,,170,USA,26.481,52,21,6-7 6-4 6-3,3,R16,,,,,,,,,,,,,,,,,,,
1990-1052,Birmingham,Grass,56,T4,,19900611,48,200377,2,,Helena Sukova,R,188,CZE,25.296,11,74,200354,16,,Claudia Kohde Kilsch,R,187,GER,26.500,55,19,6-4 6-1,3,R16,,,,,,,,,,,,,,,,,,,
1990-1052,Birmingham,Grass,56,T4,,19900611,49,200404,1,,Zina Garrison,R,164,USA,26.569,5,113,200462,,,Belinda Cordwell,L,175,NZL,24.721,128,8,6-1 6-2,3,QF,,,,,,,,,,,,,,,,,,,
1990-1052,Birmingham,Grass,56,T4,,19900611,50,200097,4,,Nathalie Tauziat,R,165,FRA,22.651,18,49,200378,7,,Anne Smith,R,165,USA,30.947,31,35,6-1 6-2,3,QF,,,,,,,,,,,,,,,,,,,
1990-1052,Birmingham,Grass,56,T4,,19900611,51,200357,3,,Rosalyn Fairbank,R,173,USA,29.605,20,48,200417,5,,Gigi Fernandez,,170,USA,26.300,22,46,4-6 6-2 7-5,3,QF,,,,,,,,,,,,,,,,,,,
1990-1052,Birmingham,Grass,56,T4,,19900611,52,200377,2,,Helena Sukova,R,188,CZE,25.296,11,74,200450,8,,Larisa Savchenko,,169,URS,23.891,34,29,3-6 6-3 6-2,3,QF,,,,,,,,,,,,,,,,,,,
1990-1052,Birmingham,Grass,56,T4,,19900611,53,200404,1,,Zina Garrison,R,164,USA,26.569,5,113,200097,4,,Nathalie Tauziat,R,165,FRA,22.651,18,49,6-1 3-6 6-0,3,SF,,,,,,,,,,,,,,,,,,,
1990-1052,Birmingham,Grass,56,T4,,19900611,54,200377,2,,Helena Sukova,R,188,CZE,25.296,11,74,200357,3,,Rosalyn Fairbank,R,173,USA,29.605,20,48,2-6 6-4 7-5,3,SF,,,,,,,,,,,,,,,,,,,
1990-1052,Birmingham,Grass,56,T4,,19900611,55,200404,1,,Zina Garrison,R,164,USA,26.569,5,113,200377,2,,Helena Sukova,R,188,CZE,25.296,11,74,6-4 6-1,3,F,,,,,,,,,,,,,,,,,,,
1990-710,Eastbourne,Grass,64,T2,,19900618,1,200293,1,,Martina Navratilova,L,173,USA,33.665,2,230,200407,,Q,Camille Benjamin,L,175,USA,24.044,116,10,6-2 6-1,3,R64,,,,,,,,,,,,,,,,,,,
1990-710,Eastbourne,Grass,64,T2,,19900618,2,200481,,,Elna Reinach,,,RSA,21.542,102,12,200959,,Q,Mareen Louie Harper,R,,USA,29.840,94,12,7-5 4-6 6-0,3,R64,,,,,,,,,,,,,,,,,,,
1990-710,Eastbourne,Grass,64,T2,,19900618,3,200416,,,Robin White,R,164,USA,26.522,65,17,200554,,,Brenda Schultz Mccarthy,R,188,NED,19.472,64,17,7-5 6-2,3,R64,,,,,,,,,,,,,,,,,,,
1990-710,Eastbourne,Grass,64,T2,,19900618,4,200453,15,,Catarina Lindqvist Ryan,R,165,SWE,27.015,29,37,200622,,,Maya Kidowaki,,,JPN,21.087,82,13,6-3 6-2,3,R64,,,,,,,,,,,,,,,,,,,
1990-710,Eastbourne,Grass,64,T2,,19900618,5,200601,14,,Leila Meskhi,R,164,GEO,22.451,24,42,200566,,,Donna Faber,,,USA,18.955,56,19,6-2 6-2,3,R64,,,,,,,,,,,,,,,,,,,
1990-710,Eastbourne,Grass,64,T2,,19900618,6,200593,,,Karine Quentrec,,,FRA,20.658,85,13,200576,,Q,Nathalie Herreman,L,,FRA,24.225,77,15,6-3 6-1,3,R64,,,,,,,,,,,,,,,,,,,
1990-710,Eastbourne,Grass,64,T2,,19900618,7,200514,,,Monique Javer,R,,GBR,22.908,107,11,200504,,Q,Julie Salmon,,,GBR,24.945,244,2,6-2 5-7 6-2,3,R64,,,,,,,,,,,,,,,,,,,
1990-710,Eastbourne,Grass,64,T2,,19900618,8,200539,7,,Jana Novotna,R,175,CZE,21.709,14,58,200441,,Q,Louise Field,,,AUS,23.311,115,10,6-4 6-2,3,R64,,,,,,,,,,,,,,,,,,,
1990-710,Eastbourne,Grass,64,T2,,19900618,9,200077,9,,Jennifer Capriati,R,170,USA,14.221,13,60,200378,,,Anne Smith,R,165,USA,30.966,28,38,6-3 7-5,3,R64,,,,,,,,,,,,,,,,,,,
1990-710,Eastbourne,Grass,64,T2,,19900618,10,200503,,,Gretchen Magers,R,170,USA,26.361,32,33,200362,,,Liz Smylie,R,170,AUS,27.187,39,26,6-1 7-6,3,R64,,,,,,,,,,,,,,,,,,,
1990-710,Eastbourne,Grass,64,T2,,19900618,11,200392,,,Jo Durie,R,163,GBR,29.892,138,7,200542,,,Clare Wood,R,,GBR,22.278,158,5,6-3 6-4,3,R64,,,,,,,,,,,,,,,,,,,
1990-710,Eastbourne,Grass,64,T2,,19900618,12,200346,,,Anne Minter,R,165,AUS,27.209,62,18,200535,,,Jo Anne Faull,,,AUS,19.428,152,6,6-4 6-4,3,R64,,,,,,,,,,,,,,,,,,,
1990-710,Eastbourne,Grass,64,T2,,19900618,13,200443,,Q,Sara Gomer,L,188,GBR,26.098,189,3,200417,13,,Gigi Fernandez,,170,USA,26.320,23,46,2-6 7-6 9-7,3,R64,,,,,,,,,,,,,,,,,,,
1990-710,Eastbourne,Grass,64,T2,,19900618,14,200041,10,,Amy Frazier,R,175,USA,17.744,20,48,200112,,,Julie Halard Decugis,R,173,FRA,19.770,34,29,2-6 6-2 6-4,3,R64,,,,,,,,,,,,,,,,,,,
1990-710,Eastbourne,Grass,64,T2,,19900618,15,200612,,,Natalia Medvedeva,R,176,UKR,18.590,99,12,200606,,,Nana Smith,R,163,JPN,19.190,61,18,6-2 6-3,3,R64,,,,,,,,,,,,,,,,,,,
1990-710,Eastbourne,Grass,64,T2,,19900618,16,200548,,,Patty Fendick,R,165,USA,25.216,49,22,200621,,,Isabelle Demongeot,R,,FRA,23.749,58,19,7-5 6-3,3,R64,,,,,,,,,,,,,,,,,,,
1990-710,Eastbourne,Grass,64,T2,,19900618,17,200597,3,,Mary Joe Fernandez,R,175,USA,18.831,9,86,200395,,Q,Catherine Tanvier,R,174,FRA,25.057,96,12,6-4 6-1,3,R64,,,,,,,,,,,,,,,,,,,
1990-710,Eastbourne,Grass,64,T2,,19900618,18,200485,,,Manon Bollegraf,R,173,NED,26.188,36,28,200604,8,,Barbara Paulus,R,177,AUT,19.795,17,50,7-5 3-6 6-3,3,R64,,,,,,,,,,,,,,,,,,,
1990-710,Eastbourne,Grass,64,T2,,19900618,19,200105,,,Rachel Mcquillan,,170,AUS,18.544,46,23,200425,,Q,Sophie Amiach,R,165,FRA,26.604,160,5,6-4 6-3,3,R64,,,,,,,,,,,,,,,,,,,
1990-710,Eastbourne,Grass,64,T2,,19900618,20,200450,,,Larisa Savchenko,,169,URS,23.910,33,30,200464,,,Ann Henricksson,,,USA,30.632,101,12,6-2 6-3,3,R64,,,,,,,,,,,,,,,,,,,
1990-710,Eastbourne,Grass,64,T2,,19900618,21,200357,11,,Rosalyn Fairbank,R,173,USA,29.624,16,51,200424,,,Etsuko Inoue,R,164,JPN,25.665,55,19,6-1 6-1,3,R64,,,,,,,,,,,,,,,,,,,
1990-710,Eastbourne,Grass,64,T2,,19900618,22,200428,,,Lori Mcneil,,170,USA,26.500,48,22,200480,16,,Claudia Porwik,,,GER,21.591,30,36,4-6 6-2 7-6,3,R64,,,,,,,,,,,,,,,,,,,
1990-710,Eastbourne,Grass,64,T2,,19900618,23,200661,,,Samantha Smith,R,,GBR,18.558,169,5,200013,,,Angelica Gavaldon,R,,MEX,16.707,60,18,6-4 6-1,3,R64,,,,,,,,,,,,,,,,,,,
1990-710,Eastbourne,Grass,64,T2,,19900618,24,200573,,,Cecilia Dahlman,R,178,SWE,21.901,74,15,200496,,,Terry Phelps,,,USA,23.499,81,15,7-6 7-6,3,R64,,,,,,,,,,,,,,,,,,,
1990-710,Eastbourne,Grass,64,T2,,19900618,25,200584,,,Laura Golarsa,R,165,ITA,22.558,43,23,200602,,,Shaun Stafford,R,180,USA,21.512,84,13,6-4 5-7 6-0,3,R64,,,,,,,,,,,,,,,,,,,
1990-710,Eastbourne,Grass,64,T2,,19900618,26,200404,2,,Zina Garrison,R,164,USA,26.588,5,116,200444,,,Elise Burgin,L,,USA,28.288,80,15,6-1 4-0 RET,3,R64,,,,,,,,,,,,,,,,,,,
1990-710,Eastbourne,Grass,64,T2,,19900618,27,200422,12,,Raffaella Reggi Concato,,170,ITA,24.556,22,47,200348,,,Hana Mandlikova,R,173,AUS,28.326,31,35,7-5 6-2,3,R64,,,,,,,,,,,,,,,,,,,
1990-710,Eastbourne,Grass,64,T2,,19900618,28,200097,9,,Nathalie Tauziat,R,165,FRA,22.670,18,50,200520,,,Sarah Loosemore,,,GBR,19.009,89,13,6-1 7-5,3,R64,,,,,,,,,,,,,,,,,,,
1990-710,Eastbourne,Grass,64,T2,,19900618,29,200469,,,Nicole Bradtke,R,176,AUS,20.737,47,22,200354,,,Claudia Kohde Kilsch,R,187,GER,26.519,68,16,6-1 6-1,3,R64,,,,,,,,,,,,,,,,,,,
1990-710,Eastbourne,Grass,64,T2,,19900618,30,200333,,,Betsy Nagelsen,R,175,USA,33.652,67,17,200705,,,Linda Ferrando,,170,ITA,24.430,52,21,2-6 6-3 6-2,3,R64,,,,,,,,,,,,,,,,,,,
1990-710,Eastbourne,Grass,64,T2,,19900618,31,200116,5,,Natalia Zvereva,R,174,BLR,19.174,12,63,200644,,,Naoko Sawamatsu,R,167,JPN,17.238,45,23,6-4 6-1,3,R64,,,,,,,,,,,,,,,,,,,
1990-710,Eastbourne,Grass,64,T2,,19900618,32,200377,4,,Helena Sukova,R,188,CZE,25.315,10,77,200494,,,Dianne Van Rensburg,R,,RSA,22.289,38,27,6-4 6-2,3,R64,,,,,,,,,,,,,,,,,,,
1990-710,Eastbourne,Grass,64,T2,,19900618,33,200293,1,,Martina Navratilova,L,173,USA,33.665,2,230,200346,,,Anne Minter,R,165,AUS,27.209,62,18,6-2 6-3,3,R32,,,,,,,,,,,,,,,,,,,
1990-710,Eastbourne,Grass,64,T2,,19900618,34,200661,,,Samantha Smith,R,,GBR,18.558,169,5,200422,12,,Raffaella Reggi Concato,,170,ITA,24.556,22,47,2-6 7-6 6-4,3,R32,,,,,,,,,,,,,,,,,,,
1990-710,Eastbourne,Grass,64,T2,,19900618,35,200097,9,,Nathalie Tauziat,R,165,FRA,22.670,18,50,200469,,,Nicole Bradtke,R,176,AUS,20.737,47,22,4-6 6-3 6-0,3,R32,,,,,,,,,,,,,,,,,,,
1990-710,Eastbourne,Grass,64,T2,,19900618,36,200116,5,,Natalia Zvereva,R,174,BLR,19.174,12,63,200333,,,Betsy Nagelsen,R,175,USA,33.652,67,17,7-5 7-6,3,R32,,,,,,,,,,,,,,,,,,,
1990-710,Eastbourne,Grass,64,T2,,19900618,37,200377,4,,Helena Sukova,R,188,CZE,25.315,10,77,200481,,,Elna Reinach,,,RSA,21.542,102,12,6-4 6-3,3,R32,,,,,,,,,,,,,,,,,,,
1990-710,Eastbourne,Grass,64,T2,,19900618,38,200416,,,Robin White,R,164,USA,26.522,65,17,200453,15,,Catarina Lindqvist Ryan,R,165,SWE,27.015,29,37,6-2 7-5,3,R32,,,,,,,,,,,,,,,,,,,
1990-710,Eastbourne,Grass,64,T2,,19900618,39,200601,14,,Leila Meskhi,R,164,GEO,22.451,24,42,200593,,,Karine Quentrec,,,FRA,20.658,85,13,6-2 2-6 7-5,3,R32,,,,,,,,,,,,,,,,,,,
1990-710,Eastbourne,Grass,64,T2,,19900618,40,200539,7,,Jana Novotna,R,175,CZE,21.709,14,58,200514,,,Monique Javer,R,,GBR,22.908,107,11,6-2 6-2,3,R32,,,,,,,,,,,,,,,,,,,
1990-710,Eastbourne,Grass,64,T2,,19900618,41,200503,,,Gretchen Magers,R,170,USA,26.361,32,33,200077,9,,Jennifer Capriati,R,170,USA,14.221,13,60,2-6 6-4 6-2,3,R32,,,,,,,,,,,,,,,,,,,
1990-710,Eastbourne,Grass,64,T2,,19900618,42,200392,,,Jo Durie,R,163,GBR,29.892,138,7,200443,,Q,Sara Gomer,L,188,GBR,26.098,189,3,7-5 6-0,3,R32,,,,,,,,,,,,,,,,,,,
1990-710,Eastbourne,Grass,64,T2,,19900618,43,200612,,,Natalia Medvedeva,R,176,UKR,18.590,99,12,200041,10,,Amy Frazier,R,175,USA,17.744,20,48,7-5 7-6,3,R32,,,,,,,,,,,,,,,,,,,
1990-710,Eastbourne,Grass,64,T2,,19900618,44,200597,3,,Mary Joe Fernandez,R,175,USA,18.831,9,86,200548,,,Patty Fendick,R,165,USA,25.216,49,22,6-7 7-6 3-0 RET,3,R32,,,,,,,,,,,,,,,,,,,
1990-710,Eastbourne,Grass,64,T2,,19900618,45,200485,,,Manon Bollegraf,R,173,NED,26.188,36,28,200105,,,Rachel Mcquillan,,170,AUS,18.544,46,23,6-3 6-0,3,R32,,,,,,,,,,,,,,,,,,,
1990-710,Eastbourne,Grass,64,T2,,19900618,46,200357,11,,Rosalyn Fairbank,R,173,USA,29.624,16,51,200450,,,Larisa Savchenko,,169,URS,23.910,33,30,6-2 6-2,3,R32,,,,,,,,,,,,,,,,,,,
1990-710,Eastbourne,Grass,64,T2,,19900618,47,200428,,,Lori Mcneil,,170,USA,26.500,48,22,200573,,,Cecilia Dahlman,R,178,SWE,21.901,74,15,6-1 6-2,3,R32,,,,,,,,,,,,,,,,,,,
1990-710,Eastbourne,Grass,64,T2,,19900618,48,200584,,,Laura Golarsa,R,165,ITA,22.558,43,23,200404,2,,Zina Garrison,R,164,USA,26.588,5,116,6-2 7-5,3,R32,,,,,,,,,,,,,,,,,,,
1990-710,Eastbourne,Grass,64,T2,,19900618,49,200293,1,,Martina Navratilova,L,173,USA,33.665,2,230,200661,,,Samantha Smith,R,,GBR,18.558,169,5,6-3 6-2,3,R16,,,,,,,,,,,,,,,,,,,
1990-710,Eastbourne,Grass,64,T2,,19900618,50,200116,5,,Natalia Zvereva,R,174,BLR,19.174,12,63,200097,9,,Nathalie Tauziat,R,165,FRA,22.670,18,50,6-2 6-0,3,R16,,,,,,,,,,,,,,,,,,,
1990-710,Eastbourne,Grass,64,T2,,19900618,51,200377,4,,Helena Sukova,R,188,CZE,25.315,10,77,200416,,,Robin White,R,164,USA,26.522,65,17,6-3 6-3,3,R16,,,,,,,,,,,,,,,,,,,
1990-710,Eastbourne,Grass,64,T2,,19900618,52,200539,7,,Jana Novotna,R,175,CZE,21.709,14,58,200601,14,,Leila Meskhi,R,164,GEO,22.451,24,42,6-4 6-1,3,R16,,,,,,,,,,,,,,,,,,,
1990-710,Eastbourne,Grass,64,T2,,19900618,53,200503,,,Gretchen Magers,R,170,USA,26.361,32,33,200392,,,Jo Durie,R,163,GBR,29.892,138,7,6-4 3-6 6-3,3,R16,,,,,,,,,,,,,,,,,,,
1990-710,Eastbourne,Grass,64,T2,,19900618,54,200597,3,,Mary Joe Fernandez,R,175,USA,18.831,9,86,200612,,,Natalia Medvedeva,R,176,UKR,18.590,99,12,6-1 6-3,3,R16,,,,,,,,,,,,,,,,,,,
1990-710,Eastbourne,Grass,64,T2,,19900618,55,200485,,,Manon Bollegraf,R,173,NED,26.188,36,28,200357,11,,Rosalyn Fairbank,R,173,USA,29.624,16,51,7-5 6-4,3,R16,,,,,,,,,,,,,,,,,,,
1990-710,Eastbourne,Grass,64,T2,,19900618,56,200428,,,Lori Mcneil,,170,USA,26.500,48,22,200584,,,Laura Golarsa,R,165,ITA,22.558,43,23,6-3 6-3,3,R16,,,,,,,,,,,,,,,,,,,
1990-710,Eastbourne,Grass,64,T2,,19900618,57,200293,1,,Martina Navratilova,L,173,USA,33.665,2,230,200116,5,,Natalia Zvereva,R,174,BLR,19.174,12,63,7-6 6-1,3,QF,,,,,,,,,,,,,,,,,,,
1990-710,Eastbourne,Grass,64,T2,,19900618,58,200539,7,,Jana Novotna,R,175,CZE,21.709,14,58,200377,4,,Helena Sukova,R,188,CZE,25.315,10,77,7-5 6-4,3,QF,,,,,,,,,,,,,,,,,,,
1990-710,Eastbourne,Grass,64,T2,,19900618,59,200503,,,Gretchen Magers,R,170,USA,26.361,32,33,200597,3,,Mary Joe Fernandez,R,175,USA,18.831,9,86,6-2 2-2 RET,3,QF,,,,,,,,,,,,,,,,,,,
1990-710,Eastbourne,Grass,64,T2,,19900618,60,200428,,,Lori Mcneil,,170,USA,26.500,48,22,200485,,,Manon Bollegraf,R,173,NED,26.188,36,28,6-3 1-1 RET,3,QF,,,,,,,,,,,,,,,,,,,
1990-710,Eastbourne,Grass,64,T2,,19900618,61,200293,1,,Martina Navratilova,L,173,USA,33.665,2,230,200539,7,,Jana Novotna,R,175,CZE,21.709,14,58,7-6 3-6 6-3,3,SF,,,,,,,,,,,,,,,,,,,
1990-710,Eastbourne,Grass,64,T2,,19900618,62,200503,,,Gretchen Magers,R,170,USA,26.361,32,33,200428,,,Lori Mcneil,,170,USA,26.500,48,22,7-6 6-2,3,SF,,,,,,,,,,,,,,,,,,,
1990-710,Eastbourne,Grass,64,T2,,19900618,63,200293,1,,Martina Navratilova,L,173,USA,33.665,2,230,200503,,,Gretchen Magers,R,170,USA,26.361,32,33,6-0 6-2,3,F,,,,,,,,,,,,,,,,,,,
1990-904,Wimbledon,Grass,128,G,,19900625,1,200414,1,,Steffi Graf,R,175,GER,21.030,1,317,200480,,,Claudia Porwik,,,GER,21.610,33,33,6-1 6-2,3,R128,,,,,,,,,,,,,,,,,,,
1990-904,Wimbledon,Grass,128,G,,19900625,2,200599,,,Carrie Cunningham,,,USA,18.158,108,11,201180,,WC,Belinda Borneo,R,,GBR,23.623,344,1,4-6 6-2 11-9,3,R128,,,,,,,,,,,,,,,,,,,
1990-904,Wimbledon,Grass,128,G,,19900625,3,200535,,,Jo Anne Faull,,,AUS,19.447,156,6,200569,,,Petra Langrova,,,TCH,19.995,77,15,6-2 6-1,3,R128,,,,,,,,,,,,,,,,,,,
1990-904,Wimbledon,Grass,128,G,,19900625,4,200624,,,Tami Whitlinger Jones,,,USA,21.613,105,11,201185,,Q,Robyn Field,,,RSA,23.995,222,2,6-3 6-2,3,R128,,,,,,,,,,,,,,,,,,,
1990-904,Wimbledon,Grass,128,G,,19900625,5,200673,,,Susan Sloane Lundy,R,,USA,19.554,52,21,200705,,,Linda Ferrando,,170,ITA,24.450,54,20,1-6 7-6 6-3,3,R128,,,,,,,,,,,,,,,,,,,
1990-904,Wimbledon,Grass,128,G,,19900625,6,200548,,,Patty Fendick,R,165,USA,25.235,48,23,200468,,,Hu Na,,,USA,27.193,107,11,7-5 7-5,3,R128,,,,,,,,,,,,,,,,,,,
1990-904,Wimbledon,Grass,128,G,,19900625,7,200013,,,Angelica Gavaldon,R,,MEX,16.726,62,17,200625,,,Jana Pospisilova,,,CZE,20.258,86,13,6-3 7-5,3,R128,,,,,,,,,,,,,,,,,,,
1990-904,Wimbledon,Grass,128,G,,19900625,8,200443,,WC,Sara Gomer,L,188,GBR,26.117,180,4,200401,8,,Manuela Maleeva Fragniere,R,173,SUI,23.360,8,91,6-2 6-3,3,R128,,,,,,,,,,,,,,,,,,,
1990-904,Wimbledon,Grass,128,G,,19900625,9,200652,3,,Monica Seles,L,178,USA,16.562,3,172,200582,,,Maria Strandlund Tomsvik,,,SWE,20.855,85,13,6-2 6-0,3,R128,,,,,,,,,,,,,,,,,,,
1990-904,Wimbledon,Grass,128,G,,19900625,10,200407,,,Camille Benjamin,L,175,USA,24.063,114,9,200725,,,Sandra Cecchini,R,170,ITA,25.323,24,41,6-3 6-1,3,R128,,,,,,,,,,,,,,,,,,,
1990-904,Wimbledon,Grass,128,G,,19900625,11,200496,,,Terry Phelps,,,USA,23.519,82,14,200462,,,Belinda Cordwell,L,175,NZL,24.759,106,11,6-2 2-6 6-2,3,R128,,,,,,,,,,,,,,,,,,,
1990-904,Wimbledon,Grass,128,G,,19900625,12,200699,,,Meredith Mcgrath,,,USA,19.160,92,12,200634,,Q,Elena Brioukhovets,,,UKR,19.048,151,6,6-1 6-2,3,R128,,,,,,,,,,,,,,,,,,,
1990-904,Wimbledon,Grass,128,G,,19900625,13,200346,,,Anne Minter,R,165,AUS,27.228,58,18,200504,,WC,Julie Salmon,,,GBR,24.964,225,2,6-2 6-2,3,R128,,,,,,,,,,,,,,,,,,,
1990-904,Wimbledon,Grass,128,G,,19900625,14,200348,,,Hana Mandlikova,R,173,AUS,28.346,31,35,201051,,,Laura Lapi,,,ITA,19.790,70,15,6-3 3-6 11-9,3,R128,,,,,,,,,,,,,,,,,,,
1990-904,Wimbledon,Grass,128,G,,19900625,15,200464,,,Ann Henricksson,,,USA,30.651,98,12,200501,,,Marianne Werdel Witmeyer,,,USA,22.689,97,12,7-5 6-2,3,R128,,,,,,,,,,,,,,,,,,,
1990-904,Wimbledon,Grass,128,G,,19900625,16,200481,,,Elna Reinach,,,RSA,21.561,87,13,200424,,,Etsuko Inoue,R,164,JPN,25.684,80,14,6-0 6-4,3,R128,,,,,,,,,,,,,,,,,,,
1990-904,Wimbledon,Grass,128,G,,19900625,17,200520,,,Sarah Loosemore,,,GBR,19.028,99,12,200604,16,,Barbara Paulus,R,177,AUT,19.814,16,51,6-2 3-6 6-4,3,R128,,,,,,,,,,,,,,,,,,,
1990-904,Wimbledon,Grass,128,G,,19900625,18,200377,10,,Helena Sukova,R,188,CZE,25.334,10,79,200485,,,Manon Bollegraf,R,173,NED,26.207,32,34,7-5 6-2,3,R128,,,,,,,,,,,,,,,,,,,
1990-904,Wimbledon,Grass,128,G,,19900625,19,200522,,,Nicole Jagerman,R,179,NED,22.924,53,20,200530,,,Radomira Zrubakova,R,169,SVK,19.497,42,24,6-4 6-1,3,R128,,,,,,,,,,,,,,,,,,,
1990-904,Wimbledon,Grass,128,G,,19900625,20,200469,,,Nicole Bradtke,R,176,AUS,20.756,44,23,200570,,,Veronika Martinek,,160,GER,18.226,110,10,6-1 6-0,3,R128,,,,,,,,,,,,,,,,,,,
1990-904,Wimbledon,Grass,128,G,,19900625,21,200021,,,Alexia Dechaume Balleret,R,,FRA,20.146,124,9,200644,,,Naoko Sawamatsu,R,167,JPN,17.257,47,23,7-5 2-6 6-3,3,R128,,,,,,,,,,,,,,,,,,,
1990-904,Wimbledon,Grass,128,G,,19900625,22,201021,,,Laura Garrone,R,166,ITA,22.610,89,13,201046,,,Silvia La Fratta,R,,ITA,22.637,190,3,6-2 6-4,3,R128,,,,,,,,,,,,,,,,,,,
1990-904,Wimbledon,Grass,128,G,,19900625,23,200354,,,Claudia Kohde Kilsch,R,187,GER,26.539,69,15,200640,,,Mercedes Paz,R,180,ARG,23.995,35,29,4-6 6-1 6-1,3,R128,,,,,,,,,,,,,,,,,,,
1990-904,Wimbledon,Grass,128,G,,19900625,24,200403,,,Andrea Leand,R,173,USA,26.434,128,8,201047,,,Andrea Vieira,,,BRA,19.384,127,8,6-3 7-5,3,R128,,,,,,,,,,,,,,,,,,,
1990-904,Wimbledon,Grass,128,G,,19900625,25,200573,,,Cecilia Dahlman,R,178,SWE,21.920,73,15,200567,,LL,Jennifer Santrock,L,,USA,21.326,146,6,6-4 6-1,3,R128,,,,,,,,,,,,,,,,,,,
1990-904,Wimbledon,Grass,128,G,,19900625,26,200404,5,,Zina Garrison,R,164,USA,26.607,5,115,200661,,WC,Samantha Smith,R,,GBR,18.577,143,6,6-2 6-1,3,R128,,,,,,,,,,,,,,,,,,,
1990-904,Wimbledon,Grass,128,G,,19900625,27,200333,,,Betsy Nagelsen,R,175,USA,33.671,83,14,200017,6,,Arantxa Sanchez Vicario,R,168,ESP,18.519,6,106,1-6 7-6 9-7,3,R128,,,,,,,,,,,,,,,,,,,
1990-904,Wimbledon,Grass,128,G,,19900625,28,200494,,,Dianne Van Rensburg,R,,RSA,22.308,38,27,200402,,,Wendy White,R,,USA,29.736,112,10,6-2 7-6,3,R128,,,,,,,,,,,,,,,,,,,
1990-904,Wimbledon,Grass,128,G,,19900625,29,200554,,,Brenda Schultz Mccarthy,R,188,NED,19.491,65,16,200442,,,Andrea Temesvari,R,182,HUN,24.165,60,18,6-2 6-0,3,R128,,,,,,,,,,,,,,,,,,,
1990-904,Wimbledon,Grass,128,G,,19900625,30,200105,,,Rachel Mcquillan,,170,AUS,18.563,49,22,200422,,,Raffaella Reggi Concato,,170,ITA,24.575,26,40,7-6 7-6,3,R128,,,,,,,,,,,,,,,,,,,
1990-904,Wimbledon,Grass,128,G,,19900625,31,200503,,,Gretchen Magers,R,170,USA,26.380,25,40,200362,,,Liz Smylie,R,170,AUS,27.207,46,23,6-1 7-6,3,R128,,,,,,,,,,,,,,,,,,,
1990-904,Wimbledon,Grass,128,G,,19900625,32,200450,,,Larisa Savchenko,,169,URS,23.929,34,29,200557,,Q,Katrina Adams,R,165,USA,21.887,144,6,5-7 6-4 6-3,3,R128,,,,,,,,,,,,,,,,,,,
1990-904,Wimbledon,Grass,128,G,,19900625,33,200417,,,Gigi Fernandez,,170,USA,26.339,28,39,200026,,,Florencia Labat,L,170,ARG,19.037,79,14,6-2 6-2,3,R128,,,,,,,,,,,,,,,,,,,
1990-904,Wimbledon,Grass,128,G,,19900625,34,200566,,,Donna Faber,,,USA,18.974,55,19,200578,,Q,Rennae Stubbs,R,178,AUS,19.250,243,2,5-7 7-5 8-6,3,R128,,,,,,,,,,,,,,,,,,,
1990-904,Wimbledon,Grass,128,G,,19900625,35,200116,11,,Natalia Zvereva,R,174,BLR,19.193,12,67,200959,,,Mareen Louie Harper,R,,USA,29.860,101,12,6-3 6-3,3,R128,,,,,,,,,,,,,,,,,,,
1990-904,Wimbledon,Grass,128,G,,19900625,36,200357,15,,Rosalyn Fairbank,R,173,USA,29.643,21,46,200588,,LL,Renata Baranski,,,POL,25.331,132,8,6-2 3-6 6-2,3,R128,,,,,,,,,,,,,,,,,,,
1990-904,Wimbledon,Grass,128,G,,19900625,37,200041,,,Amy Frazier,R,175,USA,17.764,20,46,200621,,,Isabelle Demongeot,R,,FRA,23.768,61,17,6-1 6-4,3,R128,,,,,,,,,,,,,,,,,,,
1990-904,Wimbledon,Grass,128,G,,19900625,38,200097,,,Nathalie Tauziat,R,165,FRA,22.689,17,50,200441,,,Louise Field,,,AUS,23.330,117,9,6-1 6-1,3,R128,,,,,,,,,,,,,,,,,,,
1990-904,Wimbledon,Grass,128,G,,19900625,39,200384,,Q,Eva Pfaff,R,175,GER,29.370,150,6,200514,,,Monique Javer,R,,GBR,22.927,96,12,7-5 6-1,3,R128,,,,,,,,,,,,,,,,,,,
1990-904,Wimbledon,Grass,128,G,,19900625,40,200395,,,Catherine Tanvier,R,174,FRA,25.076,113,10,200574,,,Eva Sviglerova,,,CZE,18.952,109,10,6-2 6-4,3,R128,,,,,,,,,,,,,,,,,,,
1990-904,Wimbledon,Grass,128,G,,19900625,41,200413,,Q,Heather Ludloff,R,165,USA,29.038,242,2,200506,,,Wiltrud Probst,R,170,GER,21.074,41,25,2-6 6-4 7-5,3,R128,,,,,,,,,,,,,,,,,,,
1990-904,Wimbledon,Grass,128,G,,19900625,42,200081,,,Anke Huber,R,173,GER,15.557,118,9,200392,,WC,Jo Durie,R,163,GBR,29.912,121,9,7-5 4-6 6-2,3,R128,,,,,,,,,,,,,,,,,,,
1990-904,Wimbledon,Grass,128,G,,19900625,43,200572,4,,Gabriela Sabatini,R,175,ARG,20.110,4,117,200444,,,Elise Burgin,L,,USA,28.307,78,15,6-3 6-3,3,R128,,,,,,,,,,,,,,,,,,,
1990-904,Wimbledon,Grass,128,G,,19900625,44,200455,7,,Katerina Maleeva,R,168,BUL,21.134,7,99,201043,,,Barbara Romano,,,ITA,25.443,93,12,6-2 6-4,3,R128,,,,,,,,,,,,,,,,,,,
1990-904,Wimbledon,Grass,128,G,,19900625,45,200416,,,Robin White,R,164,USA,26.541,59,18,200606,,,Nana Smith,R,163,JPN,19.209,63,17,6-2 6-1,3,R128,,,,,,,,,,,,,,,,,,,
1990-904,Wimbledon,Grass,128,G,,19900625,46,200617,,,Kimiko Date Krumm,R,163,JPN,19.740,91,12,200602,,,Shaun Stafford,R,180,USA,21.531,104,11,7-6 6-3,3,R128,,,,,,,,,,,,,,,,,,,
1990-904,Wimbledon,Grass,128,G,,19900625,47,200095,,,Linda Wild,R,,USA,19.368,103,11,200587,,,Silke Meier,,,GER,21.950,120,9,6-2 6-1,3,R128,,,,,,,,,,,,,,,,,,,
1990-904,Wimbledon,Grass,128,G,,19900625,48,200484,,Q,Ann Devries,R,,BEL,20.323,232,2,201183,,WC,Anne Meredith,,,GBR,21.230,294,1,7-6 7-5,3,R128,,,,,,,,,,,,,,,,,,,
1990-904,Wimbledon,Grass,128,G,,19900625,49,200428,,,Lori Mcneil,,170,USA,26.519,40,26,201054,,,Katia Piccolini,R,168,ITA,17.440,94,12,6-1 3-6 6-1,3,R128,,,,,,,,,,,,,,,,,,,
1990-904,Wimbledon,Grass,128,G,,19900625,50,200064,,,Amanda Coetzer,R,158,RSA,18.675,57,19,200612,,,Natalia Medvedeva,R,176,UKR,18.610,84,13,4-6 6-2 6-1,3,R128,,,,,,,,,,,,,,,,,,,
1990-904,Wimbledon,Grass,128,G,,19900625,51,200595,,,Ann Grossman,,,USA,19.699,50,22,200390,,,Mary Lou Piatek,R,,USA,28.885,74,15,6-2 6-1,3,R128,,,,,,,,,,,,,,,,,,,
1990-904,Wimbledon,Grass,128,G,,19900625,52,200576,,,Nathalie Herreman,L,,FRA,24.244,72,15,200575,,LL,Anna Ivan,,,USA,24.436,200,3,7-5 6-3,3,R128,,,,,,,,,,,,,,,,,,,
1990-904,Wimbledon,Grass,128,G,,19900625,53,200482,14,,Judith Wiesner,R,,AUT,24.315,15,55,200547,,,Sandra Wasserman,R,173,BEL,20.293,76,15,6-3 6-0,3,R128,,,,,,,,,,,,,,,,,,,
1990-904,Wimbledon,Grass,128,G,,19900625,54,200593,,,Karine Quentrec,,,FRA,20.677,81,14,200601,,,Leila Meskhi,R,164,GEO,22.470,23,42,3-6 6-3 6-2,3,R128,,,,,,,,,,,,,,,,,,,
1990-904,Wimbledon,Grass,128,G,,19900625,55,200630,,,Laura Arraya,R,173,PER,26.451,18,50,200622,,,Maya Kidowaki,,,JPN,21.107,88,13,6-3 6-3,3,R128,,,,,,,,,,,,,,,,,,,
1990-904,Wimbledon,Grass,128,G,,19900625,56,200086,,,Magdalena Maleeva,R,168,BUL,15.234,111,10,200453,,,Catarina Lindqvist Ryan,R,165,SWE,27.034,29,37,6-7 6-4 6-2,3,R128,,,,,,,,,,,,,,,,,,,
1990-904,Wimbledon,Grass,128,G,,19900625,57,200605,,,Regina Rajchrtova,,,TCH,22.385,45,23,200608,,,Audra Keller,,,USA,18.604,119,9,7-5 6-7 6-4,3,R128,,,,,,,,,,,,,,,,,,,
1990-904,Wimbledon,Grass,128,G,,19900625,58,200616,,LL,Pascale Etchemendy,,,FRA,24.053,140,7,200476,,,Cammy Macgregor,,168,USA,21.703,115,9,6-3 3-6 6-3,3,R128,,,,,,,,,,,,,,,,,,,
1990-904,Wimbledon,Grass,128,G,,19900625,59,200579,,Q,Karin Kschwendt,R,175,AUT,21.777,141,7,200419,,,Kathy Rinaldi Stunkel,,,USA,23.256,67,16,6-3 2-6 6-2,3,R128,,,,,,,,,,,,,,,,,,,
1990-904,Wimbledon,Grass,128,G,,19900625,60,200378,,,Anne Smith,R,165,USA,30.985,30,35,200542,,WC,Clare Wood,R,,GBR,22.298,159,5,6-3 4-6 6-2,3,R128,,,,,,,,,,,,,,,,,,,
1990-904,Wimbledon,Grass,128,G,,19900625,61,200293,2,,Martina Navratilova,L,173,USA,33.684,2,230,200425,,,Sophie Amiach,R,165,FRA,26.623,164,5,6-1 6-1,3,R128,,,,,,,,,,,,,,,,,,,
1990-904,Wimbledon,Grass,128,G,,19900625,62,200112,,,Julie Halard Decugis,R,173,FRA,19.790,37,27,200389,,WC,Kathy Jordan,R,173,USA,30.561,215,3,7-5 6-2,3,R128,,,,,,,,,,,,,,,,,,,
1990-904,Wimbledon,Grass,128,G,,19900625,63,200077,12,,Jennifer Capriati,R,170,USA,14.240,13,62,200472,,,Helen Kelesi,R,,CAN,20.608,22,42,6-3 6-1,3,R128,,,,,,,,,,,,,,,,,,,
1990-904,Wimbledon,Grass,128,G,,19900625,64,200539,13,,Jana Novotna,R,175,CZE,21.728,14,62,200584,,,Laura Golarsa,R,165,ITA,22.577,39,27,3-6 7-6 6-2,3,R128,,,,,,,,,,,,,,,,,,,
1990-904,Wimbledon,Grass,128,G,,19900625,65,200414,1,,Steffi Graf,R,175,GER,21.030,1,317,200699,,,Meredith Mcgrath,,,USA,19.160,92,12,6-3 6-0,3,R64,,,,,,,,,,,,,,,,,,,
1990-904,Wimbledon,Grass,128,G,,19900625,66,200354,,,Claudia Kohde Kilsch,R,187,GER,26.539,69,15,200566,,,Donna Faber,,,USA,18.974,55,19,6-2 6-0,3,R64,,,,,,,,,,,,,,,,,,,
1990-904,Wimbledon,Grass,128,G,,19900625,67,200416,,,Robin White,R,164,USA,26.541,59,18,200086,,,Magdalena Maleeva,R,168,BUL,15.234,111,10,4-6 7-5 6-4,3,R64,,,,,,,,,,,,,,,,,,,
1990-904,Wimbledon,Grass,128,G,,19900625,68,200077,12,,Jennifer Capriati,R,170,USA,14.240,13,62,200112,,,Julie Halard Decugis,R,173,FRA,19.790,37,27,6-2 7-6,3,R64,,,,,,,,,,,,,,,,,,,
1990-904,Wimbledon,Grass,128,G,,19900625,69,200539,13,,Jana Novotna,R,175,CZE,21.728,14,62,200599,,,Carrie Cunningham,,,USA,18.158,108,11,6-2 6-1,3,R64,,,,,,,,,,,,,,,,,,,
1990-904,Wimbledon,Grass,128,G,,19900625,70,200535,,,Jo Anne Faull,,,AUS,19.447,156,6,200624,,,Tami Whitlinger Jones,,,USA,21.613,105,11,6-2 6-3,3,R64,,,,,,,,,,,,,,,,,,,
1990-904,Wimbledon,Grass,128,G,,19900625,71,200548,,,Patty Fendick,R,165,USA,25.235,48,23,200673,,,Susan Sloane Lundy,R,,USA,19.554,52,21,6-2 6-4,3,R64,,,,,,,,,,,,,,,,,,,
1990-904,Wimbledon,Grass,128,G,,19900625,72,200013,,,Angelica Gavaldon,R,,MEX,16.726,62,17,200443,,WC,Sara Gomer,L,188,GBR,26.117,180,4,7-5 0-6 7-5,3,R64,,,,,,,,,,,,,,,,,,,
1990-904,Wimbledon,Grass,128,G,,19900625,73,200652,3,,Monica Seles,L,178,USA,16.562,3,172,200407,,,Camille Benjamin,L,175,USA,24.063,114,9,6-3 7-5,3,R64,,,,,,,,,,,,,,,,,,,
1990-904,Wimbledon,Grass,128,G,,19900625,74,200346,,,Anne Minter,R,165,AUS,27.228,58,18,200496,,,Terry Phelps,,,USA,23.519,82,14,6-0 6-1,3,R64,,,,,,,,,,,,,,,,,,,
1990-904,Wimbledon,Grass,128,G,,19900625,75,200464,,,Ann Henricksson,,,USA,30.651,98,12,200348,,,Hana Mandlikova,R,173,AUS,28.346,31,35,6-3 6-3,3,R64,,,,,,,,,,,,,,,,,,,
1990-904,Wimbledon,Grass,128,G,,19900625,76,200481,,,Elna Reinach,,,RSA,21.561,87,13,200520,,,Sarah Loosemore,,,GBR,19.028,99,12,6-3 7-5,3,R64,,,,,,,,,,,,,,,,,,,
1990-904,Wimbledon,Grass,128,G,,19900625,77,200377,10,,Helena Sukova,R,188,CZE,25.334,10,79,200522,,,Nicole Jagerman,R,179,NED,22.924,53,20,6-4 4-6 7-5,3,R64,,,,,,,,,,,,,,,,,,,
1990-904,Wimbledon,Grass,128,G,,19900625,78,200021,,,Alexia Dechaume Balleret,R,,FRA,20.146,124,9,200469,,,Nicole Bradtke,R,176,AUS,20.756,44,23,3-6 6-3 6-2,3,R64,,,,,,,,,,,,,,,,,,,
1990-904,Wimbledon,Grass,128,G,,19900625,79,200403,,,Andrea Leand,R,173,USA,26.434,128,8,201021,,,Laura Garrone,R,166,ITA,22.610,89,13,5-7 6-4 7-5,3,R64,,,,,,,,,,,,,,,,,,,
1990-904,Wimbledon,Grass,128,G,,19900625,80,200404,5,,Zina Garrison,R,164,USA,26.607,5,115,200573,,,Cecilia Dahlman,R,178,SWE,21.920,73,15,6-2 6-1,3,R64,,,,,,,,,,,,,,,,,,,
1990-904,Wimbledon,Grass,128,G,,19900625,81,200333,,,Betsy Nagelsen,R,175,USA,33.671,83,14,200494,,,Dianne Van Rensburg,R,,RSA,22.308,38,27,2-6 6-4 6-2,3,R64,,,,,,,,,,,,,,,,,,,
1990-904,Wimbledon,Grass,128,G,,19900625,82,200554,,,Brenda Schultz Mccarthy,R,188,NED,19.491,65,16,200105,,,Rachel Mcquillan,,170,AUS,18.563,49,22,6-4 3-6 7-5,3,R64,,,,,,,,,,,,,,,,,,,
1990-904,Wimbledon,Grass,128,G,,19900625,83,200503,,,Gretchen Magers,R,170,USA,26.380,25,40,200450,,,Larisa Savchenko,,169,URS,23.929,34,29,6-3 6-4,3,R64,,,,,,,,,,,,,,,,,,,
1990-904,Wimbledon,Grass,128,G,,19900625,84,200116,11,,Natalia Zvereva,R,174,BLR,19.193,12,67,200417,,,Gigi Fernandez,,170,USA,26.339,28,39,7-6 6-4,3,R64,,,,,,,,,,,,,,,,,,,
1990-904,Wimbledon,Grass,128,G,,19900625,85,200041,,,Amy Frazier,R,175,USA,17.764,20,46,200357,15,,Rosalyn Fairbank,R,173,USA,29.643,21,46,6-4 6-3,3,R64,,,,,,,,,,,,,,,,,,,
1990-904,Wimbledon,Grass,128,G,,19900625,86,200097,,,Nathalie Tauziat,R,165,FRA,22.689,17,50,200384,,Q,Eva Pfaff,R,175,GER,29.370,150,6,6-2 6-1,3,R64,,,,,,,,,,,,,,,,,,,
1990-904,Wimbledon,Grass,128,G,,19900625,87,200395,,,Catherine Tanvier,R,174,FRA,25.076,113,10,200413,,Q,Heather Ludloff,R,165,USA,29.038,242,2,6-3 6-4,3,R64,,,,,,,,,,,,,,,,,,,
1990-904,Wimbledon,Grass,128,G,,19900625,88,200572,4,,Gabriela Sabatini,R,175,ARG,20.110,4,117,200081,,,Anke Huber,R,173,GER,15.557,118,9,6-2 7-6,3,R64,,,,,,,,,,,,,,,,,,,
1990-904,Wimbledon,Grass,128,G,,19900625,89,200455,7,,Katerina Maleeva,R,168,BUL,21.134,7,99,200617,,,Kimiko Date Krumm,R,163,JPN,19.740,91,12,6-1 6-4,3,R64,,,,,,,,,,,,,,,,,,,
1990-904,Wimbledon,Grass,128,G,,19900625,90,200484,,Q,Ann Devries,R,,BEL,20.323,232,2,200095,,,Linda Wild,R,,USA,19.368,103,11,7-5 6-2,3,R64,,,,,,,,,,,,,,,,,,,
1990-904,Wimbledon,Grass,128,G,,19900625,91,200428,,,Lori Mcneil,,170,USA,26.519,40,26,200064,,,Amanda Coetzer,R,158,RSA,18.675,57,19,6-3 6-2,3,R64,,,,,,,,,,,,,,,,,,,
1990-904,Wimbledon,Grass,128,G,,19900625,92,200576,,,Nathalie Herreman,L,,FRA,24.244,72,15,200595,,,Ann Grossman,,,USA,19.699,50,22,6-0 6-2,3,R64,,,,,,,,,,,,,,,,,,,
1990-904,Wimbledon,Grass,128,G,,19900625,93,200482,14,,Judith Wiesner,R,,AUT,24.315,15,55,200593,,,Karine Quentrec,,,FRA,20.677,81,14,6-3 6-3,3,R64,,,,,,,,,,,,,,,,,,,
1990-904,Wimbledon,Grass,128,G,,19900625,94,200630,,,Laura Arraya,R,173,PER,26.451,18,50,200605,,,Regina Rajchrtova,,,TCH,22.385,45,23,6-2 6-2,3,R64,,,,,,,,,,,,,,,,,,,
1990-904,Wimbledon,Grass,128,G,,19900625,95,200579,,Q,Karin Kschwendt,R,175,AUT,21.777,141,7,200616,,LL,Pascale Etchemendy,,,FRA,24.053,140,7,7-6 1-6 6-0,3,R64,,,,,,,,,,,,,,,,,,,
1990-904,Wimbledon,Grass,128,G,,19900625,96,200293,2,,Martina Navratilova,L,173,USA,33.684,2,230,200378,,,Anne Smith,R,165,USA,30.985,30,35,6-2 6-3,3,R64,,,,,,,,,,,,,,,,,,,
1990-904,Wimbledon,Grass,128,G,,19900625,97,200548,,,Patty Fendick,R,165,USA,25.235,48,23,200013,,,Angelica Gavaldon,R,,MEX,16.726,62,17,6-1 6-1,3,R32,,,,,,,,,,,,,,,,,,,
1990-904,Wimbledon,Grass,128,G,,19900625,98,200652,3,,Monica Seles,L,178,USA,16.562,3,172,200346,,,Anne Minter,R,165,AUS,27.228,58,18,6-3 6-3,3,R32,,,,,,,,,,,,,,,,,,,
1990-904,Wimbledon,Grass,128,G,,19900625,99,200464,,,Ann Henricksson,,,USA,30.651,98,12,200481,,,Elna Reinach,,,RSA,21.561,87,13,3-6 6-3 6-3,3,R32,,,,,,,,,,,,,,,,,,,
1990-904,Wimbledon,Grass,128,G,,19900625,100,200377,10,,Helena Sukova,R,188,CZE,25.334,10,79,200021,,,Alexia Dechaume Balleret,R,,FRA,20.146,124,9,6-4 6-3,3,R32,,,,,,,,,,,,,,,,,,,
1990-904,Wimbledon,Grass,128,G,,19900625,101,200404,5,,Zina Garrison,R,164,USA,26.607,5,115,200403,,,Andrea Leand,R,173,USA,26.434,128,8,6-0 6-3,3,R32,,,,,,,,,,,,,,,,,,,
1990-904,Wimbledon,Grass,128,G,,19900625,102,200554,,,Brenda Schultz Mccarthy,R,188,NED,19.491,65,16,200333,,,Betsy Nagelsen,R,175,USA,33.671,83,14,6-1 6-4,3,R32,,,,,,,,,,,,,,,,,,,
1990-904,Wimbledon,Grass,128,G,,19900625,103,200116,11,,Natalia Zvereva,R,174,BLR,19.193,12,67,200503,,,Gretchen Magers,R,170,USA,26.380,25,40,2-6 6-2 6-4,3,R32,,,,,,,,,,,,,,,,,,,
1990-904,Wimbledon,Grass,128,G,,19900625,104,200097,,,Nathalie Tauziat,R,165,FRA,22.689,17,50,200041,,,Amy Frazier,R,175,USA,17.764,20,46,3-6 6-2 7-5,3,R32,,,,,,,,,,,,,,,,,,,
1990-904,Wimbledon,Grass,128,G,,19900625,105,200572,4,,Gabriela Sabatini,R,175,ARG,20.110,4,117,200395,,,Catherine Tanvier,R,174,FRA,25.076,113,10,6-4 6-2,3,R32,,,,,,,,,,,,,,,,,,,
1990-904,Wimbledon,Grass,128,G,,19900625,106,200455,7,,Katerina Maleeva,R,168,BUL,21.134,7,99,200484,,Q,Ann Devries,R,,BEL,20.323,232,2,6-2 6-0,3,R32,,,,,,,,,,,,,,,,,,,
1990-904,Wimbledon,Grass,128,G,,19900625,107,200576,,,Nathalie Herreman,L,,FRA,24.244,72,15,200428,,,Lori Mcneil,,170,USA,26.519,40,26,6-4 6-3,3,R32,,,,,,,,,,,,,,,,,,,
1990-904,Wimbledon,Grass,128,G,,19900625,108,200482,14,,Judith Wiesner,R,,AUT,24.315,15,55,200630,,,Laura Arraya,R,173,PER,26.451,18,50,6-2 7-6,3,R32,,,,,,,,,,,,,,,,,,,
1990-904,Wimbledon,Grass,128,G,,19900625,109,200293,2,,Martina Navratilova,L,173,USA,33.684,2,230,200579,,Q,Karin Kschwendt,R,175,AUT,21.777,141,7,6-1 6-1,3,R32,,,,,,,,,,,,,,,,,,,
1990-904,Wimbledon,Grass,128,G,,19900625,110,200414,1,,Steffi Graf,R,175,GER,21.030,1,317,200354,,,Claudia Kohde Kilsch,R,187,GER,26.539,69,15,6-0 6-4,3,R32,,,,,,,,,,,,,,,,,,,
1990-904,Wimbledon,Grass,128,G,,19900625,111,200077,12,,Jennifer Capriati,R,170,USA,14.240,13,62,200416,,,Robin White,R,164,USA,26.541,59,18,7-5 6-7 6-3,3,R32,,,,,,,,,,,,,,,,,,,
1990-904,Wimbledon,Grass,128,G,,19900625,112,200539,13,,Jana Novotna,R,175,CZE,21.728,14,62,200535,,,Jo Anne Faull,,,AUS,19.447,156,6,6-2 6-1,3,R32,,,,,,,,,,,,,,,,,,,
1990-904,Wimbledon,Grass,128,G,,19900625,113,200414,1,,Steffi Graf,R,175,GER,21.030,1,317,200077,12,,Jennifer Capriati,R,170,USA,14.240,13,62,6-2 6-4,3,R16,,,,,,,,,,,,,,,,,,,
1990-904,Wimbledon,Grass,128,G,,19900625,114,200539,13,,Jana Novotna,R,175,CZE,21.728,14,62,200548,,,Patty Fendick,R,165,USA,25.235,48,23,6-2 6-4,3,R16,,,,,,,,,,,,,,,,,,,
1990-904,Wimbledon,Grass,128,G,,19900625,115,200652,3,,Monica Seles,L,178,USA,16.562,3,172,200464,,,Ann Henricksson,,,USA,30.651,98,12,6-1 6-0,3,R16,,,,,,,,,,,,,,,,,,,
1990-904,Wimbledon,Grass,128,G,,19900625,116,200404,5,,Zina Garrison,R,164,USA,26.607,5,115,200377,10,,Helena Sukova,R,188,CZE,25.334,10,79,6-3 6-3,3,R16,,,,,,,,,,,,,,,,,,,
1990-904,Wimbledon,Grass,128,G,,19900625,117,200116,11,,Natalia Zvereva,R,174,BLR,19.193,12,67,200554,,,Brenda Schultz Mccarthy,R,188,NED,19.491,65,16,6-2 6-2,3,R16,,,,,,,,,,,,,,,,,,,
1990-904,Wimbledon,Grass,128,G,,19900625,118,200572,4,,Gabriela Sabatini,R,175,ARG,20.110,4,117,200097,,,Nathalie Tauziat,R,165,FRA,22.689,17,50,6-2 7-6,3,R16,,,,,,,,,,,,,,,,,,,
1990-904,Wimbledon,Grass,128,G,,19900625,119,200455,7,,Katerina Maleeva,R,168,BUL,21.134,7,99,200576,,,Nathalie Herreman,L,,FRA,24.244,72,15,6-3 6-0,3,R16,,,,,,,,,,,,,,,,,,,
1990-904,Wimbledon,Grass,128,G,,19900625,120,200293,2,,Martina Navratilova,L,173,USA,33.684,2,230,200482,14,,Judith Wiesner,R,,AUT,24.315,15,55,6-3 6-3,3,R16,,,,,,,,,,,,,,,,,,,
1990-904,Wimbledon,Grass,128,G,,19900625,121,200414,1,,Steffi Graf,R,175,GER,21.030,1,317,200539,13,,Jana Novotna,R,175,CZE,21.728,14,62,7-5 6-2,3,QF,,,,,,,,,,,,,,,,,,,
1990-904,Wimbledon,Grass,128,G,,19900625,122,200404,5,,Zina Garrison,R,164,USA,26.607,5,115,200652,3,,Monica Seles,L,178,USA,16.562,3,172,3-6 6-3 9-7,3,QF,,,,,,,,,,,,,,,,,,,
1990-904,Wimbledon,Grass,128,G,,19900625,123,200572,4,,Gabriela Sabatini,R,175,ARG,20.110,4,117,200116,11,,Natalia Zvereva,R,174,BLR,19.193,12,67,6-2 2-6 8-6,3,QF,,,,,,,,,,,,,,,,,,,
1990-904,Wimbledon,Grass,128,G,,19900625,124,200293,2,,Martina Navratilova,L,173,USA,33.684,2,230,200455,7,,Katerina Maleeva,R,168,BUL,21.134,7,99,6-1 6-1,3,QF,,,,,,,,,,,,,,,,,,,
1990-904,Wimbledon,Grass,128,G,,19900625,125,200404,5,,Zina Garrison,R,164,USA,26.607,5,115,200414,1,,Steffi Graf,R,175,GER,21.030,1,317,6-3 3-6 6-4,3,SF,,,,,,,,,,,,,,,,,,,
1990-904,Wimbledon,Grass,128,G,,19900625,126,200293,2,,Martina Navratilova,L,173,USA,33.684,2,230,200572,4,,Gabriela Sabatini,R,175,ARG,20.110,4,117,6-3 6-4,3,SF,,,,,,,,,,,,,,,,,,,
1990-904,Wimbledon,Grass,128,G,,19900625,127,200293,2,,Martina Navratilova,L,173,USA,33.684,2,230,200404,5,,Zina Garrison,R,164,USA,26.607,5,115,6-4 6-1,3,F,,,,,,,,,,,,,,,,,,,
1990-466,Palermo,Clay,32,T5,,19900709,1,200604,1,,Barbara Paulus,R,177,AUT,19.853,20,47,200096,,,Mary Pierce,R,178,FRA,15.480,157,5,6-1 6-3,3,R32,,,,,,,,,,,,,,,,,,,
1990-466,Palermo,Clay,32,T5,,19900709,2,200607,,,Beate Reinstadler,,168,AUT,23.138,130,8,200579,,,Karin Kschwendt,R,175,AUT,21.816,125,8,3-6 6-4 7-6,3,R32,,,,,,,,,,,,,,,,,,,
1990-466,Palermo,Clay,32,T5,,19900709,3,200639,,,Claudine Toleafoa,,,NZL,20.359,138,7,201039,,Q,Caterina Nozzoli,,,ITA,23.029,295,1,7-6 6-1,3,R32,,,,,,,,,,,,,,,,,,,
1990-466,Palermo,Clay,32,T5,,19900709,4,200561,3,,Cathy Caverzasio,,,SUI,17.777,34,27,200625,,,Jana Pospisilova,,,CZE,20.296,86,13,7-5 6-0,3,R32,,,,,,,,,,,,,,,,,,,
1990-466,Palermo,Clay,32,T5,,19900709,5,201021,,,Laura Garrone,R,166,ITA,22.648,92,13,200026,8,,Florencia Labat,L,170,ARG,19.075,87,13,6-4 6-1,3,R32,,,,,,,,,,,,,,,,,,,
1990-466,Palermo,Clay,32,T5,,19900709,6,200532,,,Maider Laval,,,FRA,20.143,159,5,201046,,,Silvia La Fratta,R,,ITA,22.675,186,4,6-3 6-0,3,R32,,,,,,,,,,,,,,,,,,,
1990-466,Palermo,Clay,32,T5,,19900709,7,201048,,,Leona Laskova,,,CZE,20.255,136,7,200643,,Q,Petra Kamstra,,,NED,16.310,432,0,6-7 6-4 6-3,3,R32,,,,,,,,,,,,,,,,,,,
1990-466,Palermo,Clay,32,T5,,19900709,8,200650,2,,Isabel Cueto,R,,GER,21.597,23,40,200627,,,Petra Schwarz,R,168,AUT,18.125,135,7,6-1 7-6,3,R32,,,,,,,,,,,,,,,,,,,
1990-466,Palermo,Clay,32,T5,,19900709,9,200700,,,Silvia Farina Elia,R,172,ITA,18.199,239,2,201043,,,Barbara Romano,,,ITA,25.482,98,12,6-3 6-1,3,R32,,,,,,,,,,,,,,,,,,,
1990-466,Palermo,Clay,32,T5,,19900709,10,200626,,,Emanuela Zardo,L,,SUI,20.208,93,12,202065,,Q,Henrike Kadzidroga,,,GER,19.108,273,1,7-6 3-6 6-2,3,R32,,,,,,,,,,,,,,,,,,,
1990-466,Palermo,Clay,32,T5,,19900709,11,200544,,,Celine Cohen,,,SUI,23.346,168,5,200569,7,,Petra Langrova,,,TCH,20.033,75,15,7-6 6-4,3,R32,,,,,,,,,,,,,,,,,,,
1990-466,Palermo,Clay,32,T5,,19900709,12,201054,,,Katia Piccolini,R,168,ITA,17.479,94,12,201051,4,,Laura Lapi,,,ITA,19.828,76,14,6-4 6-1,3,R32,,,,,,,,,,,,,,,,,,,
1990-466,Palermo,Clay,32,T5,,19900709,13,200628,,,Sabrina Goles,,,YUG,25.098,152,6,200666,,,Marion Maruska,R,172,AUT,17.564,199,3,6-4 RET,3,R32,,,,,,,,,,,,,,,,,,,
1990-466,Palermo,Clay,32,T5,,19900709,14,200681,,,Natalia Baudone,,,ITA,17.991,335,1,200398,,,Iva Budarova,,,TCH,29.939,144,6,6-3 6-3,3,R32,,,,,,,,,,,,,,,,,,,
1990-466,Palermo,Clay,32,T5,,19900709,15,200646,,Q,Francesca Romano,,,ITA,19.417,122,9,201960,,Q,Rosa Bielsa Hierro,,,ESP,24.496,256,2,6-4 7-5,3,R32,,,,,,,,,,,,,,,,,,,
1990-466,Palermo,Clay,32,T5,,19900709,16,200586,,,Federica Bonsignori,,,ITA,22.634,127,8,201017,5,,Angelika Kanellopoulou,R,,GRE,24.556,71,15,6-4 6-2,3,R32,,,,,,,,,,,,,,,,,,,
1990-466,Palermo,Clay,32,T5,,19900709,17,200604,1,,Barbara Paulus,R,177,AUT,19.853,20,47,200700,,,Silvia Farina Elia,R,172,ITA,18.199,239,2,3-6 6-4 6-2,3,R16,,,,,,,,,,,,,,,,,,,
1990-466,Palermo,Clay,32,T5,,19900709,18,200626,,,Emanuela Zardo,L,,SUI,20.208,93,12,200544,,,Celine Cohen,,,SUI,23.346,168,5,6-3 6-3,3,R16,,,,,,,,,,,,,,,,,,,
1990-466,Palermo,Clay,32,T5,,19900709,19,201054,,,Katia Piccolini,R,168,ITA,17.479,94,12,200628,,,Sabrina Goles,,,YUG,25.098,152,6,6-2 6-1,3,R16,,,,,,,,,,,,,,,,,,,
1990-466,Palermo,Clay,32,T5,,19900709,20,200646,,Q,Francesca Romano,,,ITA,19.417,122,9,200681,,,Natalia Baudone,,,ITA,17.991,335,1,1-6 6-2 6-3,3,R16,,,,,,,,,,,,,,,,,,,
1990-466,Palermo,Clay,32,T5,,19900709,21,200607,,,Beate Reinstadler,,168,AUT,23.138,130,8,200586,,,Federica Bonsignori,,,ITA,22.634,127,8,6-1 2-6 6-3,3,R16,,,,,,,,,,,,,,,,,,,
1990-466,Palermo,Clay,32,T5,,19900709,22,200561,3,,Cathy Caverzasio,,,SUI,17.777,34,27,200639,,,Claudine Toleafoa,,,NZL,20.359,138,7,6-2 6-3,3,R16,,,,,,,,,,,,,,,,,,,
1990-466,Palermo,Clay,32,T5,,19900709,23,200532,,,Maider Laval,,,FRA,20.143,159,5,201021,,,Laura Garrone,R,166,ITA,22.648,92,13,6-3 6-4,3,R16,,,,,,,,,,,,,,,,,,,
1990-466,Palermo,Clay,32,T5,,19900709,24,200650,2,,Isabel Cueto,R,,GER,21.597,23,40,201048,,,Leona Laskova,,,CZE,20.255,136,7,6-4 6-7 6-1,3,R16,,,,,,,,,,,,,,,,,,,
1990-466,Palermo,Clay,32,T5,,19900709,25,200604,1,,Barbara Paulus,R,177,AUT,19.853,20,47,200626,,,Emanuela Zardo,L,,SUI,20.208,93,12,6-3 6-4,3,QF,,,,,,,,,,,,,,,,,,,
1990-466,Palermo,Clay,32,T5,,19900709,26,200646,,Q,Francesca Romano,,,ITA,19.417,122,9,201054,,,Katia Piccolini,R,168,ITA,17.479,94,12,0-6 6-4 6-4,3,QF,,,,,,,,,,,,,,,,,,,
1990-466,Palermo,Clay,32,T5,,19900709,27,200607,,,Beate Reinstadler,,168,AUT,23.138,130,8,200561,3,,Cathy Caverzasio,,,SUI,17.777,34,27,6-3 4-6 7-6,3,QF,,,,,,,,,,,,,,,,,,,
1990-466,Palermo,Clay,32,T5,,19900709,28,200650,2,,Isabel Cueto,R,,GER,21.597,23,40,200532,,,Maider Laval,,,FRA,20.143,159,5,6-4 6-1,3,QF,,,,,,,,,,,,,,,,,,,
1990-466,Palermo,Clay,32,T5,,19900709,29,200604,1,,Barbara Paulus,R,177,AUT,19.853,20,47,200646,,Q,Francesca Romano,,,ITA,19.417,122,9,6-2 2-6 6-1,3,SF,,,,,,,,,,,,,,,,,,,
1990-466,Palermo,Clay,32,T5,,19900709,30,200650,2,,Isabel Cueto,R,,GER,21.597,23,40,200607,,,Beate Reinstadler,,168,AUT,23.138,130,8,6-1 6-1,3,SF,,,,,,,,,,,,,,,,,,,
1990-466,Palermo,Clay,32,T5,,19900709,31,200650,2,,Isabel Cueto,R,,GER,21.597,23,40,200604,1,,Barbara Paulus,R,177,AUT,19.853,20,47,6-2 6-2,3,F,,,,,,,,,,,,,,,,,,,
1990-1048,Bastad,Clay,32,T5,,19900709,1,200725,1,,Sandra Cecchini,R,170,ITA,25.361,26,39,200623,,,Petra Thoren,,,FIN,20.918,183,4,6-0 6-4,3,R32,,,,,,,,,,,,,,,,,,,
1990-1048,Bastad,Clay,32,T5,,19900709,2,200686,,,Sandra Dopfer,,174,AUT,20.124,153,6,200668,,,Silke Frankl,,,GER,20.113,164,5,6-7 6-3 6-4,3,R32,,,,,,,,,,,,,,,,,,,
1990-1048,Bastad,Clay,32,T5,,19900709,3,200542,,,Clare Wood,R,,GBR,22.336,166,5,200677,,Q,Katja Oeljeklaus,R,,GER,19.409,339,1,6-3 6-3,3,R32,,,,,,,,,,,,,,,,,,,
1990-1048,Bastad,Clay,32,T5,,19900709,4,200530,4,,Radomira Zrubakova,R,169,SVK,19.535,39,24,201042,,,Andrea Tiezzi,,,ARG,25.616,158,5,6-4 6-2,3,R32,,,,,,,,,,,,,,,,,,,
1990-1048,Bastad,Clay,32,T5,,19900709,5,200651,6,,Sabine Hack,,170,GER,20.992,48,21,200629,,,Cristina Tessi,,,ARG,17.969,151,6,7-5 6-3,3,R32,,,,,,,,,,,,,,,,,,,
1990-1048,Bastad,Clay,32,T5,,19900709,6,200663,,Q,Nanne Dahlman,,163,FIN,19.836,188,4,201802,,,Ulrike Priller,,,AUT,17.503,182,4,6-1 6-3,3,R32,,,,,,,,,,,,,,,,,,,
1990-1048,Bastad,Clay,32,T5,,19900709,7,200486,,,Csilla Cserepy,,,SUI,24.280,172,4,200570,,,Veronika Martinek,,160,GER,18.265,123,8,6-1 6-2,3,R32,,,,,,,,,,,,,,,,,,,
1990-1048,Bastad,Clay,32,T5,,19900709,8,200453,2,,Catarina Lindqvist Ryan,R,165,SWE,27.072,37,25,200519,,Q,Sybille Niox Chateau,,,FRA,20.720,327,1,7-5 6-2,3,R32,,,,,,,,,,,,,,,,,,,
1990-1048,Bastad,Clay,32,T5,,19900709,9,201047,,,Andrea Vieira,,,BRA,19.423,128,8,200021,,,Alexia Dechaume Balleret,R,,FRA,20.184,106,11,6-3 6-3,3,R32,,,,,,,,,,,,,,,,,,,
1990-1048,Bastad,Clay,32,T5,,19900709,10,200587,,,Silke Meier,,,GER,21.988,119,9,200582,,,Maria Strandlund Tomsvik,,,SWE,20.893,96,12,7-6 6-0,3,R32,,,,,,,,,,,,,,,,,,,
1990-1048,Bastad,Clay,32,T5,,19900709,11,200037,5,,Sabine Appelmans,L,168,BEL,18.213,41,24,200631,,,Maria Ekstrand,,,SWE,20.428,213,3,6-1 6-4,3,R32,,,,,,,,,,,,,,,,,,,
1990-1048,Bastad,Clay,32,T5,,19900709,12,200640,3,,Mercedes Paz,R,180,ARG,24.033,33,29,200452,,,Tine Scheuer Larsen,,170,DEN,24.324,180,4,6-4 6-4,3,R32,,,,,,,,,,,,,,,,,,,
1990-1048,Bastad,Clay,32,T5,,19900709,13,201801,,Q,Ana Maria Segura Perez,,,ESP,21.421,319,1,200521,,,Hellas Ter Riet,,,NED,22.048,163,5,7-6 3-6 6-3,3,R32,,,,,,,,,,,,,,,,,,,
1990-1048,Bastad,Clay,32,T5,,19900709,14,200614,,,Elena Pampoulova,,,BUL,18.144,,,201044,,,Catherine Mothes Jobkel,,,FRA,20.088,113,9,6-3 6-2,3,R32,,,,,,,,,,,,,,,,,,,
1990-1048,Bastad,Clay,32,T5,,19900709,15,200522,7,,Nicole Jagerman,R,179,NED,22.963,50,21,200547,,,Sandra Wasserman,R,173,BEL,20.332,78,14,6-0 6-4,3,R32,,,,,,,,,,,,,,,,,,,
1990-1048,Bastad,Clay,32,T5,,19900709,16,200573,8,,Cecilia Dahlman,R,178,SWE,21.958,68,16,201800,,,Annika Narbe,,,SWE,18.749,356,1,7-5 6-3,3,R32,,,,,,,,,,,,,,,,,,,
1990-1048,Bastad,Clay,32,T5,,19900709,17,200725,1,,Sandra Cecchini,R,170,ITA,25.361,26,39,201047,,,Andrea Vieira,,,BRA,19.423,128,8,3-6 6-1 6-1,3,R16,,,,,,,,,,,,,,,,,,,
1990-1048,Bastad,Clay,32,T5,,19900709,18,200037,5,,Sabine Appelmans,L,168,BEL,18.213,41,24,200587,,,Silke Meier,,,GER,21.988,119,9,7-6 6-3,3,R16,,,,,,,,,,,,,,,,,,,
1990-1048,Bastad,Clay,32,T5,,19900709,19,200640,3,,Mercedes Paz,R,180,ARG,24.033,33,29,201801,,Q,Ana Maria Segura Perez,,,ESP,21.421,319,1,7-6 6-3,3,R16,,,,,,,,,,,,,,,,,,,
1990-1048,Bastad,Clay,32,T5,,19900709,20,200614,,,Elena Pampoulova,,,BUL,18.144,,,200522,7,,Nicole Jagerman,R,179,NED,22.963,50,21,6-1 6-2,3,R16,,,,,,,,,,,,,,,,,,,
1990-1048,Bastad,Clay,32,T5,,19900709,21,200686,,,Sandra Dopfer,,174,AUT,20.124,153,6,200573,8,,Cecilia Dahlman,R,178,SWE,21.958,68,16,6-1 6-1,3,R16,,,,,,,,,,,,,,,,,,,
1990-1048,Bastad,Clay,32,T5,,19900709,22,200530,4,,Radomira Zrubakova,R,169,SVK,19.535,39,24,200542,,,Clare Wood,R,,GBR,22.336,166,5,6-1 6-4,3,R16,,,,,,,,,,,,,,,,,,,
1990-1048,Bastad,Clay,32,T5,,19900709,23,200651,6,,Sabine Hack,,170,GER,20.992,48,21,200663,,Q,Nanne Dahlman,,163,FIN,19.836,188,4,6-3 6-4,3,R16,,,,,,,,,,,,,,,,,,,
1990-1048,Bastad,Clay,32,T5,,19900709,24,200486,,,Csilla Cserepy,,,SUI,24.280,172,4,200453,2,,Catarina Lindqvist Ryan,R,165,SWE,27.072,37,25,3-6 6-2 6-4,3,R16,,,,,,,,,,,,,,,,,,,
1990-1048,Bastad,Clay,32,T5,,19900709,25,200725,1,,Sandra Cecchini,R,170,ITA,25.361,26,39,200037,5,,Sabine Appelmans,L,168,BEL,18.213,41,24,6-3 3-6 7-5,3,QF,,,,,,,,,,,,,,,,,,,
1990-1048,Bastad,Clay,32,T5,,19900709,26,200614,,,Elena Pampoulova,,,BUL,18.144,,,200640,3,,Mercedes Paz,R,180,ARG,24.033,33,29,7-5 6-4,3,QF,,,,,,,,,,,,,,,,,,,
1990-1048,Bastad,Clay,32,T5,,19900709,27,200530,4,,Radomira Zrubakova,R,169,SVK,19.535,39,24,200686,,,Sandra Dopfer,,174,AUT,20.124,153,6,6-2 6-4,3,QF,,,,,,,,,,,,,,,,,,,
1990-1048,Bastad,Clay,32,T5,,19900709,28,200486,,,Csilla Cserepy,,,SUI,24.280,172,4,200651,6,,Sabine Hack,,170,GER,20.992,48,21,6-0 6-7 6-2,3,QF,,,,,,,,,,,,,,,,,,,
1990-1048,Bastad,Clay,32,T5,,19900709,29,200725,1,,Sandra Cecchini,R,170,ITA,25.361,26,39,200614,,,Elena Pampoulova,,,BUL,18.144,,,6-4 6-3,3,SF,,,,,,,,,,,,,,,,,,,
1990-1048,Bastad,Clay,32,T5,,19900709,30,200486,,,Csilla Cserepy,,,SUI,24.280,172,4,200530,4,,Radomira Zrubakova,R,169,SVK,19.535,39,24,6-2 6-4,3,SF,,,,,,,,,,,,,,,,,,,
1990-1048,Bastad,Clay,32,T5,,19900709,31,200725,1,,Sandra Cecchini,R,170,ITA,25.361,26,39,200486,,,Csilla Cserepy,,,SUI,24.280,172,4,6-1 6-2,3,F,,,,,,,,,,,,,,,,,,,
1990-358,Estoril,Clay,32,T5,,19900716,1,200650,1,,Isabel Cueto,R,,GER,21.616,22,44,201723,,Q,Angela Kerek,,,GER,18.473,340,1,6-4 7-6,3,R32,,,,,,,,,,,,,,,,,,,
1990-358,Estoril,Clay,32,T5,,19900716,2,201021,,,Laura Garrone,R,166,ITA,22.667,93,13,201964,,,Tania Couto,,,POR,18.029,598,0,6-2 6-3,3,R32,,,,,,,,,,,,,,,,,,,
1990-358,Estoril,Clay,32,T5,,19900716,3,200626,,,Emanuela Zardo,L,,SUI,20.228,85,14,200395,,,Catherine Tanvier,R,174,FRA,25.134,116,10,6-3 6-3,3,R32,,,,,,,,,,,,,,,,,,,
1990-358,Estoril,Clay,32,T5,,19900716,4,200522,4,,Nicole Jagerman,R,179,NED,22.982,58,19,200616,,,Pascale Etchemendy,,,FRA,24.110,134,8,6-2 6-3,3,R32,,,,,,,,,,,,,,,,,,,
1990-358,Estoril,Clay,32,T5,,19900716,5,200641,6,,Patricia Tarabini,R,165,ARG,21.942,69,16,200579,,,Karin Kschwendt,R,175,AUT,21.835,126,8,7-6 6-2,3,R32,,,,,,,,,,,,,,,,,,,
1990-358,Estoril,Clay,32,T5,,19900716,6,201047,,,Andrea Vieira,,,BRA,19.442,139,7,200587,,,Silke Meier,,,GER,22.007,115,10,7-5 6-1,3,R32,,,,,,,,,,,,,,,,,,,
1990-358,Estoril,Clay,32,T5,,19900716,7,201054,,,Katia Piccolini,R,168,ITA,17.498,76,14,201960,,Q,Rosa Bielsa Hierro,,,ESP,24.515,237,2,6-1 6-4,3,R32,,,,,,,,,,,,,,,,,,,
1990-358,Estoril,Clay,32,T5,,19900716,8,200725,2,,Sandra Cecchini,R,170,ITA,25.380,21,45,201048,,,Leona Laskova,,,CZE,20.274,130,8,6-0 6-0,3,R32,,,,,,,,,,,,,,,,,,,
1990-358,Estoril,Clay,32,T5,,19900716,9,200574,,,Eva Sviglerova,,,CZE,19.009,123,9,200398,,,Iva Budarova,,,TCH,29.958,142,6,6-2 6-1,3,R32,,,,,,,,,,,,,,,,,,,
1990-358,Estoril,Clay,32,T5,,19900716,10,200586,,,Federica Bonsignori,,,ITA,22.653,131,8,200118,,LL,Virginia Ruano Pascual,R,169,ESP,16.816,330,1,6-2 6-7 6-0,3,R32,,,,,,,,,,,,,,,,,,,
1990-358,Estoril,Clay,32,T5,,19900716,11,201017,5,,Angelika Kanellopoulou,R,,GRE,24.575,74,15,201963,,,Sofia Prazeres,,,POR,16.074,418,0,6-2 7-6,3,R32,,,,,,,,,,,,,,,,,,,
1990-358,Estoril,Clay,32,T5,,19900716,12,200651,3,,Sabine Hack,,170,GER,21.011,49,21,200570,,,Veronika Martinek,,160,GER,18.284,125,9,6-2 6-1,3,R32,,,,,,,,,,,,,,,,,,,
1990-358,Estoril,Clay,32,T5,,19900716,13,200627,,,Petra Schwarz,R,168,AUT,18.144,137,7,200686,,,Sandra Dopfer,,174,AUT,20.143,129,8,6-2 6-1,3,R32,,,,,,,,,,,,,,,,,,,
1990-358,Estoril,Clay,32,T5,,19900716,14,201044,,,Catherine Mothes Jobkel,,,FRA,20.107,120,9,201043,,,Barbara Romano,,,ITA,25.501,109,10,6-0 6-1,3,R32,,,,,,,,,,,,,,,,,,,
1990-358,Estoril,Clay,32,T5,,19900716,15,200026,8,,Florencia Labat,L,170,ARG,19.094,103,11,200700,,Q,Silvia Farina Elia,R,172,ITA,18.218,200,3,6-3 6-1,3,R32,,,,,,,,,,,,,,,,,,,
1990-358,Estoril,Clay,32,T5,,19900716,16,200565,,Q,Nathalie Guerree Spitzer,,,FRA,22.024,185,4,200569,7,,Petra Langrova,,,TCH,20.052,79,14,6-4 6-0,3,R32,,,,,,,,,,,,,,,,,,,
1990-358,Estoril,Clay,32,T5,,19900716,17,200650,1,,Isabel Cueto,R,,GER,21.616,22,44,200574,,,Eva Sviglerova,,,CZE,19.009,123,9,6-4 6-1,3,R16,,,,,,,,,,,,,,,,,,,
1990-358,Estoril,Clay,32,T5,,19900716,18,200586,,,Federica Bonsignori,,,ITA,22.653,131,8,201017,5,,Angelika Kanellopoulou,R,,GRE,24.575,74,15,6-3 6-1,3,R16,,,,,,,,,,,,,,,,,,,
1990-358,Estoril,Clay,32,T5,,19900716,19,200651,3,,Sabine Hack,,170,GER,21.011,49,21,200627,,,Petra Schwarz,R,168,AUT,18.144,137,7,6-2 6-2,3,R16,,,,,,,,,,,,,,,,,,,
1990-358,Estoril,Clay,32,T5,,19900716,20,201044,,,Catherine Mothes Jobkel,,,FRA,20.107,120,9,200026,8,,Florencia Labat,L,170,ARG,19.094,103,11,6-4 6-4,3,R16,,,,,,,,,,,,,,,,,,,
1990-358,Estoril,Clay,32,T5,,19900716,21,201021,,,Laura Garrone,R,166,ITA,22.667,93,13,200565,,Q,Nathalie Guerree Spitzer,,,FRA,22.024,185,4,6-3 6-4,3,R16,,,,,,,,,,,,,,,,,,,
1990-358,Estoril,Clay,32,T5,,19900716,22,200626,,,Emanuela Zardo,L,,SUI,20.228,85,14,200522,4,,Nicole Jagerman,R,179,NED,22.982,58,19,6-1 6-1,3,R16,,,,,,,,,,,,,,,,,,,
1990-358,Estoril,Clay,32,T5,,19900716,23,200641,6,,Patricia Tarabini,R,165,ARG,21.942,69,16,201047,,,Andrea Vieira,,,BRA,19.442,139,7,6-4 6-2,3,R16,,,,,,,,,,,,,,,,,,,
1990-358,Estoril,Clay,32,T5,,19900716,24,201054,,,Katia Piccolini,R,168,ITA,17.498,76,14,200725,2,,Sandra Cecchini,R,170,ITA,25.380,21,45,6-4 6-1,3,R16,,,,,,,,,,,,,,,,,,,
1990-358,Estoril,Clay,32,T5,,19900716,25,200586,,,Federica Bonsignori,,,ITA,22.653,131,8,200650,1,,Isabel Cueto,R,,GER,21.616,22,44,6-2 4-6 6-4,3,QF,,,,,,,,,,,,,,,,,,,
1990-358,Estoril,Clay,32,T5,,19900716,26,200651,3,,Sabine Hack,,170,GER,21.011,49,21,201044,,,Catherine Mothes Jobkel,,,FRA,20.107,120,9,6-3 6-3,3,QF,,,,,,,,,,,,,,,,,,,
1990-358,Estoril,Clay,32,T5,,19900716,27,201021,,,Laura Garrone,R,166,ITA,22.667,93,13,200626,,,Emanuela Zardo,L,,SUI,20.228,85,14,3-6 6-2 6-1,3,QF,,,,,,,,,,,,,,,,,,,
1990-358,Estoril,Clay,32,T5,,19900716,28,200641,6,,Patricia Tarabini,R,165,ARG,21.942,69,16,201054,,,Katia Piccolini,R,168,ITA,17.498,76,14,6-2 4-6 6-2,3,QF,,,,,,,,,,,,,,,,,,,
1990-358,Estoril,Clay,32,T5,,19900716,29,200586,,,Federica Bonsignori,,,ITA,22.653,131,8,200651,3,,Sabine Hack,,170,GER,21.011,49,21,2-6 7-6 6-4,3,SF,,,,,,,,,,,,,,,,,,,
1990-358,Estoril,Clay,32,T5,,19900716,30,201021,,,Laura Garrone,R,166,ITA,22.667,93,13,200641,6,,Patricia Tarabini,R,165,ARG,21.942,69,16,6-2 6-2,3,SF,,,,,,,,,,,,,,,,,,,
1990-358,Estoril,Clay,32,T5,,19900716,31,200586,,,Federica Bonsignori,,,ITA,22.653,131,8,201021,,,Laura Garrone,R,166,ITA,22.667,93,13,2-6 6-3 6-3,3,F,,,,,,,,,,,,,,,,,,,
1990-711,Newport,Grass,32,T3,,19900716,1,200017,1,,Arantxa Sanchez Vicario,R,168,ESP,18.577,7,99,200649,,Q,Ginger Helgeson,R,,USA,21.835,253,2,6-3 6-3,3,R32,,,,,,,,,,,,,,,,,,,
1990-711,Newport,Grass,32,T3,,19900716,2,200392,,,Jo Durie,R,163,GBR,29.969,127,8,200588,,,Renata Baranski,,,POL,25.389,136,7,6-0 6-1,3,R32,,,,,,,,,,,,,,,,,,,
1990-711,Newport,Grass,32,T3,,19900716,3,200608,,,Audra Keller,,,USA,18.662,117,10,200504,,LL,Julie Salmon,,,GBR,25.022,228,2,6-4 6-4,3,R32,,,,,,,,,,,,,,,,,,,
1990-711,Newport,Grass,32,T3,,19900716,4,200357,4,,Rosalyn Fairbank,R,173,USA,29.701,26,39,200529,,Q,Jill Smoller,,,USA,25.862,354,1,6-1 6-2,3,R32,,,,,,,,,,,,,,,,,,,
1990-711,Newport,Grass,32,T3,,19900716,5,200378,7,,Anne Smith,R,165,USA,31.042,30,34,200496,,,Terry Phelps,,,USA,23.576,83,14,6-2 6-3,3,R32,,,,,,,,,,,,,,,,,,,
1990-711,Newport,Grass,32,T3,,19900716,6,200468,,,Hu Na,,,USA,27.250,111,10,200639,,,Claudine Toleafoa,,,NZL,20.378,140,7,6-2 6-1,3,R32,,,,,,,,,,,,,,,,,,,
1990-711,Newport,Grass,32,T3,,19900716,7,201185,,Q,Robyn Field,,,RSA,24.053,214,3,201035,,,Kate Gompert,,,USA,27.510,163,5,6-4 6-1,3,R32,,,,,,,,,,,,,,,,,,,
1990-711,Newport,Grass,32,T3,,19900716,8,200362,,,Liz Smylie,R,170,AUS,27.264,48,21,200630,2,,Laura Arraya,R,173,PER,26.508,17,50,2-6 7-6 6-3,3,R32,,,,,,,,,,,,,,,,,,,
1990-711,Newport,Grass,32,T3,,19900716,9,200554,,,Brenda Schultz Mccarthy,R,188,NED,19.549,50,21,200444,,,Elise Burgin,L,,USA,28.365,77,14,6-7 7-6 7-5,3,R32,,,,,,,,,,,,,,,,,,,
1990-711,Newport,Grass,32,T3,,19900716,10,200402,,,Wendy White,R,,USA,29.794,113,10,200464,,,Ann Henricksson,,,USA,30.708,81,14,4-6 6-4 7-5,3,R32,,,,,,,,,,,,,,,,,,,
1990-711,Newport,Grass,32,T3,,19900716,11,200699,,,Meredith Mcgrath,,,USA,19.217,87,13,200494,8,,Dianne Van Rensburg,R,,RSA,22.366,36,26,6-4 6-4,3,R32,,,,,,,,,,,,,,,,,,,
1990-711,Newport,Grass,32,T3,,19900716,12,200503,5,,Gretchen Magers,R,170,USA,26.437,28,37,200584,,,Laura Golarsa,R,165,ITA,22.634,55,19,6-4 7-6,3,R32,,,,,,,,,,,,,,,,,,,
1990-711,Newport,Grass,32,T3,,19900716,13,200510,,LL,Julie Richardson,,173,NZL,23.297,172,4,200568,,,Andrea Farley,,,USA,18.793,257,2,6-3 1-6 6-4,3,R32,,,,,,,,,,,,,,,,,,,
1990-711,Newport,Grass,32,T3,,19900716,14,200057,,Q,Erika De Lone,R,,USA,17.753,231,2,200462,,,Belinda Cordwell,L,175,NZL,24.816,104,11,6-3 6-2,3,R32,,,,,,,,,,,,,,,,,,,
1990-711,Newport,Grass,32,T3,,19900716,15,200441,,,Louise Field,,,AUS,23.387,152,6,200548,,,Patty Fendick,R,165,USA,25.293,43,23,6-4 6-4,3,R32,,,,,,,,,,,,,,,,,,,
1990-711,Newport,Grass,32,T3,,19900716,16,200403,,,Andrea Leand,R,173,USA,26.492,110,10,200485,6,,Manon Bollegraf,R,173,NED,26.265,29,34,6-3 6-2,3,R32,,,,,,,,,,,,,,,,,,,
1990-711,Newport,Grass,32,T3,,19900716,17,200017,1,,Arantxa Sanchez Vicario,R,168,ESP,18.577,7,99,200554,,,Brenda Schultz Mccarthy,R,188,NED,19.549,50,21,4-6 6-2 6-2,3,R16,,,,,,,,,,,,,,,,,,,
1990-711,Newport,Grass,32,T3,,19900716,18,200699,,,Meredith Mcgrath,,,USA,19.217,87,13,200402,,,Wendy White,R,,USA,29.794,113,10,6-3 6-2,3,R16,,,,,,,,,,,,,,,,,,,
1990-711,Newport,Grass,32,T3,,19900716,19,200503,5,,Gretchen Magers,R,170,USA,26.437,28,37,200510,,LL,Julie Richardson,,173,NZL,23.297,172,4,6-1 6-1,3,R16,,,,,,,,,,,,,,,,,,,
1990-711,Newport,Grass,32,T3,,19900716,20,200441,,,Louise Field,,,AUS,23.387,152,6,200057,,Q,Erika De Lone,R,,USA,17.753,231,2,6-3 6-2,3,R16,,,,,,,,,,,,,,,,,,,
1990-711,Newport,Grass,32,T3,,19900716,21,200392,,,Jo Durie,R,163,GBR,29.969,127,8,200403,,,Andrea Leand,R,173,USA,26.492,110,10,7-6 6-0,3,R16,,,,,,,,,,,,,,,,,,,
1990-711,Newport,Grass,32,T3,,19900716,22,200357,4,,Rosalyn Fairbank,R,173,USA,29.701,26,39,200608,,,Audra Keller,,,USA,18.662,117,10,6-2 2-6 6-3,3,R16,,,,,,,,,,,,,,,,,,,
1990-711,Newport,Grass,32,T3,,19900716,23,200378,7,,Anne Smith,R,165,USA,31.042,30,34,200468,,,Hu Na,,,USA,27.250,111,10,6-0 6-3,3,R16,,,,,,,,,,,,,,,,,,,
1990-711,Newport,Grass,32,T3,,19900716,24,200362,,,Liz Smylie,R,170,AUS,27.264,48,21,201185,,Q,Robyn Field,,,RSA,24.053,214,3,7-5 6-3,3,R16,,,,,,,,,,,,,,,,,,,
1990-711,Newport,Grass,32,T3,,19900716,25,200017,1,,Arantxa Sanchez Vicario,R,168,ESP,18.577,7,99,200699,,,Meredith Mcgrath,,,USA,19.217,87,13,6-4 7-5,3,QF,,,,,,,,,,,,,,,,,,,
1990-711,Newport,Grass,32,T3,,19900716,26,200503,5,,Gretchen Magers,R,170,USA,26.437,28,37,200441,,,Louise Field,,,AUS,23.387,152,6,6-0 7-6,3,QF,,,,,,,,,,,,,,,,,,,
1990-711,Newport,Grass,32,T3,,19900716,27,200392,,,Jo Durie,R,163,GBR,29.969,127,8,200357,4,,Rosalyn Fairbank,R,173,USA,29.701,26,39,7-5 6-0,3,QF,,,,,,,,,,,,,,,,,,,
1990-711,Newport,Grass,32,T3,,19900716,28,200378,7,,Anne Smith,R,165,USA,31.042,30,34,200362,,,Liz Smylie,R,170,AUS,27.264,48,21,6-1 7-6,3,QF,,,,,,,,,,,,,,,,,,,
1990-711,Newport,Grass,32,T3,,19900716,29,200017,1,,Arantxa Sanchez Vicario,R,168,ESP,18.577,7,99,200503,5,,Gretchen Magers,R,170,USA,26.437,28,37,6-3 6-2,3,SF,,,,,,,,,,,,,,,,,,,
1990-711,Newport,Grass,32,T3,,19900716,30,200392,,,Jo Durie,R,163,GBR,29.969,127,8,200378,7,,Anne Smith,R,165,USA,31.042,30,34,6-4 6-1,3,SF,,,,,,,,,,,,,,,,,,,
1990-711,Newport,Grass,32,T3,,19900716,31,200017,1,,Arantxa Sanchez Vicario,R,168,ESP,18.577,7,99,200392,,,Jo Durie,R,163,GBR,29.969,127,8,7-6 4-6 7-5,3,F,,,,,,,,,,,,,,,,,,,
1990-D001,Fed Cup WG R2: AUT vs JPN,Hard,4,D,,19900721,1,200604,,,Barbara Paulus,R,177,AUT,19.885,20,47,200617,,,Kimiko Date Krumm,R,163,JPN,19.811,88,13,6-3 7-6(5),3,RR,,,,,,,,,,,,,,,,,,,
1990-D001,Fed Cup WG R2: AUT vs JPN,Hard,4,D,,19900721,2,200482,,,Judith Wiesner,R,,AUT,24.387,15,54,200644,,,Naoko Sawamatsu,R,167,JPN,17.328,42,23,6-2 7-6(2),3,RR,,,,,,,,,,,,,,,,,,,
1990-D002,Fed Cup WG ConR: YUG vs SUI,Hard,4,D,,19900721,1,200486,,,Csilla Cserepy,,,SUI,24.313,102,11,201821,,,Gorana Matic,,,CRO,16.740,369,1,6-2 6-4,3,RR,,,,,,,,,,,,,,,,,,,
1990-D002,Fed Cup WG ConR: YUG vs SUI,Hard,4,D,,19900721,2,200626,,,Emanuela Zardo,L,,SUI,20.241,85,14,200680,,,Nadin Ercegovic,R,177,CRO,17.462,310,1,6-0 6-0,3,RR,,,,,,,,,,,,,,,,,,,
1990-D003,Fed Cup WG ConR: INA vs CAN,Hard,4,D,,19900721,1,201843,,,Suzanna Anggarkusuma,,,INA,26.654,296,1,200543,,,Jill Hetherington,R,170,CAN,25.731,156,5,6-3 6-7(2) 6-2,3,RR,,,,,,,,,,,,,,,,,,,
1990-D003,Fed Cup WG ConR: INA vs CAN,Hard,4,D,,19900721,2,200560,,,Rene Simpson,L,165,CAN,24.515,133,8,200653,,,Yayuk Basuki,R,164,INA,19.639,217,3,7-5 6-1,3,RR,,,,,,,,,,,,,,,,,,,
1990-D004,Fed Cup WG R1: KOR vs TCH,Hard,4,D,,19900721,1,200605,,,Regina Rajchrtova,,,TCH,22.456,41,24,212694,,,Mal Sim Park,,,KOR,25.016,429,0,6-4 6-1,3,RR,,,,,,,,,,,,,,,,,,,
1990-D004,Fed Cup WG R1: KOR vs TCH,Hard,4,D,,19900721,2,200539,,,Jana Novotna,R,175,CZE,21.799,14,64,212695,,,Sook Ja Im,,,KOR,24.466,372,0,6-1 6-0,3,RR,,,,,,,,,,,,,,,,,,,
1990-D005,Fed Cup WG R2: FRA vs NZL,Hard,4,D,,19900721,1,200112,,,Julie Halard Decugis,R,173,FRA,19.861,33,28,200639,,,Claudine Toleafoa,,,NZL,20.392,140,7,6-2 7-5,3,RR,,,,,,,,,,,,,,,,,,,
1990-D005,Fed Cup WG R2: FRA vs NZL,Hard,4,D,,19900721,2,200097,,,Nathalie Tauziat,R,165,FRA,22.760,16,53,200462,,,Belinda Cordwell,L,175,NZL,24.830,104,11,6-1 6-2,3,RR,,,,,,,,,,,,,,,,,,,
1990-D006,Fed Cup WG PO: VEN vs TPE,Hard,4,D,,19900721,1,207823,,,Emily Leonardi,,,VEN,16.154,,,202199,,,Su Lin Lai,,,TPE,23.436,,,6-0 6-1,3,RR,,,,,,,,,,,,,,,,,,,
1990-D006,Fed Cup WG PO: VEN vs TPE,Hard,4,D,,19900721,2,200684,,,Shi Ting Wang,R,171,TPE,16.753,,,200024,,,Maria Vento Kabchi,R,168,VEN,16.159,408,0,7-5 6-3,3,RR,,,,,,,,,,,,,,,,,,,
1990-D007,Fed Cup WG PO: KOR vs LUX,Hard,4,D,,19900721,1,212694,,,Mal Sim Park,,,KOR,25.016,429,0,212697,,,Marie Christine Goy,,,LUX,17.320,,,6-1 6-0,3,RR,,,,,,,,,,,,,,,,,,,
1990-D007,Fed Cup WG PO: KOR vs LUX,Hard,4,D,,19900721,2,200579,,,Karin Kschwendt,R,175,AUT,21.848,126,8,202045,,,Il Soon Kim,,,KOR,21.487,235,2,6-2 6-2,3,RR,,,,,,,,,,,,,,,,,,,
1990-D008,Fed Cup WG PO: THA vs DOM,Hard,4,D,,19900721,1,202509,,,Joelle Schad,,,DOM,17.356,,,212698,,,Tossaporn Summa,,,THA,21.728,,,6-1 7-6(3),3,RR,,,,,,,,,,,,,,,,,,,
1990-D008,Fed Cup WG PO: THA vs DOM,Hard,4,D,,19900721,2,212089,,,Madeline Sanchez,,,DOM,22.196,564,0,202122,,,Orawan Thampensri,,,THA,20.156,507,0,6-3 6-3,3,RR,,,,,,,,,,,,,,,,,,,
1990-D009,Fed Cup WG ConR: POL vs DOM,Hard,4,D,,19900721,1,202509,,,Joelle Schad,,,DOM,17.356,,,200710,,,Magdalena Feistel,,,POL,19.913,537,0,6-3 7-6(4),3,RR,,,,,,,,,,,,,,,,,,,
1990-D009,Fed Cup WG ConR: POL vs DOM,Hard,4,D,,19900721,2,200687,,,Katarzyna Nowak,,173,POL,21.517,197,3,212089,,,Madeline Sanchez,,,DOM,22.196,564,0,6-2 7-5,3,RR,,,,,,,,,,,,,,,,,,,
1990-D010,Fed Cup WG ConQR: THA vs URU,Hard,4,D,,19900721,1,212447,,,Laura Olave,,,URU,15.406,,,212702,,,Roongnapha Surachet,,,THA,18.503,,,7-6(4) 6-2,3,RR,,,,,,,,,,,,,,,,,,,
1990-D010,Fed Cup WG ConQR: THA vs URU,Hard,4,D,,19900721,2,201961,,,Patricia Miller,,,URU,18.470,479,0,212703,,,Chanrisa Rareang,,,THA,22.352,,,6-3 6-3,3,RR,,,,,,,,,,,,,,,,,,,
1990-D011,Fed Cup WG ConR: BRA vs SUI,Hard,4,D,,19900721,1,200486,,,Csilla Cserepy,,,SUI,24.313,102,11,201047,,,Andrea Vieira,,,BRA,19.456,139,7,6-3 6-4,3,RR,,,,,,,,,,,,,,,,,,,
1990-D011,Fed Cup WG ConR: BRA vs SUI,Hard,4,D,,19900721,2,200626,,,Emanuela Zardo,L,,SUI,20.241,85,14,201804,,,Claudia Chabalgoity,,,BRA,19.357,132,8,6-1 6-0,3,RR,,,,,,,,,,,,,,,,,,,
1990-D012,Fed Cup WG R1: BRA vs URS,Hard,4,D,,19900721,1,200601,,,Leila Meskhi,R,164,GEO,22.541,25,39,201047,,,Andrea Vieira,,,BRA,19.456,139,7,6-7(4) 6-1 6-2,3,RR,,,,,,,,,,,,,,,,,,,
1990-D012,Fed Cup WG R1: BRA vs URS,Hard,4,D,,19900721,2,200116,,,Natalia Zvereva,R,174,BLR,19.264,12,72,201804,,,Claudia Chabalgoity,,,BRA,19.357,132,8,6-0 6-1,3,RR,,,,,,,,,,,,,,,,,,,
1990-D013,Fed Cup WG ConQR: PHI vs JAM,Hard,4,D,,19900721,1,207543,,,Jennifer Saret,,170,PHI,15.606,,,212541,,,Camille Walter,,,JAM,17.482,,,7-6(2) 6-0,3,RR,,,,,,,,,,,,,,,,,,,
1990-D013,Fed Cup WG ConQR: PHI vs JAM,Hard,4,D,,19900721,2,212704,,,Sarah Castillejo,,,PHI,18.612,,,203886,,,Joni Van Ryck De Groot,,,JAM,34.760,,,7-5 1-6 6-2,3,RR,,,,,,,,,,,,,,,,,,,
1990-D014,Fed Cup WG R1: CAN vs ESP,Hard,4,D,,19900721,1,200049,,,Conchita Martinez,R,170,ESP,18.262,10,83,200543,,,Jill Hetherington,R,170,CAN,25.731,156,5,6-1 6-4,3,RR,,,,,,,,,,,,,,,,,,,
1990-D014,Fed Cup WG R1: CAN vs ESP,Hard,4,D,,19900721,2,200017,,,Arantxa Sanchez Vicario,R,168,ESP,18.590,7,99,200472,,,Helen Kelesi,R,,CAN,20.679,23,42,6-3 6-2,3,RR,,,,,,,,,,,,,,,,,,,
1990-D015,Fed Cup WG ConR: TPE vs FIN,Hard,4,D,,19900721,1,200623,,,Petra Thoren,,,FIN,20.950,189,3,202199,,,Su Lin Lai,,,TPE,23.436,,,6-0 6-0,3,RR,,,,,,,,,,,,,,,,,,,
1990-D015,Fed Cup WG ConR: TPE vs FIN,Hard,4,D,,19900721,2,200684,,,Shi Ting Wang,R,171,TPE,16.753,,,200663,,,Nanne Dahlman,,163,FIN,19.869,169,5,6-2 7-5,3,RR,,,,,,,,,,,,,,,,,,,
1990-D016,Fed Cup WG QF: NED vs URS,Hard,4,D,,19900721,1,200554,,,Brenda Schultz Mccarthy,R,188,NED,19.562,50,21,200601,,,Leila Meskhi,R,164,GEO,22.541,25,39,6-7(1) 6-4 6-3,3,RR,,,,,,,,,,,,,,,,,,,
1990-D016,Fed Cup WG QF: NED vs URS,Hard,4,D,,19900721,2,200116,,,Natalia Zvereva,R,174,BLR,19.264,12,72,200485,,,Manon Bollegraf,R,173,NED,26.278,29,34,6-1 6-3,3,RR,,,,,,,,,,,,,,,,,,,
1990-D017,Fed Cup WG ConR: CHN vs HUN,Hard,4,D,,19900721,1,200658,,,Fang Li,R,166,CHN,17.550,332,1,202087,,,Reeka Szikszay,,,HUN,24.964,212,3,1-6 6-4 6-2,3,RR,,,,,,,,,,,,,,,,,,,
1990-D017,Fed Cup WG ConR: CHN vs HUN,Hard,4,D,,19900721,2,200442,,,Andrea Temesvari,R,182,HUN,24.236,61,18,200730,,,Min Tang,,,HKG,19.483,297,1,6-4 6-2,3,RR,,,,,,,,,,,,,,,,,,,
1990-D018,Fed Cup WG R2: GBR vs ITA,Hard,4,D,,19900721,1,200584,,,Laura Golarsa,R,165,ITA,22.648,55,19,200514,,,Monique Javer,R,,GBR,22.998,98,12,6-2 6-2,3,RR,,,,,,,,,,,,,,,,,,,
1990-D018,Fed Cup WG R2: GBR vs ITA,Hard,4,D,,19900721,2,200520,,,Sarah Loosemore,,,GBR,19.100,91,13,200422,,,Raffaella Reggi Concato,,170,ITA,24.647,27,38,2-6 7-5 7-5,3,RR,,,,,,,,,,,,,,,,,,,
1990-D019,Fed Cup WG PQ: MLT vs SRI,Hard,4,D,,19900721,1,212706,,,Katherine Camilleri,,,MLT,25.610,,,212462,,,Vajira Premaratne,,,SRI,17.523,,,6-3 5-7 6-3,3,RR,,,,,,,,,,,,,,,,,,,
1990-D019,Fed Cup WG PQ: MLT vs SRI,Hard,4,D,,19900721,2,212125,,,Carol Cassar Torreggiani,,,MLT,21.988,,,201747,,,Lihini Weerasuriya,,,SRI,18.415,536,0,6-1 6-4,3,RR,,,,,,,,,,,,,,,,,,,
1990-D020,Fed Cup WG ConQR: NOR vs MLT,Hard,4,D,,19900721,1,202115,,,Cathrine Instebo,,,NOR,16.644,,,212707,,,Elexia Stivala,,,MLT,16.923,,,6-0 6-1,3,RR,,,,,,,,,,,,,,,,,,,
1990-D020,Fed Cup WG ConQR: NOR vs MLT,Hard,4,D,,19900721,2,200511,,,Amy Jonsson,,,NOR,23.119,293,1,212125,,,Carol Cassar Torreggiani,,,MLT,21.988,,,6-0 6-2,3,RR,,,,,,,,,,,,,,,,,,,
1990-D021,Fed Cup WG ConR: MEX vs VEN,Hard,4,D,,19900721,1,202518,,,Claudia Hernandez Salas,,,MEX,24.502,427,0,207823,,,Emily Leonardi,,,VEN,16.154,,,6-4 6-4,3,RR,,,,,,,,,,,,,,,,,,,
1990-D021,Fed Cup WG ConR: MEX vs VEN,Hard,4,D,,19900721,2,200013,,,Angelica Gavaldon,R,,MEX,16.797,62,17,207812,,,Eleonora Vegliante,,,VEN,17.000,,,6-1 6-1,3,RR,,,,,,,,,,,,,,,,,,,
1990-D022,Fed Cup WG QF: FRA vs ESP,Hard,4,D,,19900721,1,200049,,,Conchita Martinez,R,170,ESP,18.262,10,83,200112,,,Julie Halard Decugis,R,173,FRA,19.861,33,28,6-0 6-3,3,RR,,,,,,,,,,,,,,,,,,,
1990-D022,Fed Cup WG QF: FRA vs ESP,Hard,4,D,,19900721,2,200017,,,Arantxa Sanchez Vicario,R,168,ESP,18.590,7,99,200097,,,Nathalie Tauziat,R,165,FRA,22.760,16,53,7-6(9) 6-1,3,RR,,,,,,,,,,,,,,,,,,,
1990-D023,Fed Cup WG PO: CHN vs MEX,Hard,4,D,,19900721,1,200658,,,Fang Li,R,166,CHN,17.550,332,1,201772,,,Aranzazu Gallardo,,,MEX,16.805,367,1,6-4 6-1,3,RR,,,,,,,,,,,,,,,,,,,
1990-D023,Fed Cup WG PO: CHN vs MEX,Hard,4,D,,19900721,2,200013,,,Angelica Gavaldon,R,,MEX,16.797,62,17,200730,,,Min Tang,,,HKG,19.483,297,1,6-1 6-4,3,RR,,,,,,,,,,,,,,,,,,,
1990-D024,Fed Cup WG R1: SWE vs BEL,Hard,4,D,,19900721,1,200547,,,Sandra Wasserman,R,173,BEL,20.365,80,14,200582,,,Maria Strandlund Tomsvik,,,SWE,20.926,105,11,6-4 6-4,3,RR,,,,,,,,,,,,,,,,,,,
1990-D024,Fed Cup WG R1: SWE vs BEL,Hard,4,D,,19900721,2,200453,,,Catarina Lindqvist Ryan,R,165,SWE,27.105,40,25,200037,,,Sabine Appelmans,L,168,BEL,18.245,37,26,7-5 7-5,3,RR,,,,,,,,,,,,,,,,,,,
1990-D025,Fed Cup WG R1: NED vs SUI,Hard,4,D,,19900721,1,200554,,,Brenda Schultz Mccarthy,R,188,NED,19.562,50,21,200486,,,Csilla Cserepy,,,SUI,24.313,102,11,7-6(4) 6-0,3,RR,,,,,,,,,,,,,,,,,,,
1990-D025,Fed Cup WG R1: NED vs SUI,Hard,4,D,,19900721,2,200626,,,Emanuela Zardo,L,,SUI,20.241,85,14,200485,,,Manon Bollegraf,R,173,NED,26.278,29,34,6-7(5) 7-5 6-2,3,RR,,,,,,,,,,,,,,,,,,,
1990-D026,Fed Cup WG R1: JPN vs CHN,Hard,4,D,,19900721,1,200617,,,Kimiko Date Krumm,R,163,JPN,19.811,88,13,200658,,,Fang Li,R,166,CHN,17.550,332,1,6-3 6-0,3,RR,,,,,,,,,,,,,,,,,,,
1990-D026,Fed Cup WG R1: JPN vs CHN,Hard,4,D,,19900721,2,200644,,,Naoko Sawamatsu,R,167,JPN,17.328,42,23,200730,,,Min Tang,,,HKG,19.483,297,1,6-2 6-0,3,RR,,,,,,,,,,,,,,,,,,,
1990-D027,Fed Cup WG ConQR: LUX vs SRI,Hard,4,D,,19900721,1,212697,,,Marie Christine Goy,,,LUX,17.320,,,212462,,,Vajira Premaratne,,,SRI,17.523,,,6-1 6-1,3,RR,,,,,,,,,,,,,,,,,,,
1990-D027,Fed Cup WG ConQR: LUX vs SRI,Hard,4,D,,19900721,2,200579,,,Karin Kschwendt,R,175,AUT,21.848,126,8,201747,,,Lihini Weerasuriya,,,SRI,18.415,536,0,6-0 6-0,3,RR,,,,,,,,,,,,,,,,,,,
1990-D028,Fed Cup WG SF: USA vs AUT,Hard,4,D,,19900721,1,200077,,,Jennifer Capriati,R,170,USA,14.311,13,67,200604,,,Barbara Paulus,R,177,AUT,19.885,20,47,6-3 6-4,3,RR,,,,,,,,,,,,,,,,,,,
1990-D028,Fed Cup WG SF: USA vs AUT,Hard,4,D,,19900721,2,200404,,,Zina Garrison,R,164,USA,26.678,4,134,200482,,,Judith Wiesner,R,,AUT,24.387,15,54,6-3 6-4,3,RR,,,,,,,,,,,,,,,,,,,
1990-D029,Fed Cup WG ConR: SWE vs LUX,Hard,4,D,,19900721,1,200573,,,Cecilia Dahlman,R,178,SWE,21.991,68,17,212697,,,Marie Christine Goy,,,LUX,17.320,,,6-3 6-1,3,RR,,,,,,,,,,,,,,,,,,,
1990-D029,Fed Cup WG ConR: SWE vs LUX,Hard,4,D,,19900721,2,200579,,,Karin Kschwendt,R,175,AUT,21.848,126,8,200453,,,Catarina Lindqvist Ryan,R,165,SWE,27.105,40,25,6-4 6-4,3,RR,,,,,,,,,,,,,,,,,,,
1990-D030,Fed Cup WG R1: FRA vs TPE,Hard,4,D,,19900721,1,200112,,,Julie Halard Decugis,R,173,FRA,19.861,33,28,202199,,,Su Lin Lai,,,TPE,23.436,,,6-2 6-1,3,RR,,,,,,,,,,,,,,,,,,,
1990-D030,Fed Cup WG R1: FRA vs TPE,Hard,4,D,,19900721,2,200097,,,Nathalie Tauziat,R,165,FRA,22.760,16,53,200684,,,Shi Ting Wang,R,171,TPE,16.753,,,6-3 6-2,3,RR,,,,,,,,,,,,,,,,,,,
1990-D031,Fed Cup WG ConQR: TRI vs MEX,Hard,4,D,,19900721,1,202518,,,Claudia Hernandez Salas,,,MEX,24.502,427,0,212719,,,Marianne Ward,,,TTO,16.753,,,6-1 6-1,3,RR,,,,,,,,,,,,,,,,,,,
1990-D031,Fed Cup WG ConQR: TRI vs MEX,Hard,4,D,,19900721,2,200013,,,Angelica Gavaldon,R,,MEX,16.797,62,17,212613,,,Beverly Corbie,,,TTO,29.098,,,6-1 6-1,3,RR,,,,,,,,,,,,,,,,,,,
1990-D032,Fed Cup WG PO: MAS vs HKG,Hard,4,D,,19900721,1,201167,,,Ellinore Lightbody,,,GBR,31.426,,,212476,,,Tze May Lee,,,MAS,15.121,,,6-0 6-0,3,RR,,,,,,,,,,,,,,,,,,,
1990-D032,Fed Cup WG PO: MAS vs HKG,Hard,4,D,,19900721,2,200518,,,Paulette Moreno,,,HKG,21.358,329,1,212733,,,Su Peng Ng,,,MAS,17.662,,,6-2 6-0,3,RR,,,,,,,,,,,,,,,,,,,
1990-D033,Fed Cup WG R1: HKG vs HUN,Hard,4,D,,19900721,1,201167,,,Ellinore Lightbody,,,GBR,31.426,,,202971,,,Andrea Noszaly,,,HUN,20.534,229,2,7-6(4) 7-5,3,RR,,,,,,,,,,,,,,,,,,,
1990-D033,Fed Cup WG R1: HKG vs HUN,Hard,4,D,,19900721,2,200518,,,Paulette Moreno,,,HKG,21.358,329,1,200442,,,Andrea Temesvari,R,182,HUN,24.236,61,18,6-0 6-1,3,RR,,,,,,,,,,,,,,,,,,,
1990-D034,Fed Cup WG R1: ISR vs DEN,Hard,4,D,,19900721,1,202187,,,Ilana Berger,R,169,ISR,24.554,383,0,201988,,,Sofie Albinus,R,,DEN,17.829,252,2,6-3 6-3,3,RR,,,,,,,,,,,,,,,,,,,
1990-D034,Fed Cup WG R1: ISR vs DEN,Hard,4,D,,19900721,2,200452,,,Tine Scheuer Larsen,,170,DEN,24.356,184,4,201629,,,Yael Segal,,,ISR,17.999,240,2,6-2 4-6 7-5,3,RR,,,,,,,,,,,,,,,,,,,
1990-D035,Fed Cup WG ConQR: IRL vs MAS,Hard,4,D,,19900721,1,203816,,,Siobhan Nicholson,R,,GBR,24.110,,,212747,,,Leena Singarajah,,,MAS,17.950,,,6-0 6-0,3,RR,,,,,,,,,,,,,,,,,,,
1990-D035,Fed Cup WG ConQR: IRL vs MAS,Hard,4,D,,19900721,2,212505,,,Lesley OHalloran,,,IRL,24.718,542,0,212713,,,Kerry Ann Lim,,,MAS,16.688,,,6-0 6-2,3,RR,,,,,,,,,,,,,,,,,,,
1990-D036,Fed Cup WG PO: IRL vs ISR,Hard,4,D,,19900721,1,202187,,,Ilana Berger,R,169,ISR,24.554,383,0,212370,,,Jennifer Thornton,,,IRL,25.052,,,6-2 6-2,3,RR,,,,,,,,,,,,,,,,,,,
1990-D036,Fed Cup WG PO: IRL vs ISR,Hard,4,D,,19900721,2,201629,,,Yael Segal,,,ISR,17.999,240,2,212505,,,Lesley OHalloran,,,IRL,24.718,542,0,6-1 6-3,3,RR,,,,,,,,,,,,,,,,,,,
1990-D037,Fed Cup WG QF: USA vs TCH,Hard,4,D,,19900721,1,200077,,,Jennifer Capriati,R,170,USA,14.311,13,67,200605,,,Regina Rajchrtova,,,TCH,22.456,41,24,6-2 7-6(4),3,RR,,,,,,,,,,,,,,,,,,,
1990-D037,Fed Cup WG QF: USA vs TCH,Hard,4,D,,19900721,2,200539,,,Jana Novotna,R,175,CZE,21.799,14,64,200404,,,Zina Garrison,R,164,USA,26.678,4,134,6-3 6-3,3,RR,,,,,,,,,,,,,,,,,,,
1990-D038,Fed Cup WG R1: AUT vs BUL,Hard,4,D,,19900721,1,200604,,,Barbara Paulus,R,177,AUT,19.885,20,47,202182,,,Dora Rangelova,R,,BUL,22.881,,,6-2 6-3,3,RR,,,,,,,,,,,,,,,,,,,
1990-D038,Fed Cup WG R1: AUT vs BUL,Hard,4,D,,19900721,2,200482,,,Judith Wiesner,R,,AUT,24.387,15,54,200614,,,Elena Pampoulova,,,BUL,18.177,,,6-0 6-0,3,RR,,,,,,,,,,,,,,,,,,,
1990-D039,Fed Cup WG PO: INA vs YUG,Hard,4,D,,19900721,1,201821,,,Gorana Matic,,,CRO,16.740,369,1,201843,,,Suzanna Anggarkusuma,,,INA,26.654,296,1,6-4 6-4,3,RR,,,,,,,,,,,,,,,,,,,
1990-D039,Fed Cup WG PO: INA vs YUG,Hard,4,D,,19900721,2,200653,,,Yayuk Basuki,R,164,INA,19.639,217,3,200680,,,Nadin Ercegovic,R,177,CRO,17.462,310,1,6-0 6-7(3) 8-6,3,RR,,,,,,,,,,,,,,,,,,,
1990-D040,Fed Cup WG PO: FIN vs JAM,Hard,4,D,,19900721,1,200623,,,Petra Thoren,,,FIN,20.950,189,3,212453,,,Henrietta Harris,,,JAM,22.445,,,6-1 6-1,3,RR,,,,,,,,,,,,,,,,,,,
1990-D040,Fed Cup WG PO: FIN vs JAM,Hard,4,D,,19900721,2,200663,,,Nanne Dahlman,,163,FIN,19.869,169,5,203886,,,Joni Van Ryck De Groot,,,JAM,34.760,,,6-1 6-1,3,RR,,,,,,,,,,,,,,,,,,,
1990-D041,Fed Cup WG R1: FIN vs ITA,Hard,4,D,,19900721,1,200561,,,Cathy Caverzasio,,,SUI,17.810,35,27,200623,,,Petra Thoren,,,FIN,20.950,189,3,6-2 6-3,3,RR,,,,,,,,,,,,,,,,,,,
1990-D041,Fed Cup WG R1: FIN vs ITA,Hard,4,D,,19900721,2,200422,,,Raffaella Reggi Concato,,170,ITA,24.647,27,38,200663,,,Nanne Dahlman,,163,FIN,19.869,169,5,6-2 6-2,3,RR,,,,,,,,,,,,,,,,,,,
1990-D042,Fed Cup WG R1: DOM vs GBR,Hard,4,D,,19900721,1,200514,,,Monique Javer,R,,GBR,22.998,98,12,202509,,,Joelle Schad,,,DOM,17.356,,,6-2 6-3,3,RR,,,,,,,,,,,,,,,,,,,
1990-D042,Fed Cup WG R1: DOM vs GBR,Hard,4,D,,19900721,2,200520,,,Sarah Loosemore,,,GBR,19.100,91,13,212089,,,Madeline Sanchez,,,DOM,22.196,564,0,6-2 6-1,3,RR,,,,,,,,,,,,,,,,,,,
1990-D043,Fed Cup WG QF: AUT vs GBR,Hard,4,D,,19900721,1,200604,,,Barbara Paulus,R,177,AUT,19.885,20,47,200392,,,Jo Durie,R,163,GBR,29.983,127,8,7-6(3) 5-7 6-4,3,RR,,,,,,,,,,,,,,,,,,,
1990-D043,Fed Cup WG QF: AUT vs GBR,Hard,4,D,,19900721,2,200482,,,Judith Wiesner,R,,AUT,24.387,15,54,200520,,,Sarah Loosemore,,,GBR,19.100,91,13,7-6(4) 2-6 8-6,3,RR,,,,,,,,,,,,,,,,,,,
1990-D044,Fed Cup WG ConR: TPE vs IRL,Hard,4,D,,19900721,1,212370,,,Jennifer Thornton,,,IRL,25.052,,,202199,,,Su Lin Lai,,,TPE,23.436,,,5-7 6-3 6-1,3,RR,,,,,,,,,,,,,,,,,,,
1990-D044,Fed Cup WG ConR: TPE vs IRL,Hard,4,D,,19900721,2,200684,,,Shi Ting Wang,R,171,TPE,16.753,,,203816,,,Siobhan Nicholson,R,,GBR,24.110,,,7-5 6-4,3,RR,,,,,,,,,,,,,,,,,,,
1990-D045,Fed Cup WG ConR: HUN vs INA,Hard,4,D,,19900721,1,201843,,,Suzanna Anggarkusuma,,,INA,26.654,296,1,202087,,,Reeka Szikszay,,,HUN,24.964,212,3,6-3 6-1,3,RR,,,,,,,,,,,,,,,,,,,
1990-D045,Fed Cup WG ConR: HUN vs INA,Hard,4,D,,19900721,2,200653,,,Yayuk Basuki,R,164,INA,19.639,217,3,200442,,,Andrea Temesvari,R,182,HUN,24.236,61,18,6-3 7-6(5),3,RR,,,,,,,,,,,,,,,,,,,
1990-D046,Fed Cup WG ConR: HUN vs ARG,Hard,4,D,,19900721,1,200674,,,Bettina Fulco,R,,ARG,21.742,114,10,202087,,,Reeka Szikszay,,,HUN,24.964,212,3,6-4 7-5,3,RR,,,,,,,,,,,,,,,,,,,
1990-D046,Fed Cup WG ConR: HUN vs ARG,Hard,4,D,,19900721,2,200442,,,Andrea Temesvari,R,182,HUN,24.236,61,18,200026,,,Florencia Labat,L,170,ARG,19.108,103,11,6-7(6) 6-2 6-3,3,RR,,,,,,,,,,,,,,,,,,,
1990-D047,Fed Cup WG ConR: LUX vs DEN,Hard,4,D,,19900721,1,201969,,,Karin Ptaszek,R,,DEN,18.574,490,0,212697,,,Marie Christine Goy,,,LUX,17.320,,,6-3 1-6 6-2,3,RR,,,,,,,,,,,,,,,,,,,
1990-D047,Fed Cup WG ConR: LUX vs DEN,Hard,4,D,,19900721,2,200579,,,Karin Kschwendt,R,175,AUT,21.848,126,8,200452,,,Tine Scheuer Larsen,,170,DEN,24.356,184,4,6-2 1-0 RET,5,RR,,,,,,,,,,,,,,,,,,,
1990-D048,Fed Cup WG ConR: LUX vs HUN,Hard,4,D,,19900721,1,202087,,,Reeka Szikszay,,,HUN,24.964,212,3,212697,,,Marie Christine Goy,,,LUX,17.320,,,6-2 6-7(2) 6-1,3,RR,,,,,,,,,,,,,,,,,,,
1990-D048,Fed Cup WG ConR: LUX vs HUN,Hard,4,D,,19900721,2,200579,,,Karin Kschwendt,R,175,AUT,21.848,126,8,200442,,,Andrea Temesvari,R,182,HUN,24.236,61,18,6-3 6-2,3,RR,,,,,,,,,,,,,,,,,,,
1990-D049,Fed Cup WG R1: GER vs ARG,Hard,4,D,,19900721,1,200081,,,Anke Huber,R,173,GER,15.628,119,9,200674,,,Bettina Fulco,R,,ARG,21.742,114,10,6-1 6-2,3,RR,,,,,,,,,,,,,,,,,,,
1990-D049,Fed Cup WG R1: GER vs ARG,Hard,4,D,,19900721,2,200480,,,Claudia Porwik,,,GER,21.681,31,33,200026,,,Florencia Labat,L,170,ARG,19.108,103,11,6-0 6-3,3,RR,,,,,,,,,,,,,,,,,,,
1990-D050,Fed Cup WG R2: AUS vs TCH,Hard,4,D,,19900721,1,200605,,,Regina Rajchrtova,,,TCH,22.456,41,24,200362,,,Liz Smylie,R,170,AUS,27.278,48,21,6-4 6-4,3,RR,,,,,,,,,,,,,,,,,,,
1990-D050,Fed Cup WG R2: AUS vs TCH,Hard,4,D,,19900721,2,200539,,,Jana Novotna,R,175,CZE,21.799,14,64,200105,,,Rachel Mcquillan,,170,AUS,18.634,47,22,6-4 6-4,3,RR,,,,,,,,,,,,,,,,,,,
1990-D051,Fed Cup WG R2: HKG vs URS,Hard,4,D,,19900721,1,200450,,,Larisa Savchenko,,169,URS,24.000,32,30,201167,,,Ellinore Lightbody,,,GBR,31.426,,,6-3 6-1,3,RR,,,,,,,,,,,,,,,,,,,
1990-D051,Fed Cup WG R2: HKG vs URS,Hard,4,D,,19900721,2,200116,,,Natalia Zvereva,R,174,BLR,19.264,12,72,200518,,,Paulette Moreno,,,HKG,21.358,329,1,6-3 7-6(1),3,RR,,,,,,,,,,,,,,,,,,,
1990-D052,Fed Cup WG ConR: ARG vs FIN,Hard,4,D,,19900721,1,200674,,,Bettina Fulco,R,,ARG,21.742,114,10,200623,,,Petra Thoren,,,FIN,20.950,189,3,6-2 7-5,3,RR,,,,,,,,,,,,,,,,,,,
1990-D052,Fed Cup WG ConR: ARG vs FIN,Hard,4,D,,19900721,2,200026,,,Florencia Labat,L,170,ARG,19.108,103,11,201985,,,Anne Aallonen,,,HKG,23.018,187,4,4-6 6-1 6-4,3,RR,,,,,,,,,,,,,,,,,,,
1990-D053,Fed Cup WG ConR: ARG vs POL,Hard,4,D,,19900721,1,200674,,,Bettina Fulco,R,,ARG,21.742,114,10,200710,,,Magdalena Feistel,,,POL,19.913,537,0,6-0 6-2,3,RR,,,,,,,,,,,,,,,,,,,
1990-D053,Fed Cup WG ConR: ARG vs POL,Hard,4,D,,19900721,2,200026,,,Florencia Labat,L,170,ARG,19.108,103,11,200687,,,Katarzyna Nowak,,173,POL,21.517,197,3,6-2 5-7 6-0,3,RR,,,,,,,,,,,,,,,,,,,
1990-D054,Fed Cup WG PO: NOR vs DEN,Hard,4,D,,19900721,1,201988,,,Sofie Albinus,R,,DEN,17.829,252,2,202115,,,Cathrine Instebo,,,NOR,16.644,,,6-3 6-2,3,RR,,,,,,,,,,,,,,,,,,,
1990-D054,Fed Cup WG PO: NOR vs DEN,Hard,4,D,,19900721,2,200452,,,Tine Scheuer Larsen,,170,DEN,24.356,184,4,200511,,,Amy Jonsson,,,NOR,23.119,293,1,3-6 6-4 6-3,3,RR,,,,,,,,,,,,,,,,,,,
1990-D055,Fed Cup WG ConR: INA vs KOR,Hard,4,D,,19900721,1,212694,,,Mal Sim Park,,,KOR,25.016,429,0,201843,,,Suzanna Anggarkusuma,,,INA,26.654,296,1,6-3 3-6 6-0,3,RR,,,,,,,,,,,,,,,,,,,
1990-D055,Fed Cup WG ConR: INA vs KOR,Hard,4,D,,19900721,2,200653,,,Yayuk Basuki,R,164,INA,19.639,217,3,202045,,,Il Soon Kim,,,KOR,21.487,235,2,6-2 7-6(3),3,RR,,,,,,,,,,,,,,,,,,,
1990-D056,Fed Cup WG ConR: SUI vs INA,Hard,4,D,,19900721,1,200486,,,Csilla Cserepy,,,SUI,24.313,102,11,201843,,,Suzanna Anggarkusuma,,,INA,26.654,296,1,6-4 6-4,3,RR,,,,,,,,,,,,,,,,,,,
1990-D056,Fed Cup WG ConR: SUI vs INA,Hard,4,D,,19900721,2,200653,,,Yayuk Basuki,R,164,INA,19.639,217,3,200626,,,Emanuela Zardo,L,,SUI,20.241,85,14,6-2 6-4,3,RR,,,,,,,,,,,,,,,,,,,
1990-D057,Fed Cup WG ConR: MEX vs INA,Hard,4,D,,19900721,1,201843,,,Suzanna Anggarkusuma,,,INA,26.654,296,1,202518,,,Claudia Hernandez Salas,,,MEX,24.502,427,0,6-1 6-3,3,RR,,,,,,,,,,,,,,,,,,,
1990-D057,Fed Cup WG ConR: MEX vs INA,Hard,4,D,,19900721,2,200653,,,Yayuk Basuki,R,164,INA,19.639,217,3,200013,,,Angelica Gavaldon,R,,MEX,16.797,62,17,6-4 7-6(5),3,RR,,,,,,,,,,,,,,,,,,,
1990-D058,Fed Cup WG PO: POL vs URU,Hard,4,D,,19900721,1,200710,,,Magdalena Feistel,,,POL,19.913,537,0,212445,,,Claudia Brause,,,URU,19.894,,,6-2 6-1,3,RR,,,,,,,,,,,,,,,,,,,
1990-D058,Fed Cup WG PO: POL vs URU,Hard,4,D,,19900721,2,201961,,,Patricia Miller,,,URU,18.470,479,0,200687,,,Katarzyna Nowak,,173,POL,21.517,197,3,2-6 6-4 2-0 RET,5,RR,,,,,,,,,,,,,,,,,,,
1990-D059,Fed Cup WG R2: GER vs NED,Hard,4,D,,19900721,1,200554,,,Brenda Schultz Mccarthy,R,188,NED,19.562,50,21,200081,,,Anke Huber,R,173,GER,15.628,119,9,6-3 6-2,3,RR,,,,,,,,,,,,,,,,,,,
1990-D059,Fed Cup WG R2: GER vs NED,Hard,4,D,,19900721,2,200480,,,Claudia Porwik,,,GER,21.681,31,33,200485,,,Manon Bollegraf,R,173,NED,26.278,29,34,6-2 6-4,3,RR,,,,,,,,,,,,,,,,,,,
1990-D060,Fed Cup WG R1: USA vs POL,Hard,4,D,,19900721,1,200077,,,Jennifer Capriati,R,170,USA,14.311,13,67,200710,,,Magdalena Feistel,,,POL,19.913,537,0,6-3 6-1,3,RR,,,,,,,,,,,,,,,,,,,
1990-D060,Fed Cup WG R1: USA vs POL,Hard,4,D,,19900721,2,200404,,,Zina Garrison,R,164,USA,26.678,4,134,200687,,,Katarzyna Nowak,,173,POL,21.517,197,3,6-0 6-1,3,RR,,,,,,,,,,,,,,,,,,,
1990-D061,Fed Cup WG PQ: BAH vs TPE,Hard,4,D,,19900721,1,202199,,,Su Lin Lai,,,TPE,23.436,,,212767,,,Robyn Farrington,,,BAH,17.520,,,6-0 6-1,3,RR,,,,,,,,,,,,,,,,,,,
1990-D061,Fed Cup WG PQ: BAH vs TPE,Hard,4,D,,19900721,2,200684,,,Shi Ting Wang,R,171,TPE,16.753,,,212432,,,Kim Cartwright,,,BAH,25.673,,,6-2 6-1,3,RR,,,,,,,,,,,,,,,,,,,
1990-D062,Fed Cup WG SF: URS vs ESP,Hard,4,D,,19900721,1,200049,,,Conchita Martinez,R,170,ESP,18.262,10,83,200601,,,Leila Meskhi,R,164,GEO,22.541,25,39,6-3 7-5,3,RR,,,,,,,,,,,,,,,,,,,
1990-D062,Fed Cup WG SF: URS vs ESP,Hard,4,D,,19900721,2,200116,,,Natalia Zvereva,R,174,BLR,19.264,12,72,200017,,,Arantxa Sanchez Vicario,R,168,ESP,18.590,7,99,6-4 2-0 RET,5,RR,,,,,,,,,,,,,,,,,,,
1990-D063,Fed Cup WG F: USA vs URS,Hard,4,D,,19900721,1,200077,,,Jennifer Capriati,R,170,USA,14.311,13,67,200601,,,Leila Meskhi,R,164,GEO,22.541,25,39,7-6(3) 6-2,3,RR,,,,,,,,,,,,,,,,,,,
1990-D063,Fed Cup WG F: USA vs URS,Hard,4,D,,19900721,2,200116,,,Natalia Zvereva,R,174,BLR,19.264,12,72,200404,,,Zina Garrison,R,164,USA,26.678,4,134,4-6 6-3 6-3,3,RR,,,,,,,,,,,,,,,,,,,
1990-D064,Fed Cup WG PO: MLT vs GRE,Hard,4,D,,19900721,1,200523,,,Olga Tsarbopoulou,,170,GRE,22.087,593,0,212706,,,Katherine Camilleri,,,MLT,25.610,,,6-1 6-2,3,RR,,,,,,,,,,,,,,,,,,,
1990-D064,Fed Cup WG PO: MLT vs GRE,Hard,4,D,,19900721,2,201017,,,Angelika Kanellopoulou,R,,GRE,24.589,74,15,212125,,,Carol Cassar Torreggiani,,,MLT,21.988,,,6-3 6-3,3,RR,,,,,,,,,,,,,,,,,,,
1990-D065,Fed Cup WG ConQR: YUG vs BAH,Hard,4,D,,19900721,1,201821,,,Gorana Matic,,,CRO,16.740,369,1,212767,,,Robyn Farrington,,,BAH,17.520,,,6-0 6-0,3,RR,,,,,,,,,,,,,,,,,,,
1990-D065,Fed Cup WG ConQR: YUG vs BAH,Hard,4,D,,19900721,2,200680,,,Nadin Ercegovic,R,177,CRO,17.462,310,1,212432,,,Kim Cartwright,,,BAH,25.673,,,6-2 6-2,3,RR,,,,,,,,,,,,,,,,,,,
1990-D066,Fed Cup WG ConR: CHN vs URU,Hard,4,D,,19900721,1,200658,,,Fang Li,R,166,CHN,17.550,332,1,212447,,,Laura Olave,,,URU,15.406,,,6-3 6-0,3,RR,,,,,,,,,,,,,,,,,,,
1990-D066,Fed Cup WG ConR: CHN vs URU,Hard,4,D,,19900721,2,200730,,,Min Tang,,,HKG,19.483,297,1,201961,,,Patricia Miller,,,URU,18.470,479,0,7-6(7) 6-0,3,RR,,,,,,,,,,,,,,,,,,,
1990-D067,Fed Cup WG ConR: BUL vs NOR,Hard,4,D,,19900721,1,212773,,,Galia Angelova,,,BUL,17.692,,,202115,,,Cathrine Instebo,,,NOR,16.644,,,6-2 2-6 6-2,3,RR,,,,,,,,,,,,,,,,,,,
1990-D067,Fed Cup WG ConR: BUL vs NOR,Hard,4,D,,19900721,2,200614,,,Elena Pampoulova,,,BUL,18.177,,,200511,,,Amy Jonsson,,,NOR,23.119,293,1,6-4 6-3,3,RR,,,,,,,,,,,,,,,,,,,
1990-D068,Fed Cup WG PO: PHI vs BUL,Hard,4,D,,19900721,1,202182,,,Dora Rangelova,R,,BUL,22.881,,,207543,,,Jennifer Saret,,170,PHI,15.606,,,6-2 6-3,3,RR,,,,,,,,,,,,,,,,,,,
1990-D068,Fed Cup WG PO: PHI vs BUL,Hard,4,D,,19900721,2,200614,,,Elena Pampoulova,,,BUL,18.177,,,212704,,,Sarah Castillejo,,,PHI,18.612,,,6-2 6-0,3,RR,,,,,,,,,,,,,,,,,,,
1990-D069,Fed Cup WG ConR: BRA vs BUL,Hard,4,D,,19900721,1,201047,,,Andrea Vieira,,,BRA,19.456,139,7,202182,,,Dora Rangelova,R,,BUL,22.881,,,7-5 6-1,3,RR,,,,,,,,,,,,,,,,,,,
1990-D069,Fed Cup WG ConR: BRA vs BUL,Hard,4,D,,19900721,2,201804,,,Claudia Chabalgoity,,,BRA,19.357,132,8,200614,,,Elena Pampoulova,,,BUL,18.177,,,6-2 2-6 6-4,3,RR,,,,,,,,,,,,,,,,,,,
1990-D070,Fed Cup WG R2: USA vs BEL,Hard,4,D,,19900721,1,200077,,,Jennifer Capriati,R,170,USA,14.311,13,67,200547,,,Sandra Wasserman,R,173,BEL,20.365,80,14,6-0 7-6(11),3,RR,,,,,,,,,,,,,,,,,,,
1990-D070,Fed Cup WG R2: USA vs BEL,Hard,4,D,,19900721,2,200404,,,Zina Garrison,R,164,USA,26.678,4,134,200037,,,Sabine Appelmans,L,168,BEL,18.245,37,26,6-4 6-1,3,RR,,,,,,,,,,,,,,,,,,,
1990-D071,Fed Cup WG ConR: VEN vs PHI,Hard,4,D,,19900721,1,207823,,,Emily Leonardi,,,VEN,16.154,,,207543,,,Jennifer Saret,,170,PHI,15.606,,,6-0 6-0,3,RR,,,,,,,,,,,,,,,,,,,
1990-D071,Fed Cup WG ConR: VEN vs PHI,Hard,4,D,,19900721,2,207812,,,Eleonora Vegliante,,,VEN,17.000,,,212704,,,Sarah Castillejo,,,PHI,18.612,,,6-2 6-4,3,RR,,,,,,,,,,,,,,,,,,,
1990-D072,Fed Cup WG PQ: TRI vs PHI,Hard,4,D,,19900721,1,207543,,,Jennifer Saret,,170,PHI,15.606,,,212719,,,Marianne Ward,,,TTO,16.753,,,6-1 6-1,3,RR,,,,,,,,,,,,,,,,,,,
1990-D072,Fed Cup WG PQ: TRI vs PHI,Hard,4,D,,19900721,2,212613,,,Beverly Corbie,,,TTO,29.098,,,212704,,,Sarah Castillejo,,,PHI,18.612,,,6-4 6-3,3,RR,,,,,,,,,,,,,,,,,,,
1990-D073,Fed Cup WG R1: AUS vs INA,Hard,4,D,,19900721,1,200362,,,Liz Smylie,R,170,AUS,27.278,48,21,201843,,,Suzanna Anggarkusuma,,,INA,26.654,296,1,5-7 6-4 6-0,3,RR,,,,,,,,,,,,,,,,,,,
1990-D073,Fed Cup WG R1: AUS vs INA,Hard,4,D,,19900721,2,200105,,,Rachel Mcquillan,,170,AUS,18.634,47,22,200653,,,Yayuk Basuki,R,164,INA,19.639,217,3,6-3 3-6 6-3,3,RR,,,,,,,,,,,,,,,,,,,
1990-D074,Fed Cup WG R2: ISR vs ESP,Hard,4,D,,19900721,1,200049,,,Conchita Martinez,R,170,ESP,18.262,10,83,202187,,,Ilana Berger,R,169,ISR,24.554,383,0,6-3 6-2,3,RR,,,,,,,,,,,,,,,,,,,
1990-D074,Fed Cup WG R2: ISR vs ESP,Hard,4,D,,19900721,2,200017,,,Arantxa Sanchez Vicario,R,168,ESP,18.590,7,99,201629,,,Yael Segal,,,ISR,17.999,240,2,6-0 6-0,3,RR,,,,,,,,,,,,,,,,,,,
1990-D075,Fed Cup WG ConR: YUG vs GRE,Hard,4,D,,19900721,1,201821,,,Gorana Matic,,,CRO,16.740,369,1,202946,,,Christina Zachariadou,R,,GRE,15.896,,,6-3 6-3,3,RR,,,,,,,,,,,,,,,,,,,
1990-D075,Fed Cup WG ConR: YUG vs GRE,Hard,4,D,,19900721,2,200680,,,Nadin Ercegovic,R,177,CRO,17.462,310,1,200523,,,Olga Tsarbopoulou,,170,GRE,22.087,593,0,6-1 7-5,3,RR,,,,,,,,,,,,,,,,,,,
1990-D076,Fed Cup WG R1: NZL vs GRE,Hard,4,D,,19900721,1,200639,,,Claudine Toleafoa,,,NZL,20.392,140,7,200523,,,Olga Tsarbopoulou,,170,GRE,22.087,593,0,6-3 7-6(5),3,RR,,,,,,,,,,,,,,,,,,,
1990-D076,Fed Cup WG R1: NZL vs GRE,Hard,4,D,,19900721,2,200462,,,Belinda Cordwell,L,175,NZL,24.830,104,11,201017,,,Angelika Kanellopoulou,R,,GRE,24.589,74,15,7-5 6-3,3,RR,,,,,,,,,,,,,,,,,,,
1990-806,Toronto,Hard,56,T1,,19900730,1,200514,,,Monique Javer,R,,GBR,23.023,98,13,201722,,LL,Luanne Spadea,,,USA,17.586,174,4,6-1 6-1,3,R64,,,,,,,,,,,,,,,,,,,
1990-806,Toronto,Hard,56,T1,,19900730,2,200480,11,,Claudia Porwik,,,GER,21.706,30,33,200444,,,Elise Burgin,L,,USA,28.403,86,14,6-2 7-6,3,R64,,,,,,,,,,,,,,,,,,,
1990-806,Toronto,Hard,56,T1,,19900730,3,200497,,,Patricia Hy Boulais,R,163,CAN,24.937,125,8,201804,,,Claudia Chabalgoity,,,BRA,19.382,123,9,6-0 5-7 6-0,3,R64,,,,,,,,,,,,,,,,,,,
1990-806,Toronto,Hard,56,T1,,19900730,4,200473,,,Beverly Bowes,R,,USA,24.888,94,13,200362,,,Liz Smylie,R,170,AUS,27.302,41,23,6-1 2-6 7-6,3,R64,,,,,,,,,,,,,,,,,,,
1990-806,Toronto,Hard,56,T1,,19900730,5,200496,,,Terry Phelps,,,USA,23.614,92,13,200582,,,Maria Strandlund Tomsvik,,,SWE,20.950,134,7,6-3 6-1,3,R64,,,,,,,,,,,,,,,,,,,
1990-806,Toronto,Hard,56,T1,,19900730,6,200441,,Q,Louise Field,,,AUS,23.426,126,8,200403,,,Andrea Leand,R,173,USA,26.530,97,13,6-3 7-5,3,R64,,,,,,,,,,,,,,,,,,,
1990-806,Toronto,Hard,56,T1,,19900730,7,200644,,,Naoko Sawamatsu,R,167,JPN,17.353,44,23,200112,14,,Julie Halard Decugis,R,173,FRA,19.885,33,28,6-3 6-3,3,R64,,,,,,,,,,,,,,,,,,,
1990-806,Toronto,Hard,56,T1,,19900730,8,200443,,Q,Sara Gomer,L,188,GBR,26.213,146,6,200605,16,,Regina Rajchrtova,,,TCH,22.481,37,24,6-7 6-4 7-5,3,R64,,,,,,,,,,,,,,,,,,,
1990-806,Toronto,Hard,56,T1,,19900730,9,200510,,Q,Julie Richardson,,173,NZL,23.335,143,6,200474,,Q,Louise Allen,,,USA,28.559,190,3,6-0 6-4,3,R64,,,,,,,,,,,,,,,,,,,
1990-806,Toronto,Hard,56,T1,,19900730,10,200462,,,Belinda Cordwell,L,175,NZL,24.855,109,11,200543,,,Jill Hetherington,R,170,CAN,25.755,248,2,6-2 3-6 6-4,3,R64,,,,,,,,,,,,,,,,,,,
1990-806,Toronto,Hard,56,T1,,19900730,11,201271,,Q,Lisa Green,,,USA,22.032,283,1,200710,,,Magdalena Feistel,,,POL,19.937,537,0,6-4 6-0,3,R64,,,,,,,,,,,,,,,,,,,
1990-806,Toronto,Hard,56,T1,,19900730,12,200588,,LL,Renata Baranski,,,POL,25.427,150,6,200674,,,Bettina Fulco,R,,ARG,21.766,114,10,6-4 6-2,3,R64,,,,,,,,,,,,,,,,,,,
1990-806,Toronto,Hard,56,T1,,19900730,13,200407,,,Camille Benjamin,L,175,USA,24.159,113,10,200333,,,Betsy Nagelsen,R,175,USA,33.767,61,18,2-6 6-3 7-6,3,R64,,,,,,,,,,,,,,,,,,,
1990-806,Toronto,Hard,56,T1,,19900730,14,200485,12,,Manon Bollegraf,R,173,NED,26.303,31,31,200595,,,Ann Grossman,,,USA,19.795,42,23,5-7 6-4 7-6,3,R64,,,,,,,,,,,,,,,,,,,
1990-806,Toronto,Hard,56,T1,,19900730,15,200422,10,,Raffaella Reggi Concato,,170,ITA,24.671,26,38,200621,,,Isabelle Demongeot,R,,FRA,23.864,68,17,6-4 6-3,3,R64,,,,,,,,,,,,,,,,,,,
1990-806,Toronto,Hard,56,T1,,19900730,16,200501,,,Marianne Werdel Witmeyer,,,USA,22.785,128,8,201917,,,Suzanne Italiano,,,CAN,17.364,325,1,7-5 6-2,3,R64,,,,,,,,,,,,,,,,,,,
1990-806,Toronto,Hard,56,T1,,19900730,17,200419,,,Kathy Rinaldi Stunkel,,,USA,23.352,74,16,200639,,Q,Claudine Toleafoa,,,NZL,20.417,135,7,6-4 6-1,3,R64,,,,,,,,,,,,,,,,,,,
1990-806,Toronto,Hard,56,T1,,19900730,18,200428,15,,Lori Mcneil,,170,USA,26.615,34,25,200560,,,Rene Simpson,L,165,CAN,24.540,129,8,6-1 6-1,3,R64,,,,,,,,,,,,,,,,,,,
1990-806,Toronto,Hard,56,T1,,19900730,19,200450,13,,Larisa Savchenko,,169,URS,24.025,32,30,200589,,,Halle Cioffi,,,USA,20.983,88,13,0-6 6-1 6-0,3,R64,,,,,,,,,,,,,,,,,,,
1990-806,Toronto,Hard,56,T1,,19900730,20,200392,,,Jo Durie,R,163,GBR,30.007,62,18,200610,,,Stacey Martin,,,USA,19.710,72,16,7-6 6-3,3,R64,,,,,,,,,,,,,,,,,,,
1990-806,Toronto,Hard,56,T1,,19900730,21,200520,,,Sarah Loosemore,,,GBR,19.124,85,14,200606,,,Nana Smith,R,163,JPN,19.305,65,17,6-4 6-7 6-2,3,R64,,,,,,,,,,,,,,,,,,,
1990-806,Toronto,Hard,56,T1,,19900730,22,200086,,,Magdalena Maleeva,R,168,BUL,15.330,107,11,200389,,Q,Kathy Jordan,R,173,USA,30.656,208,3,6-4 6-3,3,R64,,,,,,,,,,,,,,,,,,,
1990-806,Toronto,Hard,56,T1,,19900730,23,200346,,,Anne Minter,R,165,AUS,27.324,58,18,201629,,Q,Yael Segal,,,ISR,18.024,237,2,6-3 6-0,3,R64,,,,,,,,,,,,,,,,,,,
1990-806,Toronto,Hard,56,T1,,19900730,24,200472,9,,Helen Kelesi,R,,CAN,20.704,20,42,200599,,,Carrie Cunningham,,,USA,18.254,111,11,7-6 6-3,3,R64,,,,,,,,,,,,,,,,,,,
1990-806,Toronto,Hard,56,T1,,19900730,25,200414,1,,Steffi Graf,R,175,GER,21.126,1,295,200514,,,Monique Javer,R,,GBR,23.023,98,13,6-1 6-2,3,R32,,,,,,,,,,,,,,,,,,,
1990-806,Toronto,Hard,56,T1,,19900730,26,200428,15,,Lori Mcneil,,170,USA,26.615,34,25,200588,,LL,Renata Baranski,,,POL,25.427,150,6,6-4 6-0,3,R32,,,,,,,,,,,,,,,,,,,
1990-806,Toronto,Hard,56,T1,,19900730,27,200392,,,Jo Durie,R,163,GBR,30.007,62,18,200450,13,,Larisa Savchenko,,169,URS,24.025,32,30,6-2 4-2 RET,3,R32,,,,,,,,,,,,,,,,,,,
1990-806,Toronto,Hard,56,T1,,19900730,28,200116,5,,Natalia Zvereva,R,174,BLR,19.289,12,72,200520,,,Sarah Loosemore,,,GBR,19.124,85,14,W/O,3,R32,,,,,,,,,,,,,,,,,,,
1990-806,Toronto,Hard,56,T1,,19900730,29,200401,4,,Manuela Maleeva Fragniere,R,173,SUI,23.456,9,85,200086,,,Magdalena Maleeva,R,168,BUL,15.330,107,11,4-1 RET,3,R32,,,,,,,,,,,,,,,,,,,
1990-806,Toronto,Hard,56,T1,,19900730,30,200472,9,,Helen Kelesi,R,,CAN,20.704,20,42,200346,,,Anne Minter,R,165,AUS,27.324,58,18,6-4 6-4,3,R32,,,,,,,,,,,,,,,,,,,
1990-806,Toronto,Hard,56,T1,,19900730,31,200497,,,Patricia Hy Boulais,R,163,CAN,24.937,125,8,200480,11,,Claudia Porwik,,,GER,21.706,30,33,6-1 6-1,3,R32,,,,,,,,,,,,,,,,,,,
1990-806,Toronto,Hard,56,T1,,19900730,32,200097,7,,Nathalie Tauziat,R,165,FRA,22.785,16,53,200473,,,Beverly Bowes,R,,USA,24.888,94,13,6-4 4-6 7-6,3,R32,,,,,,,,,,,,,,,,,,,
1990-806,Toronto,Hard,56,T1,,19900730,33,200604,8,,Barbara Paulus,R,177,AUT,19.910,18,48,200496,,,Terry Phelps,,,USA,23.614,92,13,6-7 6-4 6-4,3,R32,,,,,,,,,,,,,,,,,,,
1990-806,Toronto,Hard,56,T1,,19900730,34,200644,,,Naoko Sawamatsu,R,167,JPN,17.353,44,23,200441,,Q,Louise Field,,,AUS,23.426,126,8,6-1 6-3,3,R32,,,,,,,,,,,,,,,,,,,
1990-806,Toronto,Hard,56,T1,,19900730,35,200510,,Q,Julie Richardson,,173,NZL,23.335,143,6,200443,,Q,Sara Gomer,L,188,GBR,26.213,146,6,7-5 6-2,3,R32,,,,,,,,,,,,,,,,,,,
1990-806,Toronto,Hard,56,T1,,19900730,36,200455,3,,Katerina Maleeva,R,168,BUL,21.230,7,98,200462,,,Belinda Cordwell,L,175,NZL,24.855,109,11,6-0 6-2,3,R32,,,,,,,,,,,,,,,,,,,
1990-806,Toronto,Hard,56,T1,,19900730,37,200077,6,,Jennifer Capriati,R,170,USA,14.336,13,67,201271,,Q,Lisa Green,,,USA,22.032,283,1,6-4 6-0,3,R32,,,,,,,,,,,,,,,,,,,
1990-806,Toronto,Hard,56,T1,,19900730,38,200407,,,Camille Benjamin,L,175,USA,24.159,113,10,200485,12,,Manon Bollegraf,R,173,NED,26.303,31,31,4-2 RET,3,R32,,,,,,,,,,,,,,,,,,,
1990-806,Toronto,Hard,56,T1,,19900730,39,200422,10,,Raffaella Reggi Concato,,170,ITA,24.671,26,38,200501,,,Marianne Werdel Witmeyer,,,USA,22.785,128,8,6-1 6-0,3,R32,,,,,,,,,,,,,,,,,,,
1990-806,Toronto,Hard,56,T1,,19900730,40,200572,2,,Gabriela Sabatini,R,175,ARG,20.206,4,129,200419,,,Kathy Rinaldi Stunkel,,,USA,23.352,74,16,6-0 6-3,3,R32,,,,,,,,,,,,,,,,,,,
1990-806,Toronto,Hard,56,T1,,19900730,41,200414,1,,Steffi Graf,R,175,GER,21.126,1,295,200428,15,,Lori Mcneil,,170,USA,26.615,34,25,7-5 6-3,3,R16,,,,,,,,,,,,,,,,,,,
1990-806,Toronto,Hard,56,T1,,19900730,42,200116,5,,Natalia Zvereva,R,174,BLR,19.289,12,72,200392,,,Jo Durie,R,163,GBR,30.007,62,18,6-4 6-2,3,R16,,,,,,,,,,,,,,,,,,,
1990-806,Toronto,Hard,56,T1,,19900730,43,200401,4,,Manuela Maleeva Fragniere,R,173,SUI,23.456,9,85,200472,9,,Helen Kelesi,R,,CAN,20.704,20,42,6-3 2-6 6-2,3,R16,,,,,,,,,,,,,,,,,,,
1990-806,Toronto,Hard,56,T1,,19900730,44,200097,7,,Nathalie Tauziat,R,165,FRA,22.785,16,53,200497,,,Patricia Hy Boulais,R,163,CAN,24.937,125,8,6-1 6-0,3,R16,,,,,,,,,,,,,,,,,,,
1990-806,Toronto,Hard,56,T1,,19900730,45,200644,,,Naoko Sawamatsu,R,167,JPN,17.353,44,23,200604,8,,Barbara Paulus,R,177,AUT,19.910,18,48,6-2 1-6 6-3,3,R16,,,,,,,,,,,,,,,,,,,
1990-806,Toronto,Hard,56,T1,,19900730,46,200455,3,,Katerina Maleeva,R,168,BUL,21.230,7,98,200510,,Q,Julie Richardson,,173,NZL,23.335,143,6,6-0 6-0,3,R16,,,,,,,,,,,,,,,,,,,
1990-806,Toronto,Hard,56,T1,,19900730,47,200077,6,,Jennifer Capriati,R,170,USA,14.336,13,67,200407,,,Camille Benjamin,L,175,USA,24.159,113,10,6-3 6-2,3,R16,,,,,,,,,,,,,,,,,,,
1990-806,Toronto,Hard,56,T1,,19900730,48,200572,2,,Gabriela Sabatini,R,175,ARG,20.206,4,129,200422,10,,Raffaella Reggi Concato,,170,ITA,24.671,26,38,6-1 6-0,3,R16,,,,,,,,,,,,,,,,,,,
1990-806,Toronto,Hard,56,T1,,19900730,49,200414,1,,Steffi Graf,R,175,GER,21.126,1,295,200116,5,,Natalia Zvereva,R,174,BLR,19.289,12,72,6-0 6-4,3,QF,,,,,,,,,,,,,,,,,,,
1990-806,Toronto,Hard,56,T1,,19900730,50,200097,7,,Nathalie Tauziat,R,165,FRA,22.785,16,53,200401,4,,Manuela Maleeva Fragniere,R,173,SUI,23.456,9,85,6-3 6-2,3,QF,,,,,,,,,,,,,,,,,,,
1990-806,Toronto,Hard,56,T1,,19900730,51,200455,3,,Katerina Maleeva,R,168,BUL,21.230,7,98,200644,,,Naoko Sawamatsu,R,167,JPN,17.353,44,23,6-7 6-2 6-4,3,QF,,,,,,,,,,,,,,,,,,,
1990-806,Toronto,Hard,56,T1,,19900730,52,200572,2,,Gabriela Sabatini,R,175,ARG,20.206,4,129,200077,6,,Jennifer Capriati,R,170,USA,14.336,13,67,3-6 6-1 6-4,3,QF,,,,,,,,,,,,,,,,,,,
1990-806,Toronto,Hard,56,T1,,19900730,53,200414,1,,Steffi Graf,R,175,GER,21.126,1,295,200097,7,,Nathalie Tauziat,R,165,FRA,22.785,16,53,6-2 6-2,3,SF,,,,,,,,,,,,,,,,,,,
1990-806,Toronto,Hard,56,T1,,19900730,54,200455,3,,Katerina Maleeva,R,168,BUL,21.230,7,98,200572,2,,Gabriela Sabatini,R,175,ARG,20.206,4,129,6-3 6-4,3,SF,,,,,,,,,,,,,,,,,,,
1990-806,Toronto,Hard,56,T1,,19900730,55,200414,1,,Steffi Graf,R,175,GER,21.126,1,295,200455,3,,Katerina Maleeva,R,168,BUL,21.230,7,98,6-1 6-7 6-3,3,F,,,,,,,,,,,,,,,,,,,
1990-408,San Diego,Hard,32,T3,,19900806,1,200414,1,,Steffi Graf,R,175,GER,21.145,1,296,200664,,,Stephanie Rehe,R,180,USA,20.751,,,6-0 6-3,3,R32,,,,,,,,,,,,,,,,,,,
1990-408,San Diego,Hard,32,T3,,19900806,2,200595,,,Ann Grossman,,,USA,19.814,52,20,200428,,,Lori Mcneil,,170,USA,26.634,34,26,6-1 6-4,3,R32,,,,,,,,,,,,,,,,,,,
1990-408,San Diego,Hard,32,T3,,19900806,3,200548,,,Patty Fendick,R,165,USA,25.350,44,23,200444,,,Elise Burgin,L,,USA,28.422,84,14,7-6 6-3,3,R32,,,,,,,,,,,,,,,,,,,
1990-408,San Diego,Hard,32,T3,,19900806,4,200401,4,,Manuela Maleeva Fragniere,R,173,SUI,23.475,9,83,201741,,,Alysia May,,,USA,19.513,355,1,6-4 7-6,3,R32,,,,,,,,,,,,,,,,,,,
1990-408,San Diego,Hard,32,T3,,19900806,5,200604,6,,Barbara Paulus,R,177,AUT,19.929,18,50,200514,,,Monique Javer,R,,GBR,23.042,95,13,6-3 6-1,3,R32,,,,,,,,,,,,,,,,,,,
1990-408,San Diego,Hard,32,T3,,19900806,6,200384,,,Eva Pfaff,R,175,GER,29.485,142,6,200442,,,Andrea Temesvari,R,182,HUN,24.280,57,19,6-2 6-2,3,R32,,,,,,,,,,,,,,,,,,,
1990-408,San Diego,Hard,32,T3,,19900806,7,200013,,,Angelica Gavaldon,R,,MEX,16.841,64,17,200480,,,Claudia Porwik,,,GER,21.725,30,32,7-5 6-4,3,R32,,,,,,,,,,,,,,,,,,,
1990-408,San Diego,Hard,32,T3,,19900806,8,200357,,,Rosalyn Fairbank,R,173,USA,29.758,25,38,201722,,,Luanne Spadea,,,USA,17.605,171,4,7-5 6-1,3,R32,,,,,,,,,,,,,,,,,,,
1990-408,San Diego,Hard,32,T3,,19900806,9,200419,,,Kathy Rinaldi Stunkel,,,USA,23.371,72,16,200474,,,Louise Allen,,,USA,28.578,189,3,6-3 6-2,3,R32,,,,,,,,,,,,,,,,,,,
1990-408,San Diego,Hard,32,T3,,19900806,10,200610,,,Stacey Martin,,,USA,19.729,69,16,200413,,,Heather Ludloff,R,165,USA,29.153,199,3,6-4 6-3,3,R32,,,,,,,,,,,,,,,,,,,
1990-408,San Diego,Hard,32,T3,,19900806,11,200097,5,,Nathalie Tauziat,R,165,FRA,22.804,16,54,200540,,,Amy Schwartz,,,USA,20.926,220,2,6-1 6-2,3,R32,,,,,,,,,,,,,,,,,,,
1990-408,San Diego,Hard,32,T3,,19900806,12,200404,3,,Zina Garrison,R,164,USA,26.722,5,126,200417,,,Gigi Fernandez,,170,USA,26.454,28,36,6-2 6-2,3,R32,,,,,,,,,,,,,,,,,,,
1990-408,San Diego,Hard,32,T3,,19900806,13,200576,,,Nathalie Herreman,L,,FRA,24.359,54,20,200621,,,Isabelle Demongeot,R,,FRA,23.883,74,15,4-6 6-2 6-2,3,R32,,,,,,,,,,,,,,,,,,,
1990-408,San Diego,Hard,32,T3,,19900806,14,200588,,,Renata Baranski,,,POL,25.446,144,6,200453,,,Catarina Lindqvist Ryan,R,165,SWE,27.149,37,25,0-6 6-4 6-1,3,R32,,,,,,,,,,,,,,,,,,,
1990-408,San Diego,Hard,32,T3,,19900806,15,200496,,,Terry Phelps,,,USA,23.634,97,12,200503,7,,Gretchen Magers,R,170,USA,26.495,24,38,3-6 6-4 6-2,3,R32,,,,,,,,,,,,,,,,,,,
1990-408,San Diego,Hard,32,T3,,19900806,16,200422,8,,Raffaella Reggi Concato,,170,ITA,24.690,27,38,200613,,,Lise Gregory,L,,RSA,26.938,228,2,6-2 6-2,3,R32,,,,,,,,,,,,,,,,,,,
1990-408,San Diego,Hard,32,T3,,19900806,17,200414,1,,Steffi Graf,R,175,GER,21.145,1,296,200419,,,Kathy Rinaldi Stunkel,,,USA,23.371,72,16,6-3 6-4,3,R16,,,,,,,,,,,,,,,,,,,
1990-408,San Diego,Hard,32,T3,,19900806,18,200097,5,,Nathalie Tauziat,R,165,FRA,22.804,16,54,200610,,,Stacey Martin,,,USA,19.729,69,16,6-4 6-2,3,R16,,,,,,,,,,,,,,,,,,,
1990-408,San Diego,Hard,32,T3,,19900806,19,200404,3,,Zina Garrison,R,164,USA,26.722,5,126,200576,,,Nathalie Herreman,L,,FRA,24.359,54,20,6-2 6-1,3,R16,,,,,,,,,,,,,,,,,,,
1990-408,San Diego,Hard,32,T3,,19900806,20,200496,,,Terry Phelps,,,USA,23.634,97,12,200588,,,Renata Baranski,,,POL,25.446,144,6,6-2 6-1,3,R16,,,,,,,,,,,,,,,,,,,
1990-408,San Diego,Hard,32,T3,,19900806,21,200595,,,Ann Grossman,,,USA,19.814,52,20,200422,8,,Raffaella Reggi Concato,,170,ITA,24.690,27,38,6-2 2-6 6-1,3,R16,,,,,,,,,,,,,,,,,,,
1990-408,San Diego,Hard,32,T3,,19900806,22,200401,4,,Manuela Maleeva Fragniere,R,173,SUI,23.475,9,83,200548,,,Patty Fendick,R,165,USA,25.350,44,23,6-1 6-2,3,R16,,,,,,,,,,,,,,,,,,,
1990-408,San Diego,Hard,32,T3,,19900806,23,200604,6,,Barbara Paulus,R,177,AUT,19.929,18,50,200384,,,Eva Pfaff,R,175,GER,29.485,142,6,5-7 6-2 6-2,3,R16,,,,,,,,,,,,,,,,,,,
1990-408,San Diego,Hard,32,T3,,19900806,24,200357,,,Rosalyn Fairbank,R,173,USA,29.758,25,38,200013,,,Angelica Gavaldon,R,,MEX,16.841,64,17,4-6 7-5 6-0,3,R16,,,,,,,,,,,,,,,,,,,
1990-408,San Diego,Hard,32,T3,,19900806,25,200414,1,,Steffi Graf,R,175,GER,21.145,1,296,200097,5,,Nathalie Tauziat,R,165,FRA,22.804,16,54,6-3 6-2,3,QF,,,,,,,,,,,,,,,,,,,
1990-408,San Diego,Hard,32,T3,,19900806,26,200404,3,,Zina Garrison,R,164,USA,26.722,5,126,200496,,,Terry Phelps,,,USA,23.634,97,12,6-0 6-3,3,QF,,,,,,,,,,,,,,,,,,,
1990-408,San Diego,Hard,32,T3,,19900806,27,200401,4,,Manuela Maleeva Fragniere,R,173,SUI,23.475,9,83,200595,,,Ann Grossman,,,USA,19.814,52,20,7-5 6-1,3,QF,,,,,,,,,,,,,,,,,,,
1990-408,San Diego,Hard,32,T3,,19900806,28,200604,6,,Barbara Paulus,R,177,AUT,19.929,18,50,200357,,,Rosalyn Fairbank,R,173,USA,29.758,25,38,7-5 6-3,3,QF,,,,,,,,,,,,,,,,,,,
1990-408,San Diego,Hard,32,T3,,19900806,29,200414,1,,Steffi Graf,R,175,GER,21.145,1,296,200404,3,,Zina Garrison,R,164,USA,26.722,5,126,6-4 7-5,3,SF,,,,,,,,,,,,,,,,,,,
1990-408,San Diego,Hard,32,T3,,19900806,30,200401,4,,Manuela Maleeva Fragniere,R,173,SUI,23.475,9,83,200604,6,,Barbara Paulus,R,177,AUT,19.929,18,50,6-0 4-6 6-1,3,SF,,,,,,,,,,,,,,,,,,,
1990-408,San Diego,Hard,32,T3,,19900806,31,200414,1,,Steffi Graf,R,175,GER,21.145,1,296,200401,4,,Manuela Maleeva Fragniere,R,173,SUI,23.475,9,83,6-3 6-2,3,F,,,,,,,,,,,,,,,,,,,
1990-416,Albuquerque,Hard,32,T4,,19900806,1,200539,1,,Jana Novotna,R,175,CZE,21.843,14,66,200599,,,Carrie Cunningham,,,USA,18.273,110,11,6-0 6-1,3,R32,,,,,,,,,,,,,,,,,,,
1990-416,Albuquerque,Hard,32,T4,,19900806,2,200589,,,Halle Cioffi,,,USA,21.002,85,13,200557,,Q,Katrina Adams,R,165,USA,22.002,155,5,6-3 6-0,3,R32,,,,,,,,,,,,,,,,,,,
1990-416,Albuquerque,Hard,32,T4,,19900806,3,200402,,,Wendy White,R,,USA,29.851,112,10,200403,,,Andrea Leand,R,173,USA,26.549,91,13,6-0 6-7 6-4,3,R32,,,,,,,,,,,,,,,,,,,
1990-416,Albuquerque,Hard,32,T4,,19900806,4,200494,4,,Dianne Van Rensburg,R,,RSA,22.423,36,25,200959,,,Mareen Louie Harper,R,,USA,29.975,108,11,6-4 3-6 7-5,3,R32,,,,,,,,,,,,,,,,,,,
1990-416,Albuquerque,Hard,32,T4,,19900806,5,200346,8,,Anne Minter,R,165,AUS,27.343,59,18,201185,,Q,Robyn Field,,,RSA,24.110,208,3,6-3 4-6 6-1,3,R32,,,,,,,,,,,,,,,,,,,
1990-416,Albuquerque,Hard,32,T4,,19900806,6,200938,,,Kathy May,R,173,USA,34.133,,,200021,,,Alexia Dechaume Balleret,R,,FRA,20.261,102,12,6-4 6-7 6-4,3,R32,,,,,,,,,,,,,,,,,,,
1990-416,Albuquerque,Hard,32,T4,,19900806,7,200674,,,Bettina Fulco,R,,ARG,21.786,117,9,200462,,,Belinda Cordwell,L,175,NZL,24.874,106,11,6-4 6-4,3,R32,,,,,,,,,,,,,,,,,,,
1990-416,Albuquerque,Hard,32,T4,,19900806,8,200630,2,,Laura Arraya,R,173,PER,26.566,19,43,200443,,Q,Sara Gomer,L,188,GBR,26.232,131,8,6-4 7-6,3,R32,,,,,,,,,,,,,,,,,,,
1990-416,Albuquerque,Hard,32,T4,,19900806,9,200639,,LL,Claudine Toleafoa,,,NZL,20.436,135,7,200582,,,Maria Strandlund Tomsvik,,,SWE,20.970,139,7,4-6 7-6 7-5,3,R32,,,,,,,,,,,,,,,,,,,
1990-416,Albuquerque,Hard,32,T4,,19900806,10,200593,,,Karine Quentrec,,,FRA,20.792,82,14,200468,,,Hu Na,,,USA,27.308,132,8,6-3 7-5,3,R32,,,,,,,,,,,,,,,,,,,
1990-416,Albuquerque,Hard,32,T4,,19900806,11,200699,,,Meredith Mcgrath,,,USA,19.275,71,16,200554,5,,Brenda Schultz Mccarthy,R,188,NED,19.606,48,21,6-4 7-6,3,R32,,,,,,,,,,,,,,,,,,,
1990-416,Albuquerque,Hard,32,T4,,19900806,12,200378,3,,Anne Smith,R,165,USA,31.100,26,38,200501,,,Marianne Werdel Witmeyer,,,USA,22.804,124,8,7-5 6-1,3,R32,,,,,,,,,,,,,,,,,,,
1990-416,Albuquerque,Hard,32,T4,,19900806,13,200415,,Q,Catherine Suire,R,167,FRA,30.892,185,4,200608,,,Audra Keller,,,USA,18.719,109,11,6-4 6-2,3,R32,,,,,,,,,,,,,,,,,,,
1990-416,Albuquerque,Hard,32,T4,,19900806,14,200333,,,Betsy Nagelsen,R,175,USA,33.786,67,16,200421,,,Pascale Paradis Mangon,R,,FRA,24.285,130,8,6-3 6-4,3,R32,,,,,,,,,,,,,,,,,,,
1990-416,Albuquerque,Hard,32,T4,,19900806,15,200064,7,,Amanda Coetzer,R,158,RSA,18.790,56,19,200407,,,Camille Benjamin,L,175,USA,24.178,104,12,6-0 6-4,3,R32,,,,,,,,,,,,,,,,,,,
1990-416,Albuquerque,Hard,32,T4,,19900806,16,200673,6,,Susan Sloane Lundy,R,,USA,19.669,46,22,200464,,,Ann Henricksson,,,USA,30.766,87,13,6-0 6-1,3,R32,,,,,,,,,,,,,,,,,,,
1990-416,Albuquerque,Hard,32,T4,,19900806,17,200539,1,,Jana Novotna,R,175,CZE,21.843,14,66,200639,,LL,Claudine Toleafoa,,,NZL,20.436,135,7,6-2 6-3,3,R16,,,,,,,,,,,,,,,,,,,
1990-416,Albuquerque,Hard,32,T4,,19900806,18,200593,,,Karine Quentrec,,,FRA,20.792,82,14,200699,,,Meredith Mcgrath,,,USA,19.275,71,16,6-2 7-6,3,R16,,,,,,,,,,,,,,,,,,,
1990-416,Albuquerque,Hard,32,T4,,19900806,19,200378,3,,Anne Smith,R,165,USA,31.100,26,38,200415,,Q,Catherine Suire,R,167,FRA,30.892,185,4,6-4 7-5,3,R16,,,,,,,,,,,,,,,,,,,
1990-416,Albuquerque,Hard,32,T4,,19900806,20,200064,7,,Amanda Coetzer,R,158,RSA,18.790,56,19,200333,,,Betsy Nagelsen,R,175,USA,33.786,67,16,6-3 7-6,3,R16,,,,,,,,,,,,,,,,,,,
1990-416,Albuquerque,Hard,32,T4,,19900806,21,200673,6,,Susan Sloane Lundy,R,,USA,19.669,46,22,200589,,,Halle Cioffi,,,USA,21.002,85,13,7-5 6-3,3,R16,,,,,,,,,,,,,,,,,,,
1990-416,Albuquerque,Hard,32,T4,,19900806,22,200494,4,,Dianne Van Rensburg,R,,RSA,22.423,36,25,200402,,,Wendy White,R,,USA,29.851,112,10,6-1 6-1,3,R16,,,,,,,,,,,,,,,,,,,
1990-416,Albuquerque,Hard,32,T4,,19900806,23,200346,8,,Anne Minter,R,165,AUS,27.343,59,18,200938,,,Kathy May,R,173,USA,34.133,,,6-3 6-4,3,R16,,,,,,,,,,,,,,,,,,,
1990-416,Albuquerque,Hard,32,T4,,19900806,24,200630,2,,Laura Arraya,R,173,PER,26.566,19,43,200674,,,Bettina Fulco,R,,ARG,21.786,117,9,6-7 6-2 6-2,3,R16,,,,,,,,,,,,,,,,,,,
1990-416,Albuquerque,Hard,32,T4,,19900806,25,200539,1,,Jana Novotna,R,175,CZE,21.843,14,66,200593,,,Karine Quentrec,,,FRA,20.792,82,14,6-7 6-2 6-1,3,QF,,,,,,,,,,,,,,,,,,,
1990-416,Albuquerque,Hard,32,T4,,19900806,26,200378,3,,Anne Smith,R,165,USA,31.100,26,38,200064,7,,Amanda Coetzer,R,158,RSA,18.790,56,19,6-2 6-1,3,QF,,,,,,,,,,,,,,,,,,,
1990-416,Albuquerque,Hard,32,T4,,19900806,27,200673,6,,Susan Sloane Lundy,R,,USA,19.669,46,22,200494,4,,Dianne Van Rensburg,R,,RSA,22.423,36,25,7-6 6-2,3,QF,,,,,,,,,,,,,,,,,,,
1990-416,Albuquerque,Hard,32,T4,,19900806,28,200630,2,,Laura Arraya,R,173,PER,26.566,19,43,200346,8,,Anne Minter,R,165,AUS,27.343,59,18,0-6 6-3 6-2,3,QF,,,,,,,,,,,,,,,,,,,
1990-416,Albuquerque,Hard,32,T4,,19900806,29,200539,1,,Jana Novotna,R,175,CZE,21.843,14,66,200378,3,,Anne Smith,R,165,USA,31.100,26,38,6-4 6-7 7-5,3,SF,,,,,,,,,,,,,,,,,,,
1990-416,Albuquerque,Hard,32,T4,,19900806,30,200630,2,,Laura Arraya,R,173,PER,26.566,19,43,200673,6,,Susan Sloane Lundy,R,,USA,19.669,46,22,6-2 6-2,3,SF,,,,,,,,,,,,,,,,,,,
1990-416,Albuquerque,Hard,32,T4,,19900806,31,200539,1,,Jana Novotna,R,175,CZE,21.843,14,66,200630,2,,Laura Arraya,R,173,PER,26.566,19,43,6-4 6-4,3,F,,,,,,,,,,,,,,,,,,,
1990-805,Manhattan Beach,Hard,56,T2,,19900813,1,200669,,Q,Debbie Graham,R,183,USA,19.968,209,3,200416,,,Robin White,R,164,USA,26.675,64,18,7-5 7-5,3,R64,,,,,,,,,,,,,,,,,,,
1990-805,Manhattan Beach,Hard,56,T2,,19900813,2,200959,,,Mareen Louie Harper,R,,USA,29.994,110,11,200503,12,,Gretchen Magers,R,170,USA,26.514,26,37,6-4 6-1,3,R64,,,,,,,,,,,,,,,,,,,
1990-805,Manhattan Beach,Hard,56,T2,,19900813,3,200064,,,Amanda Coetzer,R,158,RSA,18.809,49,21,200573,,,Cecilia Dahlman,R,178,SWE,22.054,71,16,6-3 6-2,3,R64,,,,,,,,,,,,,,,,,,,
1990-805,Manhattan Beach,Hard,56,T2,,19900813,4,200494,,,Dianne Van Rensburg,R,,RSA,22.443,36,26,200595,,,Ann Grossman,,,USA,19.833,46,22,6-1 6-3,3,R64,,,,,,,,,,,,,,,,,,,
1990-805,Manhattan Beach,Hard,56,T2,,19900813,5,200639,,Q,Claudine Toleafoa,,,NZL,20.455,133,7,200013,,,Angelica Gavaldon,R,,MEX,16.860,59,18,6-3 6-4,3,R64,,,,,,,,,,,,,,,,,,,
1990-805,Manhattan Beach,Hard,56,T2,,19900813,6,200641,,,Patricia Tarabini,R,165,ARG,22.018,68,16,200443,,Q,Sara Gomer,L,188,GBR,26.251,126,8,6-2 6-4,3,R64,,,,,,,,,,,,,,,,,,,
1990-805,Manhattan Beach,Hard,56,T2,,19900813,7,200630,11,,Laura Arraya,R,173,PER,26.585,19,46,201741,,,Alysia May,,,USA,19.532,359,1,6-0 6-1,3,R64,,,,,,,,,,,,,,,,,,,
1990-805,Manhattan Beach,Hard,56,T2,,19900813,8,200417,6,,Gigi Fernandez,,170,USA,26.473,27,35,200576,,,Nathalie Herreman,L,,FRA,24.378,51,20,7-5 6-1,3,R64,,,,,,,,,,,,,,,,,,,
1990-805,Manhattan Beach,Hard,56,T2,,19900813,9,200664,,,Stephanie Rehe,R,180,USA,20.770,,,200333,,,Betsy Nagelsen,R,175,USA,33.805,69,16,6-4 6-3,3,R64,,,,,,,,,,,,,,,,,,,
1990-805,Manhattan Beach,Hard,56,T2,,19900813,10,200589,,,Halle Cioffi,,,USA,21.022,77,15,200366,,,Sylvia Hanika,L,173,GER,30.703,53,20,4-6 6-3 6-0,3,R64,,,,,,,,,,,,,,,,,,,
1990-805,Manhattan Beach,Hard,56,T2,,19900813,11,200588,,Q,Renata Baranski,,,POL,25.465,132,7,200444,,,Elise Burgin,L,,USA,28.441,86,14,6-3 3-6 6-2,3,R64,,,,,,,,,,,,,,,,,,,
1990-805,Manhattan Beach,Hard,56,T2,,19900813,12,200462,,Q,Belinda Cordwell,L,175,NZL,24.893,109,11,200673,,,Susan Sloane Lundy,R,,USA,19.688,37,25,7-6 3-6 6-2,3,R64,,,,,,,,,,,,,,,,,,,
1990-805,Manhattan Beach,Hard,56,T2,,19900813,13,200624,,Q,Tami Whitlinger Jones,,,USA,21.747,106,11,200481,,,Elna Reinach,,,RSA,21.695,79,14,6-0 6-4,3,R64,,,,,,,,,,,,,,,,,,,
1990-805,Manhattan Beach,Hard,56,T2,,19900813,14,200041,9,,Amy Frazier,R,175,USA,17.898,18,53,200640,,,Mercedes Paz,R,180,ARG,24.129,41,24,6-2 3-6 6-1,3,R64,,,,,,,,,,,,,,,,,,,
1990-805,Manhattan Beach,Hard,56,T2,,19900813,15,200378,14,,Anne Smith,R,165,USA,31.119,22,40,200566,,,Donna Faber,,,USA,19.108,60,18,6-2 6-2,3,R64,,,,,,,,,,,,,,,,,,,
1990-805,Manhattan Beach,Hard,56,T2,,19900813,16,200469,,,Nicole Bradtke,R,176,AUS,20.890,45,22,200346,,,Anne Minter,R,165,AUS,27.363,58,19,6-2 3-6 7-5,3,R64,,,,,,,,,,,,,,,,,,,
1990-805,Manhattan Beach,Hard,56,T2,,19900813,17,200608,,LL,Audra Keller,,,USA,18.738,107,11,200548,,,Patty Fendick,R,165,USA,25.369,40,24,6-3 1-1 RET,3,R64,,,,,,,,,,,,,,,,,,,
1990-805,Manhattan Beach,Hard,56,T2,,19900813,18,200453,,,Catarina Lindqvist Ryan,R,165,SWE,27.168,47,22,200428,,,Lori Mcneil,,170,USA,26.654,34,26,6-1 6-2,3,R64,,,,,,,,,,,,,,,,,,,
1990-805,Manhattan Beach,Hard,56,T2,,19900813,19,200026,,,Florencia Labat,L,170,ARG,19.171,93,13,200480,16,,Claudia Porwik,,,GER,21.744,31,30,2-6 6-2 7-5,3,R64,,,,,,,,,,,,,,,,,,,
1990-805,Manhattan Beach,Hard,56,T2,,19900813,20,200419,,,Kathy Rinaldi Stunkel,,,USA,23.390,70,16,200606,,,Nana Smith,R,163,JPN,19.343,65,17,6-3 7-6,3,R64,,,,,,,,,,,,,,,,,,,
1990-805,Manhattan Beach,Hard,56,T2,,19900813,21,200096,,,Mary Pierce,R,178,FRA,15.576,139,7,200442,,,Andrea Temesvari,R,182,HUN,24.299,63,18,6-0 6-2,3,R64,,,,,,,,,,,,,,,,,,,
1990-805,Manhattan Beach,Hard,56,T2,,19900813,22,200674,,Q,Bettina Fulco,R,,ARG,21.805,114,10,200593,,,Karine Quentrec,,,FRA,20.811,74,15,6-2 5-7 6-1,3,R64,,,,,,,,,,,,,,,,,,,
1990-805,Manhattan Beach,Hard,56,T2,,19900813,23,200621,,,Isabelle Demongeot,R,,FRA,23.902,80,14,200581,,Q,Tamaka Takagi,,,JPN,24.619,156,5,6-4 6-3,3,R64,,,,,,,,,,,,,,,,,,,
1990-805,Manhattan Beach,Hard,56,T2,,19900813,24,200357,13,,Rosalyn Fairbank,R,173,USA,29.777,25,39,200514,,,Monique Javer,R,,GBR,23.061,113,10,7-6 3-6 7-6,3,R64,,,,,,,,,,,,,,,,,,,
1990-805,Manhattan Beach,Hard,56,T2,,19900813,25,200293,1,,Martina Navratilova,L,173,USA,33.819,2,239,200669,,Q,Debbie Graham,R,183,USA,19.968,209,3,6-1 6-2,3,R32,,,,,,,,,,,,,,,,,,,
1990-805,Manhattan Beach,Hard,56,T2,,19900813,26,200453,,,Catarina Lindqvist Ryan,R,165,SWE,27.168,47,22,200462,,Q,Belinda Cordwell,L,175,NZL,24.893,109,11,6-4 5-7 6-3,3,R32,,,,,,,,,,,,,,,,,,,
1990-805,Manhattan Beach,Hard,56,T2,,19900813,27,200419,,,Kathy Rinaldi Stunkel,,,USA,23.390,70,16,200026,,,Florencia Labat,L,170,ARG,19.171,93,13,6-0 6-7 6-2,3,R32,,,,,,,,,,,,,,,,,,,
1990-805,Manhattan Beach,Hard,56,T2,,19900813,28,200539,7,,Jana Novotna,R,175,CZE,21.862,13,71,200096,,,Mary Pierce,R,178,FRA,15.576,139,7,6-4 7-5,3,R32,,,,,,,,,,,,,,,,,,,
1990-805,Manhattan Beach,Hard,56,T2,,19900813,29,200404,4,,Zina Garrison,R,164,USA,26.741,4,126,200674,,Q,Bettina Fulco,R,,ARG,21.805,114,10,6-0 6-4,3,R32,,,,,,,,,,,,,,,,,,,
1990-805,Manhattan Beach,Hard,56,T2,,19900813,30,200357,13,,Rosalyn Fairbank,R,173,USA,29.777,25,39,200621,,,Isabelle Demongeot,R,,FRA,23.902,80,14,6-3 6-4,3,R32,,,,,,,,,,,,,,,,,,,
1990-805,Manhattan Beach,Hard,56,T2,,19900813,31,200064,,,Amanda Coetzer,R,158,RSA,18.809,49,21,200959,,,Mareen Louie Harper,R,,USA,29.994,110,11,6-1 1-6 7-5,3,R32,,,,,,,,,,,,,,,,,,,
1990-805,Manhattan Beach,Hard,56,T2,,19900813,32,200455,5,,Katerina Maleeva,R,168,BUL,21.268,6,106,200494,,,Dianne Van Rensburg,R,,RSA,22.443,36,26,6-1 6-1,3,R32,,,,,,,,,,,,,,,,,,,
1990-805,Manhattan Beach,Hard,56,T2,,19900813,33,200597,6,,Mary Joe Fernandez,R,175,USA,18.985,9,83,200639,,Q,Claudine Toleafoa,,,NZL,20.455,133,7,6-2 6-2,3,R32,,,,,,,,,,,,,,,,,,,
1990-805,Manhattan Beach,Hard,56,T2,,19900813,34,200630,11,,Laura Arraya,R,173,PER,26.585,19,46,200641,,,Patricia Tarabini,R,165,ARG,22.018,68,16,4-6 6-3 6-2,3,R32,,,,,,,,,,,,,,,,,,,
1990-805,Manhattan Beach,Hard,56,T2,,19900813,35,200664,,,Stephanie Rehe,R,180,USA,20.770,,,200417,6,,Gigi Fernandez,,170,USA,26.473,27,35,6-3 6-3,3,R32,,,,,,,,,,,,,,,,,,,
1990-805,Manhattan Beach,Hard,56,T2,,19900813,36,200572,3,,Gabriela Sabatini,R,175,ARG,20.244,5,125,200589,,,Halle Cioffi,,,USA,21.022,77,15,6-2 6-0,3,R32,,,,,,,,,,,,,,,,,,,
1990-805,Manhattan Beach,Hard,56,T2,,19900813,37,200097,8,,Nathalie Tauziat,R,165,FRA,22.823,17,53,200588,,Q,Renata Baranski,,,POL,25.465,132,7,6-2 6-1,3,R32,,,,,,,,,,,,,,,,,,,
1990-805,Manhattan Beach,Hard,56,T2,,19900813,38,200041,9,,Amy Frazier,R,175,USA,17.898,18,53,200624,,Q,Tami Whitlinger Jones,,,USA,21.747,106,11,7-5 6-3,3,R32,,,,,,,,,,,,,,,,,,,
1990-805,Manhattan Beach,Hard,56,T2,,19900813,39,200378,14,,Anne Smith,R,165,USA,31.119,22,40,200469,,,Nicole Bradtke,R,176,AUS,20.890,45,22,6-2 2-6 6-4,3,R32,,,,,,,,,,,,,,,,,,,
1990-805,Manhattan Beach,Hard,56,T2,,19900813,40,200652,2,,Monica Seles,L,178,USA,16.696,3,175,200608,,LL,Audra Keller,,,USA,18.738,107,11,6-2 6-2,3,R32,,,,,,,,,,,,,,,,,,,
1990-805,Manhattan Beach,Hard,56,T2,,19900813,41,200293,1,,Martina Navratilova,L,173,USA,33.819,2,239,200453,,,Catarina Lindqvist Ryan,R,165,SWE,27.168,47,22,6-1 6-1,3,R16,,,,,,,,,,,,,,,,,,,
1990-805,Manhattan Beach,Hard,56,T2,,19900813,42,200419,,,Kathy Rinaldi Stunkel,,,USA,23.390,70,16,200539,7,,Jana Novotna,R,175,CZE,21.862,13,71,3-6 6-3 6-4,3,R16,,,,,,,,,,,,,,,,,,,
1990-805,Manhattan Beach,Hard,56,T2,,19900813,43,200404,4,,Zina Garrison,R,164,USA,26.741,4,126,200357,13,,Rosalyn Fairbank,R,173,USA,29.777,25,39,6-2 6-0,3,R16,,,,,,,,,,,,,,,,,,,
1990-805,Manhattan Beach,Hard,56,T2,,19900813,44,200455,5,,Katerina Maleeva,R,168,BUL,21.268,6,106,200064,,,Amanda Coetzer,R,158,RSA,18.809,49,21,6-2 6-0,3,R16,,,,,,,,,,,,,,,,,,,
1990-805,Manhattan Beach,Hard,56,T2,,19900813,45,200597,6,,Mary Joe Fernandez,R,175,USA,18.985,9,83,200630,11,,Laura Arraya,R,173,PER,26.585,19,46,6-3 6-2,3,R16,,,,,,,,,,,,,,,,,,,
1990-805,Manhattan Beach,Hard,56,T2,,19900813,46,200664,,,Stephanie Rehe,R,180,USA,20.770,,,200572,3,,Gabriela Sabatini,R,175,ARG,20.244,5,125,5-7 6-4 6-4,3,R16,,,,,,,,,,,,,,,,,,,
1990-805,Manhattan Beach,Hard,56,T2,,19900813,47,200041,9,,Amy Frazier,R,175,USA,17.898,18,53,200097,8,,Nathalie Tauziat,R,165,FRA,22.823,17,53,3-6 6-1 6-1,3,R16,,,,,,,,,,,,,,,,,,,
1990-805,Manhattan Beach,Hard,56,T2,,19900813,48,200652,2,,Monica Seles,L,178,USA,16.696,3,175,200378,14,,Anne Smith,R,165,USA,31.119,22,40,6-3 6-3,3,R16,,,,,,,,,,,,,,,,,,,
1990-805,Manhattan Beach,Hard,56,T2,,19900813,49,200293,1,,Martina Navratilova,L,173,USA,33.819,2,239,200419,,,Kathy Rinaldi Stunkel,,,USA,23.390,70,16,6-0 6-1,3,QF,,,,,,,,,,,,,,,,,,,
1990-805,Manhattan Beach,Hard,56,T2,,19900813,50,200404,4,,Zina Garrison,R,164,USA,26.741,4,126,200455,5,,Katerina Maleeva,R,168,BUL,21.268,6,106,6-1 6-1,3,QF,,,,,,,,,,,,,,,,,,,
1990-805,Manhattan Beach,Hard,56,T2,,19900813,51,200597,6,,Mary Joe Fernandez,R,175,USA,18.985,9,83,200664,,,Stephanie Rehe,R,180,USA,20.770,,,7-5 6-2,3,QF,,,,,,,,,,,,,,,,,,,
1990-805,Manhattan Beach,Hard,56,T2,,19900813,52,200652,2,,Monica Seles,L,178,USA,16.696,3,175,200041,9,,Amy Frazier,R,175,USA,17.898,18,53,2-6 6-2 7-5,3,QF,,,,,,,,,,,,,,,,,,,
1990-805,Manhattan Beach,Hard,56,T2,,19900813,53,200293,1,,Martina Navratilova,L,173,USA,33.819,2,239,200404,4,,Zina Garrison,R,164,USA,26.741,4,126,6-0 6-7 6-4,3,SF,,,,,,,,,,,,,,,,,,,
1990-805,Manhattan Beach,Hard,56,T2,,19900813,54,200652,2,,Monica Seles,L,178,USA,16.696,3,175,200597,6,,Mary Joe Fernandez,R,175,USA,18.985,9,83,6-1 6-0,3,SF,,,,,,,,,,,,,,,,,,,
1990-805,Manhattan Beach,Hard,56,T2,,19900813,55,200652,2,,Monica Seles,L,178,USA,16.696,3,175,200293,1,,Martina Navratilova,L,173,USA,33.819,2,239,6-4 3-6 7-6,3,F,,,,,,,,,,,,,,,,,,,
1990-414,Schenectady,Hard,32,T5,,19900820,1,200495,,,Akiko Kijimuta,,,JPN,22.303,122,9,200473,,,Beverly Bowes,R,,USA,24.945,99,11,7-5 6-4,3,R32,,,,,,,,,,,,,,,,,,,
1990-414,Schenectady,Hard,32,T5,,19900820,2,200640,6,,Mercedes Paz,R,180,ARG,24.148,46,22,200617,,,Kimiko Date Krumm,R,163,JPN,19.894,83,13,6-1 7-5,3,R32,,,,,,,,,,,,,,,,,,,
1990-414,Schenectady,Hard,32,T5,,19900820,3,200506,7,,Wiltrud Probst,R,170,GER,21.227,39,23,200064,,,Amanda Coetzer,R,158,RSA,18.829,47,21,7-6(4) 6-1,3,R32,,,,,,,,,,,,,,,,,,,
1990-414,Schenectady,Hard,32,T5,,19900820,4,200422,2,,Raffaella Reggi Concato,,170,ITA,24.729,21,40,200602,,,Shaun Stafford,R,180,USA,21.684,116,9,6-4 7-5,3,R32,,,,,,,,,,,,,,,,,,,
1990-414,Schenectady,Hard,32,T5,,19900820,5,200481,,,Elna Reinach,,,RSA,21.714,134,8,200538,,,Akemi Nishiya,R,,JPN,25.443,199,3,6-2 6-2,3,R32,,,,,,,,,,,,,,,,,,,
1990-414,Schenectady,Hard,32,T5,,19900820,6,200362,5,,Liz Smylie,R,170,AUS,27.360,38,24,200105,,,Rachel Mcquillan,,170,AUS,18.716,42,23,6-4 6-0,3,R32,,,,,,,,,,,,,,,,,,,
1990-414,Schenectady,Hard,32,T5,,19900820,7,200582,,,Maria Strandlund Tomsvik,,,SWE,21.008,144,6,200625,,,Jana Pospisilova,,,CZE,20.411,90,13,6-1 6-3,3,R32,,,,,,,,,,,,,,,,,,,
1990-414,Schenectady,Hard,32,T5,,19900820,8,200501,,,Marianne Werdel Witmeyer,,,USA,22.842,123,9,200450,4,,Larisa Savchenko,,169,URS,24.083,30,29,6-4 5-7 6-3,3,R32,,,,,,,,,,,,,,,,,,,
1990-414,Schenectady,Hard,32,T5,,19900820,9,200561,8,,Cathy Caverzasio,,,SUI,17.892,41,23,200612,,,Natalia Medvedeva,R,176,UKR,18.763,78,14,7-6(4) 6-2,3,R32,,,,,,,,,,,,,,,,,,,
1990-414,Schenectady,Hard,32,T5,,19900820,10,200021,,,Alexia Dechaume Balleret,R,,FRA,20.299,102,11,200639,,,Claudine Toleafoa,,,NZL,20.474,125,8,6-0 4-6 6-4,3,R32,,,,,,,,,,,,,,,,,,,
1990-414,Schenectady,Hard,32,T5,,19900820,11,200705,,,Linda Ferrando,,170,ITA,24.603,84,13,200026,,,Florencia Labat,L,170,ARG,19.190,88,13,6-4 3-6 7-6(3),3,R32,,,,,,,,,,,,,,,,,,,
1990-414,Schenectady,Hard,32,T5,,19900820,12,200674,,,Bettina Fulco,R,,ARG,21.824,111,10,200496,,,Terry Phelps,,,USA,23.672,81,13,6-2 6-3,3,R32,,,,,,,,,,,,,,,,,,,
1990-414,Schenectady,Hard,32,T5,,19900820,13,200630,1,,Laura Arraya,R,173,PER,26.604,19,45,200576,,,Nathalie Herreman,L,,FRA,24.397,55,19,6-4 6-1,3,R32,,,,,,,,,,,,,,,,,,,
1990-414,Schenectady,Hard,32,T5,,19900820,14,200651,,,Sabine Hack,,170,GER,21.107,51,20,201056,,,Maria Luciana Reynares,,,ARG,14.527,457,0,6-0 6-1,3,R32,,,,,,,,,,,,,,,,,,,
1990-414,Schenectady,Hard,32,T5,,19900820,15,200366,,,Sylvia Hanika,L,173,GER,30.722,64,16,200573,,,Cecilia Dahlman,R,178,SWE,22.073,69,15,6-3 6-3,3,R32,,,,,,,,,,,,,,,,,,,
1990-414,Schenectady,Hard,32,T5,,19900820,16,200081,,,Anke Huber,R,173,GER,15.710,118,9,200593,,,Karine Quentrec,,,FRA,20.830,71,14,2-6 7-6(3) 6-0,3,R32,,,,,,,,,,,,,,,,,,,
1990-414,Schenectady,Hard,32,T5,,19900820,17,200640,6,,Mercedes Paz,R,180,ARG,24.148,46,22,200495,,,Akiko Kijimuta,,,JPN,22.303,122,9,6-1 6-4,3,R16,,,,,,,,,,,,,,,,,,,
1990-414,Schenectady,Hard,32,T5,,19900820,18,200506,7,,Wiltrud Probst,R,170,GER,21.227,39,23,200674,,,Bettina Fulco,R,,ARG,21.824,111,10,6-4 7-5,3,R16,,,,,,,,,,,,,,,,,,,
1990-414,Schenectady,Hard,32,T5,,19900820,19,200422,2,,Raffaella Reggi Concato,,170,ITA,24.729,21,40,200651,,,Sabine Hack,,170,GER,21.107,51,20,6-3 6-2,3,R16,,,,,,,,,,,,,,,,,,,
1990-414,Schenectady,Hard,32,T5,,19900820,20,200481,,,Elna Reinach,,,RSA,21.714,134,8,200561,8,,Cathy Caverzasio,,,SUI,17.892,41,23,6-4 7-6(5),3,R16,,,,,,,,,,,,,,,,,,,
1990-414,Schenectady,Hard,32,T5,,19900820,21,200501,,,Marianne Werdel Witmeyer,,,USA,22.842,123,9,200705,,,Linda Ferrando,,170,ITA,24.603,84,13,6-4 6-4,3,R16,,,,,,,,,,,,,,,,,,,
1990-414,Schenectady,Hard,32,T5,,19900820,22,200021,,,Alexia Dechaume Balleret,R,,FRA,20.299,102,11,200582,,,Maria Strandlund Tomsvik,,,SWE,21.008,144,6,7-6(2) 3-6 7-5,3,R16,,,,,,,,,,,,,,,,,,,
1990-414,Schenectady,Hard,32,T5,,19900820,23,200366,,,Sylvia Hanika,L,173,GER,30.722,64,16,200362,5,,Liz Smylie,R,170,AUS,27.360,38,24,6-2 3-6 6-4,3,R16,,,,,,,,,,,,,,,,,,,
1990-414,Schenectady,Hard,32,T5,,19900820,24,200081,,,Anke Huber,R,173,GER,15.710,118,9,200630,1,,Laura Arraya,R,173,PER,26.604,19,45,6-3 6-1,3,R16,,,,,,,,,,,,,,,,,,,
1990-414,Schenectady,Hard,32,T5,,19900820,25,200640,6,,Mercedes Paz,R,180,ARG,24.148,46,22,200422,2,,Raffaella Reggi Concato,,170,ITA,24.729,21,40,6-1 4-0 RET,3,QF,,,,,,,,,,,,,,,,,,,
1990-414,Schenectady,Hard,32,T5,,19900820,26,200506,7,,Wiltrud Probst,R,170,GER,21.227,39,23,200021,,,Alexia Dechaume Balleret,R,,FRA,20.299,102,11,6-3 5-7 6-1,3,QF,,,,,,,,,,,,,,,,,,,
1990-414,Schenectady,Hard,32,T5,,19900820,27,200501,,,Marianne Werdel Witmeyer,,,USA,22.842,123,9,200481,,,Elna Reinach,,,RSA,21.714,134,8,5-7 6-4 6-4,3,QF,,,,,,,,,,,,,,,,,,,
1990-414,Schenectady,Hard,32,T5,,19900820,28,200081,,,Anke Huber,R,173,GER,15.710,118,9,200366,,,Sylvia Hanika,L,173,GER,30.722,64,16,4-6 7-6(6) 2-2 RET,3,QF,,,,,,,,,,,,,,,,,,,
1990-414,Schenectady,Hard,32,T5,,19900820,29,200501,,,Marianne Werdel Witmeyer,,,USA,22.842,123,9,200640,6,,Mercedes Paz,R,180,ARG,24.148,46,22,4-6 7-5 6-3,3,SF,,,,,,,,,,,,,,,,,,,
1990-414,Schenectady,Hard,32,T5,,19900820,30,200081,,,Anke Huber,R,173,GER,15.710,118,9,200506,7,,Wiltrud Probst,R,170,GER,21.227,39,23,6-2 6-0,3,SF,,,,,,,,,,,,,,,,,,,
1990-414,Schenectady,Hard,32,T5,,19900820,31,200081,,,Anke Huber,R,173,GER,15.710,118,9,200501,,,Marianne Werdel Witmeyer,,,USA,22.842,123,9,6-1 5-7 6-4,3,F,,,,,,,,,,,,,,,,,,,
1990-905,US Open,Hard,128,G,,19900827,1,200414,1,,Steffi Graf,R,175,GER,21.202,1,300,200028,,Q,Maureen Drake,R,175,CAN,19.436,173,4,6-1 6-1,3,R128,,,,,,,,,,,,,,,,,,,
1990-905,US Open,Hard,128,G,,19900827,2,200419,,,Kathy Rinaldi Stunkel,,,USA,23.428,58,18,200026,,,Florencia Labat,L,170,ARG,19.209,92,12,6-4 4-6 6-3,3,R128,,,,,,,,,,,,,,,,,,,
1990-905,US Open,Hard,128,G,,19900827,3,200630,,,Laura Arraya,R,173,PER,26.623,19,43,200699,,,Meredith Mcgrath,,,USA,19.332,66,15,7-5 6-3,3,R128,,,,,,,,,,,,,,,,,,,
1990-905,US Open,Hard,128,G,,19900827,4,200644,,,Naoko Sawamatsu,R,167,JPN,17.430,31,29,200641,,,Patricia Tarabini,R,165,ARG,22.057,63,16,6-1 6-3,3,R128,,,,,,,,,,,,,,,,,,,
1990-905,US Open,Hard,128,G,,19900827,5,200422,,,Raffaella Reggi Concato,,170,ITA,24.748,23,40,200576,,,Nathalie Herreman,L,,FRA,24.417,56,19,6-1 4-6 7-6(5),3,R128,,,,,,,,,,,,,,,,,,,
1990-905,US Open,Hard,128,G,,19900827,6,200547,,,Sandra Wasserman,R,173,BEL,20.466,76,14,200568,,Q,Andrea Farley,,,USA,18.908,211,3,1-6 6-3 6-3,3,R128,,,,,,,,,,,,,,,,,,,
1990-905,US Open,Hard,128,G,,19900827,7,200579,,Q,Karin Kschwendt,R,175,AUT,21.950,149,6,200020,,,Lisa Raymond,R,165,USA,17.046,360,1,6-2 6-3,3,R128,,,,,,,,,,,,,,,,,,,
1990-905,US Open,Hard,128,G,,19900827,8,200455,7,,Katerina Maleeva,R,168,BUL,21.306,6,108,200086,,,Magdalena Maleeva,R,168,BUL,15.406,90,12,6-3 6-1,3,R128,,,,,,,,,,,,,,,,,,,
1990-905,US Open,Hard,128,G,,19900827,9,200404,4,,Zina Garrison,R,164,USA,26.779,4,126,200607,,,Beate Reinstadler,,168,AUT,23.272,99,11,6-1 6-3,3,R128,,,,,,,,,,,,,,,,,,,
1990-905,US Open,Hard,128,G,,19900827,10,200013,,,Angelica Gavaldon,R,,MEX,16.898,59,17,200566,,,Donna Faber,,,USA,19.146,60,17,6-3 6-2,3,R128,,,,,,,,,,,,,,,,,,,
1990-905,US Open,Hard,128,G,,19900827,11,200514,,,Monique Javer,R,,GBR,23.100,119,9,200567,,,Jennifer Santrock,L,,USA,21.498,141,7,6-1 6-1,3,R128,,,,,,,,,,,,,,,,,,,
1990-905,US Open,Hard,128,G,,19900827,12,200105,,,Rachel Mcquillan,,170,AUS,18.735,45,23,200095,,,Linda Wild,R,,USA,19.540,86,13,7-6(5) 7-5,3,R128,,,,,,,,,,,,,,,,,,,
1990-905,US Open,Hard,128,G,,19900827,13,200587,,,Silke Meier,,,GER,22.122,133,8,200480,,,Claudia Porwik,,,GER,21.783,32,29,6-4 2-6 5-2 RET,3,R128,,,,,,,,,,,,,,,,,,,
1990-905,US Open,Hard,128,G,,19900827,14,200097,,,Nathalie Tauziat,R,165,FRA,22.862,17,51,200573,,,Cecilia Dahlman,R,178,SWE,22.092,70,14,7-5 6-2,3,R128,,,,,,,,,,,,,,,,,,,
1990-905,US Open,Hard,128,G,,19900827,15,200626,,,Emanuela Zardo,L,,SUI,20.343,65,16,200561,,,Cathy Caverzasio,,,SUI,17.911,39,25,6-1 4-6 6-1,3,R128,,,,,,,,,,,,,,,,,,,
1990-905,US Open,Hard,128,G,,19900827,16,200486,,,Csilla Cserepy,,,SUI,24.414,87,13,200444,,,Elise Burgin,L,,USA,28.480,89,13,6-4 4-6 6-4,3,R128,,,,,,,,,,,,,,,,,,,
1990-905,US Open,Hard,128,G,,19900827,17,200049,10,,Conchita Martinez,R,170,ESP,18.363,10,83,200501,,,Marianne Werdel Witmeyer,,,USA,22.862,93,12,2-6 7-5 6-2,3,R128,,,,,,,,,,,,,,,,,,,
1990-905,US Open,Hard,128,G,,19900827,18,200604,16,,Barbara Paulus,R,177,AUT,19.987,16,56,200362,,,Liz Smylie,R,170,AUS,27.379,42,24,7-5 6-1,3,R128,,,,,,,,,,,,,,,,,,,
1990-905,US Open,Hard,128,G,,19900827,19,200428,,,Lori Mcneil,,170,USA,26.692,50,20,200608,,,Audra Keller,,,USA,18.777,104,11,6-4 6-3,3,R128,,,,,,,,,,,,,,,,,,,
1990-905,US Open,Hard,128,G,,19900827,20,200595,,,Ann Grossman,,,USA,19.872,48,20,200959,,,Mareen Louie Harper,R,,USA,30.032,95,12,2-6 6-4 6-4,3,R128,,,,,,,,,,,,,,,,,,,
1990-905,US Open,Hard,128,G,,19900827,21,200462,,,Belinda Cordwell,L,175,NZL,24.931,105,11,200557,,,Katrina Adams,R,165,USA,22.059,156,5,6-3 7-6(2),3,R128,,,,,,,,,,,,,,,,,,,
1990-905,US Open,Hard,128,G,,19900827,22,200530,,,Radomira Zrubakova,R,169,SVK,19.669,52,20,200624,,,Tami Whitlinger Jones,,,USA,21.786,96,12,7-5 6-2,3,R128,,,,,,,,,,,,,,,,,,,
1990-905,US Open,Hard,128,G,,19900827,23,200021,,,Alexia Dechaume Balleret,R,,FRA,20.318,91,12,200586,,,Federica Bonsignori,,,ITA,22.768,84,13,6-2 6-1,3,R128,,,,,,,,,,,,,,,,,,,
1990-905,US Open,Hard,128,G,,19900827,24,200548,,,Patty Fendick,R,165,USA,25.408,46,22,200622,,,Maya Kidowaki,,,JPN,21.279,72,14,6-7(5) 6-4 7-5,3,R128,,,,,,,,,,,,,,,,,,,
1990-905,US Open,Hard,128,G,,19900827,25,200679,,,Caroline Kuhlman,,,USA,24.006,479,0,200039,,,Chanda Rubin,R,168,USA,14.522,532,0,6-2 6-4,3,R128,,,,,,,,,,,,,,,,,,,
1990-905,US Open,Hard,128,G,,19900827,26,200017,6,,Arantxa Sanchez Vicario,R,168,ESP,18.692,7,106,200469,,,Nicole Bradtke,R,176,AUS,20.929,41,24,6-0 6-3,3,R128,,,,,,,,,,,,,,,,,,,
1990-905,US Open,Hard,128,G,,19900827,27,200572,5,,Gabriela Sabatini,R,175,ARG,20.282,5,118,200389,,,Kathy Jordan,R,173,USA,30.733,200,3,6-1 6-1,3,R128,,,,,,,,,,,,,,,,,,,
1990-905,US Open,Hard,128,G,,19900827,28,200621,,,Isabelle Demongeot,R,,FRA,23.940,73,14,200448,,Q,Sandy Collins,,178,USA,31.872,171,4,6-3 6-3,3,R128,,,,,,,,,,,,,,,,,,,
1990-905,US Open,Hard,128,G,,19900827,29,200037,,,Sabine Appelmans,L,168,BEL,18.347,40,24,200453,,,Catarina Lindqvist Ryan,R,165,SWE,27.207,43,24,6-4 6-7(6) 6-4,3,R128,,,,,,,,,,,,,,,,,,,
1990-905,US Open,Hard,128,G,,19900827,30,200506,,,Wiltrud Probst,R,170,GER,21.246,35,26,200403,,,Andrea Leand,R,173,USA,26.607,109,11,6-0 6-2,3,R128,,,,,,,,,,,,,,,,,,,
1990-905,US Open,Hard,128,G,,19900827,31,200472,,,Helen Kelesi,R,,CAN,20.781,20,43,200064,,,Amanda Coetzer,R,158,RSA,18.848,49,20,7-5 4-6 6-3,3,R128,,,,,,,,,,,,,,,,,,,
1990-905,US Open,Hard,128,G,,19900827,32,200602,,,Shaun Stafford,R,180,USA,21.703,124,8,200346,,,Anne Minter,R,165,AUS,27.401,98,12,6-1 6-3,3,R128,,,,,,,,,,,,,,,,,,,
1990-905,US Open,Hard,128,G,,19900827,33,201021,,,Laura Garrone,R,166,ITA,22.782,57,18,200417,,,Gigi Fernandez,,170,USA,26.511,27,35,6-4 7-6(5),3,R128,,,,,,,,,,,,,,,,,,,
1990-905,US Open,Hard,128,G,,19900827,34,200481,,,Elna Reinach,,,RSA,21.734,121,9,200651,,,Sabine Hack,,170,GER,21.126,54,20,6-1 6-2,3,R128,,,,,,,,,,,,,,,,,,,
1990-905,US Open,Hard,128,G,,19900827,35,200377,11,,Helena Sukova,R,188,CZE,25.506,11,79,200392,,,Jo Durie,R,163,GBR,30.084,53,20,1-6 7-6(3) 7-6(5),3,R128,,,,,,,,,,,,,,,,,,,
1990-905,US Open,Hard,128,G,,19900827,36,200116,14,,Natalia Zvereva,R,174,BLR,19.365,12,75,200593,,,Karine Quentrec,,,FRA,20.849,80,14,6-1 RET,3,R128,,,,,,,,,,,,,,,,,,,
1990-905,US Open,Hard,128,G,,19900827,37,200601,,,Leila Meskhi,R,164,GEO,22.642,21,42,200495,,LL,Akiko Kijimuta,,,JPN,22.322,113,10,6-4 6-2,3,R128,,,,,,,,,,,,,,,,,,,
1990-905,US Open,Hard,128,G,,19900827,38,200725,,,Sandra Cecchini,R,170,ITA,25.495,22,40,200625,,,Jana Pospisilova,,,CZE,20.430,115,10,6-3 6-1,3,R128,,,,,,,,,,,,,,,,,,,
1990-905,US Open,Hard,128,G,,19900827,39,201054,,,Katia Piccolini,R,168,ITA,17.613,85,13,201017,,,Angelika Kanellopoulou,R,,GRE,24.690,101,11,7-6(3) 6-3,3,R128,,,,,,,,,,,,,,,,,,,
1990-905,US Open,Hard,128,G,,19900827,40,200407,,,Camille Benjamin,L,175,USA,24.236,97,12,200606,,,Nana Smith,R,163,JPN,19.382,102,11,6-7(2) 6-3 6-2,3,R128,,,,,,,,,,,,,,,,,,,
1990-905,US Open,Hard,128,G,,19900827,41,200705,,,Linda Ferrando,,170,ITA,24.622,82,13,200640,,,Mercedes Paz,R,180,ARG,24.168,36,25,6-4 2-6 7-6(2),3,R128,,,,,,,,,,,,,,,,,,,
1990-905,US Open,Hard,128,G,,19900827,42,200357,,,Rosalyn Fairbank,R,173,USA,29.816,25,39,200569,,,Petra Langrova,,,TCH,20.167,71,14,3-6 6-1 6-2,3,R128,,,,,,,,,,,,,,,,,,,
1990-905,US Open,Hard,128,G,,19900827,43,200652,3,,Monica Seles,L,178,USA,16.734,3,182,200614,,,Elena Pampoulova,,,BUL,18.278,,,6-0 6-0,3,R128,,,,,,,,,,,,,,,,,,,
1990-905,US Open,Hard,128,G,,19900827,44,200597,8,,Mary Joe Fernandez,R,175,USA,19.023,8,92,200464,,,Ann Henricksson,,,USA,30.823,94,12,6-1 6-1,3,R128,,,,,,,,,,,,,,,,,,,
1990-905,US Open,Hard,128,G,,19900827,45,200485,,,Manon Bollegraf,R,173,NED,26.380,29,30,200503,,,Gretchen Magers,R,170,USA,26.552,26,35,6-2 6-1,3,R128,,,,,,,,,,,,,,,,,,,
1990-905,US Open,Hard,128,G,,19900827,46,200089,,Q,Miriam Oremans,R,169,NED,17.963,219,2,200610,,,Stacey Martin,,,USA,19.787,103,11,6-3 3-6 6-2,3,R128,,,,,,,,,,,,,,,,,,,
1990-905,US Open,Hard,128,G,,19900827,47,200112,,,Julie Halard Decugis,R,173,FRA,19.962,34,26,200554,,,Brenda Schultz Mccarthy,R,188,NED,19.664,51,20,6-2 6-4,3,R128,,,,,,,,,,,,,,,,,,,
1990-905,US Open,Hard,128,G,,19900827,48,200416,,,Robin White,R,164,USA,26.714,61,16,200442,,,Andrea Temesvari,R,182,HUN,24.337,120,9,4-6 6-0 6-2,3,R128,,,,,,,,,,,,,,,,,,,
1990-905,US Open,Hard,128,G,,19900827,49,200450,,,Larisa Savchenko,,169,URS,24.102,30,29,200605,,,Regina Rajchrtova,,,TCH,22.558,44,23,6-3 1-6 6-3,3,R128,,,,,,,,,,,,,,,,,,,
1990-905,US Open,Hard,128,G,,19900827,50,200599,,,Carrie Cunningham,,,USA,18.330,108,11,200402,,,Wendy White,R,,USA,29.909,111,10,6-1 1-6 6-3,3,R128,,,,,,,,,,,,,,,,,,,
1990-905,US Open,Hard,128,G,,19900827,51,200617,,,Kimiko Date Krumm,R,163,JPN,19.913,83,13,200476,,,Cammy Macgregor,,168,USA,21.876,116,10,6-0 6-3,3,R128,,,,,,,,,,,,,,,,,,,
1990-905,US Open,Hard,128,G,,19900827,52,200482,15,,Judith Wiesner,R,,AUT,24.488,15,60,200390,,,Mary Lou Piatek,R,,USA,29.057,64,16,6-3 6-1,3,R128,,,,,,,,,,,,,,,,,,,
1990-905,US Open,Hard,128,G,,19900827,53,200401,9,,Manuela Maleeva Fragniere,R,173,SUI,23.532,9,91,200041,,,Amy Frazier,R,175,USA,17.936,18,51,6-1 6-3,3,R128,,,,,,,,,,,,,,,,,,,
1990-905,US Open,Hard,128,G,,19900827,54,200669,,,Debbie Graham,R,183,USA,20.006,176,4,201269,,Q,Eleni Rossides,,,USA,22.845,226,2,6-4 6-0,3,R128,,,,,,,,,,,,,,,,,,,
1990-905,US Open,Hard,128,G,,19900827,55,200366,,,Sylvia Hanika,L,173,GER,30.741,74,14,200674,,,Bettina Fulco,R,,ARG,21.843,106,11,6-3 1-6 6-4,3,R128,,,,,,,,,,,,,,,,,,,
1990-905,US Open,Hard,128,G,,19900827,56,200582,,,Maria Strandlund Tomsvik,,,SWE,21.027,137,7,200473,,,Beverly Bowes,R,,USA,24.964,107,11,4-6 6-1 6-2,3,R128,,,,,,,,,,,,,,,,,,,
1990-905,US Open,Hard,128,G,,19900827,57,200494,,,Dianne Van Rensburg,R,,RSA,22.481,38,25,200574,,,Eva Sviglerova,,,CZE,19.124,114,10,6-3 6-1,3,R128,,,,,,,,,,,,,,,,,,,
1990-905,US Open,Hard,128,G,,19900827,58,200589,,,Halle Cioffi,,,USA,21.060,68,15,200673,,,Susan Sloane Lundy,R,,USA,19.727,37,25,7-6(8) 6-3,3,R128,,,,,,,,,,,,,,,,,,,
1990-905,US Open,Hard,128,G,,19900827,59,200612,,,Natalia Medvedeva,R,176,UKR,18.782,79,14,200496,,,Terry Phelps,,,USA,23.691,81,13,6-4 6-2,3,R128,,,,,,,,,,,,,,,,,,,
1990-905,US Open,Hard,128,G,,19900827,60,200542,,Q,Clare Wood,R,,GBR,22.470,174,4,200588,,Q,Renata Baranski,,,POL,25.504,131,8,6-0 6-0,3,R128,,,,,,,,,,,,,,,,,,,
1990-905,US Open,Hard,128,G,,19900827,61,200293,2,,Martina Navratilova,L,173,USA,33.857,2,235,201052,,,Federica Haumuller,,,ARG,17.725,118,9,6-4 6-0,3,R128,,,,,,,,,,,,,,,,,,,
1990-905,US Open,Hard,128,G,,19900827,62,200497,,,Patricia Hy Boulais,R,163,CAN,25.014,112,10,200584,,,Laura Golarsa,R,165,ITA,22.749,47,21,6-3 6-3,3,R128,,,,,,,,,,,,,,,,,,,
1990-905,US Open,Hard,128,G,,19900827,63,200077,13,,Jennifer Capriati,R,170,USA,14.412,14,71,200081,,,Anke Huber,R,173,GER,15.729,55,19,7-5 7-5,3,R128,,,,,,,,,,,,,,,,,,,
1990-905,US Open,Hard,128,G,,19900827,64,200539,12,,Jana Novotna,R,175,CZE,21.901,13,73,201051,,,Laura Lapi,,,ITA,19.962,69,14,6-3 6-1,3,R128,,,,,,,,,,,,,,,,,,,
1990-905,US Open,Hard,128,G,,19900827,65,200414,1,,Steffi Graf,R,175,GER,21.202,1,300,200105,,,Rachel Mcquillan,,170,AUS,18.735,45,23,6-1 6-3,3,R64,,,,,,,,,,,,,,,,,,,
1990-905,US Open,Hard,128,G,,19900827,66,200481,,,Elna Reinach,,,RSA,21.734,121,9,200021,,,Alexia Dechaume Balleret,R,,FRA,20.318,91,12,6-3 6-0,3,R64,,,,,,,,,,,,,,,,,,,
1990-905,US Open,Hard,128,G,,19900827,67,200582,,,Maria Strandlund Tomsvik,,,SWE,21.027,137,7,200485,,,Manon Bollegraf,R,173,NED,26.380,29,30,4-6 6-1 7-5,3,R64,,,,,,,,,,,,,,,,,,,
1990-905,US Open,Hard,128,G,,19900827,68,200077,13,,Jennifer Capriati,R,170,USA,14.412,14,71,200497,,,Patricia Hy Boulais,R,163,CAN,25.014,112,10,6-3 6-1,3,R64,,,,,,,,,,,,,,,,,,,
1990-905,US Open,Hard,128,G,,19900827,69,200539,12,,Jana Novotna,R,175,CZE,21.901,13,73,200419,,,Kathy Rinaldi Stunkel,,,USA,23.428,58,18,6-4 6-3,3,R64,,,,,,,,,,,,,,,,,,,
1990-905,US Open,Hard,128,G,,19900827,70,200630,,,Laura Arraya,R,173,PER,26.623,19,43,200644,,,Naoko Sawamatsu,R,167,JPN,17.430,31,29,7-5 6-3,3,R64,,,,,,,,,,,,,,,,,,,
1990-905,US Open,Hard,128,G,,19900827,71,200422,,,Raffaella Reggi Concato,,170,ITA,24.748,23,40,200547,,,Sandra Wasserman,R,173,BEL,20.466,76,14,6-2 6-2,3,R64,,,,,,,,,,,,,,,,,,,
1990-905,US Open,Hard,128,G,,19900827,72,200455,7,,Katerina Maleeva,R,168,BUL,21.306,6,108,200579,,Q,Karin Kschwendt,R,175,AUT,21.950,149,6,7-5 6-1,3,R64,,,,,,,,,,,,,,,,,,,
1990-905,US Open,Hard,128,G,,19900827,73,200404,4,,Zina Garrison,R,164,USA,26.779,4,126,200013,,,Angelica Gavaldon,R,,MEX,16.898,59,17,6-4 6-0,3,R64,,,,,,,,,,,,,,,,,,,
1990-905,US Open,Hard,128,G,,19900827,74,200587,,,Silke Meier,,,GER,22.122,133,8,200514,,,Monique Javer,R,,GBR,23.100,119,9,7-5 7-5,3,R64,,,,,,,,,,,,,,,,,,,
1990-905,US Open,Hard,128,G,,19900827,75,200097,,,Nathalie Tauziat,R,165,FRA,22.862,17,51,200626,,,Emanuela Zardo,L,,SUI,20.343,65,16,6-4 4-6 6-2,3,R64,,,,,,,,,,,,,,,,,,,
1990-905,US Open,Hard,128,G,,19900827,76,200049,10,,Conchita Martinez,R,170,ESP,18.363,10,83,200486,,,Csilla Cserepy,,,SUI,24.414,87,13,6-0 6-4,3,R64,,,,,,,,,,,,,,,,,,,
1990-905,US Open,Hard,128,G,,19900827,77,200604,16,,Barbara Paulus,R,177,AUT,19.987,16,56,200428,,,Lori Mcneil,,170,USA,26.692,50,20,6-2 4-6 6-4,3,R64,,,,,,,,,,,,,,,,,,,
1990-905,US Open,Hard,128,G,,19900827,78,200595,,,Ann Grossman,,,USA,19.872,48,20,200462,,,Belinda Cordwell,L,175,NZL,24.931,105,11,6-2 6-3,3,R64,,,,,,,,,,,,,,,,,,,
1990-905,US Open,Hard,128,G,,19900827,79,200548,,,Patty Fendick,R,165,USA,25.408,46,22,200530,,,Radomira Zrubakova,R,169,SVK,19.669,52,20,6-2 6-3,3,R64,,,,,,,,,,,,,,,,,,,
1990-905,US Open,Hard,128,G,,19900827,80,200017,6,,Arantxa Sanchez Vicario,R,168,ESP,18.692,7,106,200679,,,Caroline Kuhlman,,,USA,24.006,479,0,6-1 6-2,3,R64,,,,,,,,,,,,,,,,,,,
1990-905,US Open,Hard,128,G,,19900827,81,200572,5,,Gabriela Sabatini,R,175,ARG,20.282,5,118,200621,,,Isabelle Demongeot,R,,FRA,23.940,73,14,6-1 6-1,3,R64,,,,,,,,,,,,,,,,,,,
1990-905,US Open,Hard,128,G,,19900827,82,200037,,,Sabine Appelmans,L,168,BEL,18.347,40,24,200506,,,Wiltrud Probst,R,170,GER,21.246,35,26,6-4 6-4,3,R64,,,,,,,,,,,,,,,,,,,
1990-905,US Open,Hard,128,G,,19900827,83,200602,,,Shaun Stafford,R,180,USA,21.703,124,8,200472,,,Helen Kelesi,R,,CAN,20.781,20,43,4-6 6-3 7-5,3,R64,,,,,,,,,,,,,,,,,,,
1990-905,US Open,Hard,128,G,,19900827,84,200377,11,,Helena Sukova,R,188,CZE,25.506,11,79,201021,,,Laura Garrone,R,166,ITA,22.782,57,18,6-3 6-0,3,R64,,,,,,,,,,,,,,,,,,,
1990-905,US Open,Hard,128,G,,19900827,85,200601,,,Leila Meskhi,R,164,GEO,22.642,21,42,200116,14,,Natalia Zvereva,R,174,BLR,19.365,12,75,6-4 6-0,3,R64,,,,,,,,,,,,,,,,,,,
1990-905,US Open,Hard,128,G,,19900827,86,201054,,,Katia Piccolini,R,168,ITA,17.613,85,13,200725,,,Sandra Cecchini,R,170,ITA,25.495,22,40,4-6 7-5 6-4,3,R64,,,,,,,,,,,,,,,,,,,
1990-905,US Open,Hard,128,G,,19900827,87,200705,,,Linda Ferrando,,170,ITA,24.622,82,13,200407,,,Camille Benjamin,L,175,USA,24.236,97,12,7-6(3) 6-2,3,R64,,,,,,,,,,,,,,,,,,,
1990-905,US Open,Hard,128,G,,19900827,88,200652,3,,Monica Seles,L,178,USA,16.734,3,182,200357,,,Rosalyn Fairbank,R,173,USA,29.816,25,39,6-2 6-2,3,R64,,,,,,,,,,,,,,,,,,,
1990-905,US Open,Hard,128,G,,19900827,89,200597,8,,Mary Joe Fernandez,R,175,USA,19.023,8,92,200089,,Q,Miriam Oremans,R,169,NED,17.963,219,2,6-4 6-1,3,R64,,,,,,,,,,,,,,,,,,,
1990-905,US Open,Hard,128,G,,19900827,90,200416,,,Robin White,R,164,USA,26.714,61,16,200112,,,Julie Halard Decugis,R,173,FRA,19.962,34,26,6-4 6-3,3,R64,,,,,,,,,,,,,,,,,,,
1990-905,US Open,Hard,128,G,,19900827,91,200450,,,Larisa Savchenko,,169,URS,24.102,30,29,200599,,,Carrie Cunningham,,,USA,18.330,108,11,6-4 6-4,3,R64,,,,,,,,,,,,,,,,,,,
1990-905,US Open,Hard,128,G,,19900827,92,200482,15,,Judith Wiesner,R,,AUT,24.488,15,60,200617,,,Kimiko Date Krumm,R,163,JPN,19.913,83,13,7-6(5) 6-1,3,R64,,,,,,,,,,,,,,,,,,,
1990-905,US Open,Hard,128,G,,19900827,93,200401,9,,Manuela Maleeva Fragniere,R,173,SUI,23.532,9,91,200669,,,Debbie Graham,R,183,USA,20.006,176,4,6-0 6-2,3,R64,,,,,,,,,,,,,,,,,,,
1990-905,US Open,Hard,128,G,,19900827,94,200494,,,Dianne Van Rensburg,R,,RSA,22.481,38,25,200366,,,Sylvia Hanika,L,173,GER,30.741,74,14,6-3 3-6 6-3,3,R64,,,,,,,,,,,,,,,,,,,
1990-905,US Open,Hard,128,G,,19900827,95,200589,,,Halle Cioffi,,,USA,21.060,68,15,200612,,,Natalia Medvedeva,R,176,UKR,18.782,79,14,7-5 6-2,3,R64,,,,,,,,,,,,,,,,,,,
1990-905,US Open,Hard,128,G,,19900827,96,200293,2,,Martina Navratilova,L,173,USA,33.857,2,235,200542,,Q,Clare Wood,R,,GBR,22.470,174,4,6-0 6-4,3,R64,,,,,,,,,,,,,,,,,,,
1990-905,US Open,Hard,128,G,,19900827,97,200455,7,,Katerina Maleeva,R,168,BUL,21.306,6,108,200422,,,Raffaella Reggi Concato,,170,ITA,24.748,23,40,6-4 6-0,3,R32,,,,,,,,,,,,,,,,,,,
1990-905,US Open,Hard,128,G,,19900827,98,200404,4,,Zina Garrison,R,164,USA,26.779,4,126,200587,,,Silke Meier,,,GER,22.122,133,8,6-4 6-3,3,R32,,,,,,,,,,,,,,,,,,,
1990-905,US Open,Hard,128,G,,19900827,99,200097,,,Nathalie Tauziat,R,165,FRA,22.862,17,51,200049,10,,Conchita Martinez,R,170,ESP,18.363,10,83,6-2 6-1,3,R32,,,,,,,,,,,,,,,,,,,
1990-905,US Open,Hard,128,G,,19900827,100,200604,16,,Barbara Paulus,R,177,AUT,19.987,16,56,200595,,,Ann Grossman,,,USA,19.872,48,20,6-4 6-3,3,R32,,,,,,,,,,,,,,,,,,,
1990-905,US Open,Hard,128,G,,19900827,101,200017,6,,Arantxa Sanchez Vicario,R,168,ESP,18.692,7,106,200548,,,Patty Fendick,R,165,USA,25.408,46,22,6-2 6-1,3,R32,,,,,,,,,,,,,,,,,,,
1990-905,US Open,Hard,128,G,,19900827,102,200572,5,,Gabriela Sabatini,R,175,ARG,20.282,5,118,200037,,,Sabine Appelmans,L,168,BEL,18.347,40,24,6-2 6-4,3,R32,,,,,,,,,,,,,,,,,,,
1990-905,US Open,Hard,128,G,,19900827,103,200377,11,,Helena Sukova,R,188,CZE,25.506,11,79,200602,,,Shaun Stafford,R,180,USA,21.703,124,8,7-5 6-1,3,R32,,,,,,,,,,,,,,,,,,,
1990-905,US Open,Hard,128,G,,19900827,104,200601,,,Leila Meskhi,R,164,GEO,22.642,21,42,201054,,,Katia Piccolini,R,168,ITA,17.613,85,13,6-2 4-6 7-6(2),3,R32,,,,,,,,,,,,,,,,,,,
1990-905,US Open,Hard,128,G,,19900827,105,200705,,,Linda Ferrando,,170,ITA,24.622,82,13,200652,3,,Monica Seles,L,178,USA,16.734,3,182,1-6 6-1 7-6(3),3,R32,,,,,,,,,,,,,,,,,,,
1990-905,US Open,Hard,128,G,,19900827,106,200597,8,,Mary Joe Fernandez,R,175,USA,19.023,8,92,200416,,,Robin White,R,164,USA,26.714,61,16,6-1 6-2,3,R32,,,,,,,,,,,,,,,,,,,
1990-905,US Open,Hard,128,G,,19900827,107,200482,15,,Judith Wiesner,R,,AUT,24.488,15,60,200450,,,Larisa Savchenko,,169,URS,24.102,30,29,6-1 6-3,3,R32,,,,,,,,,,,,,,,,,,,
1990-905,US Open,Hard,128,G,,19900827,108,200401,9,,Manuela Maleeva Fragniere,R,173,SUI,23.532,9,91,200494,,,Dianne Van Rensburg,R,,RSA,22.481,38,25,6-1 6-0,3,R32,,,,,,,,,,,,,,,,,,,
1990-905,US Open,Hard,128,G,,19900827,109,200293,2,,Martina Navratilova,L,173,USA,33.857,2,235,200589,,,Halle Cioffi,,,USA,21.060,68,15,6-2 6-2,3,R32,,,,,,,,,,,,,,,,,,,
1990-905,US Open,Hard,128,G,,19900827,110,200414,1,,Steffi Graf,R,175,GER,21.202,1,300,200481,,,Elna Reinach,,,RSA,21.734,121,9,6-4 3-6 6-1,3,R32,,,,,,,,,,,,,,,,,,,
1990-905,US Open,Hard,128,G,,19900827,111,200077,13,,Jennifer Capriati,R,170,USA,14.412,14,71,200582,,,Maria Strandlund Tomsvik,,,SWE,21.027,137,7,6-1 6-4,3,R32,,,,,,,,,,,,,,,,,,,
1990-905,US Open,Hard,128,G,,19900827,112,200539,12,,Jana Novotna,R,175,CZE,21.901,13,73,200630,,,Laura Arraya,R,173,PER,26.623,19,43,6-3 6-1,3,R32,,,,,,,,,,,,,,,,,,,
1990-905,US Open,Hard,128,G,,19900827,113,200414,1,,Steffi Graf,R,175,GER,21.202,1,300,200077,13,,Jennifer Capriati,R,170,USA,14.412,14,71,6-1 6-2,3,R16,,,,,,,,,,,,,,,,,,,
1990-905,US Open,Hard,128,G,,19900827,114,200539,12,,Jana Novotna,R,175,CZE,21.901,13,73,200455,7,,Katerina Maleeva,R,168,BUL,21.306,6,108,6-4 6-2,3,R16,,,,,,,,,,,,,,,,,,,
1990-905,US Open,Hard,128,G,,19900827,115,200404,4,,Zina Garrison,R,164,USA,26.779,4,126,200097,,,Nathalie Tauziat,R,165,FRA,22.862,17,51,6-1 7-5,3,R16,,,,,,,,,,,,,,,,,,,
1990-905,US Open,Hard,128,G,,19900827,116,200017,6,,Arantxa Sanchez Vicario,R,168,ESP,18.692,7,106,200604,16,,Barbara Paulus,R,177,AUT,19.987,16,56,6-4 6-3,3,R16,,,,,,,,,,,,,,,,,,,
1990-905,US Open,Hard,128,G,,19900827,117,200572,5,,Gabriela Sabatini,R,175,ARG,20.282,5,118,200377,11,,Helena Sukova,R,188,CZE,25.506,11,79,6-2 6-1,3,R16,,,,,,,,,,,,,,,,,,,
1990-905,US Open,Hard,128,G,,19900827,118,200601,,,Leila Meskhi,R,164,GEO,22.642,21,42,200705,,,Linda Ferrando,,170,ITA,24.622,82,13,7-6(4) 6-1,3,R16,,,,,,,,,,,,,,,,,,,
1990-905,US Open,Hard,128,G,,19900827,119,200597,8,,Mary Joe Fernandez,R,175,USA,19.023,8,92,200482,15,,Judith Wiesner,R,,AUT,24.488,15,60,6-3 6-2,3,R16,,,,,,,,,,,,,,,,,,,
1990-905,US Open,Hard,128,G,,19900827,120,200401,9,,Manuela Maleeva Fragniere,R,173,SUI,23.532,9,91,200293,2,,Martina Navratilova,L,173,USA,33.857,2,235,7-5 3-6 6-3,3,R16,,,,,,,,,,,,,,,,,,,
1990-905,US Open,Hard,128,G,,19900827,121,200414,1,,Steffi Graf,R,175,GER,21.202,1,300,200539,12,,Jana Novotna,R,175,CZE,21.901,13,73,6-3 6-1,3,QF,,,,,,,,,,,,,,,,,,,
1990-905,US Open,Hard,128,G,,19900827,122,200017,6,,Arantxa Sanchez Vicario,R,168,ESP,18.692,7,106,200404,4,,Zina Garrison,R,164,USA,26.779,4,126,6-2 6-2,3,QF,,,,,,,,,,,,,,,,,,,
1990-905,US Open,Hard,128,G,,19900827,123,200572,5,,Gabriela Sabatini,R,175,ARG,20.282,5,118,200601,,,Leila Meskhi,R,164,GEO,22.642,21,42,7-6(5) 6-4,3,QF,,,,,,,,,,,,,,,,,,,
1990-905,US Open,Hard,128,G,,19900827,124,200597,8,,Mary Joe Fernandez,R,175,USA,19.023,8,92,200401,9,,Manuela Maleeva Fragniere,R,173,SUI,23.532,9,91,6-2 2-6 6-1,3,QF,,,,,,,,,,,,,,,,,,,
1990-905,US Open,Hard,128,G,,19900827,125,200414,1,,Steffi Graf,R,175,GER,21.202,1,300,200017,6,,Arantxa Sanchez Vicario,R,168,ESP,18.692,7,106,6-1 6-2,3,SF,,,,,,,,,,,,,,,,,,,
1990-905,US Open,Hard,128,G,,19900827,126,200572,5,,Gabriela Sabatini,R,175,ARG,20.282,5,118,200597,8,,Mary Joe Fernandez,R,175,USA,19.023,8,92,7-5 5-7 6-3,3,SF,,,,,,,,,,,,,,,,,,,
1990-905,US Open,Hard,128,G,,19900827,127,200572,5,,Gabriela Sabatini,R,175,ARG,20.282,5,118,200414,1,,Steffi Graf,R,175,GER,21.202,1,300,6-2 7-6(4),3,F,,,,,,,,,,,,,,,,,,,
1990-531,Kitzbuhel,Clay,32,T5,,19900910,1,200482,1,,Judith Wiesner,R,,AUT,24.526,15,63,200587,,,Silke Meier,,,GER,22.161,119,9,6-3 6-4,3,R32,,,,,,,,,,,,,,,,,,,
1990-531,Kitzbuhel,Clay,32,T5,,19900910,2,200500,,,Pilar Vasquez,,,PER,27.324,147,6,202066,,,Sandra Reichel,,,AUT,19.215,580,0,6-1 6-1,3,R32,,,,,,,,,,,,,,,,,,,
1990-531,Kitzbuhel,Clay,32,T5,,19900910,3,201040,,,Luciana Corsato Owsianka,,,BRA,24.636,187,4,200487,,,Eva Krapl,R,180,SUI,24.649,192,3,2-6 7-5 6-3,3,R32,,,,,,,,,,,,,,,,,,,
1990-531,Kitzbuhel,Clay,32,T5,,19900910,4,200561,4,,Cathy Caverzasio,,,SUI,17.950,42,24,201042,,,Andrea Tiezzi,,,ARG,25.788,165,5,6-1 6-3,3,R32,,,,,,,,,,,,,,,,,,,
1990-531,Kitzbuhel,Clay,32,T5,,19900910,5,200666,,,Marion Maruska,R,172,AUT,17.736,195,3,200641,6,,Patricia Tarabini,R,165,ARG,22.095,69,14,6-4 1-6 6-4,3,R32,,,,,,,,,,,,,,,,,,,
1990-531,Kitzbuhel,Clay,32,T5,,19900910,6,200398,,,Iva Budarova,,,TCH,30.112,177,4,201047,,,Andrea Vieira,,,BRA,19.595,149,6,6-0 6-4,3,R32,,,,,,,,,,,,,,,,,,,
1990-531,Kitzbuhel,Clay,32,T5,,19900910,7,200649,,Q,Ginger Helgeson,R,,USA,21.988,263,1,200026,,,Florencia Labat,L,170,ARG,19.247,101,11,6-3 3-6 6-4,3,R32,,,,,,,,,,,,,,,,,,,
1990-531,Kitzbuhel,Clay,32,T5,,19900910,8,200725,3,,Sandra Cecchini,R,170,ITA,25.534,24,41,202067,,Q,Alice Nohacova,,,TCH,23.226,452,0,6-0 6-7 6-0,3,R32,,,,,,,,,,,,,,,,,,,
1990-531,Kitzbuhel,Clay,32,T5,,19900910,9,200669,,,Debbie Graham,R,183,USA,20.044,159,5,201066,,Q,Neus Avila Bonastre,,,ESP,19.127,279,1,6-2 6-3,3,R32,,,,,,,,,,,,,,,,,,,
1990-531,Kitzbuhel,Clay,32,T5,,19900910,10,201044,,,Catherine Mothes Jobkel,,,FRA,20.261,96,11,202064,,Q,Nike Dobrovits,,,AUT,16.772,276,1,6-3 6-7 6-2,3,R32,,,,,,,,,,,,,,,,,,,
1990-531,Kitzbuhel,Clay,32,T5,,19900910,11,200569,7,,Petra Langrova,,,TCH,20.206,74,14,202065,,Q,Henrike Kadzidroga,,,GER,19.280,232,2,6-4 6-2,3,R32,,,,,,,,,,,,,,,,,,,
1990-531,Kitzbuhel,Clay,32,T5,,19900910,12,200650,3,,Isabel Cueto,R,,GER,21.769,25,37,201760,,Q,Heidi Sprung,,,AUT,21.665,241,2,6-3 6-4,3,R32,,,,,,,,,,,,,,,,,,,
1990-531,Kitzbuhel,Clay,32,T5,,19900910,13,200570,,,Veronika Martinek,,160,GER,18.437,130,8,200674,,,Bettina Fulco,R,,ARG,21.881,99,11,6-2 4-6 7-6,3,R32,,,,,,,,,,,,,,,,,,,
1990-531,Kitzbuhel,Clay,32,T5,,19900910,14,201965,,Q,Sabrina Giusto,,,BRA,19.028,197,3,201802,,,Ulrike Priller,,,AUT,17.676,200,3,3-6 6-2 6-3,3,R32,,,,,,,,,,,,,,,,,,,
1990-531,Kitzbuhel,Clay,32,T5,,19900910,15,200105,5,,Rachel Mcquillan,,170,AUS,18.774,39,24,201049,,,Denisa Krajcovicova,,173,SVK,21.895,167,5,2-6 7-5 6-2,3,R32,,,,,,,,,,,,,,,,,,,
1990-531,Kitzbuhel,Clay,32,T5,,19900910,16,200354,8,,Claudia Kohde Kilsch,R,187,GER,26.749,80,13,200686,,,Sandra Dopfer,,174,AUT,20.296,146,6,6-1 6-3,3,R32,,,,,,,,,,,,,,,,,,,
1990-531,Kitzbuhel,Clay,32,T5,,19900910,17,200482,1,,Judith Wiesner,R,,AUT,24.526,15,63,200669,,,Debbie Graham,R,183,USA,20.044,159,5,6-1 6-1,3,R16,,,,,,,,,,,,,,,,,,,
1990-531,Kitzbuhel,Clay,32,T5,,19900910,18,200569,7,,Petra Langrova,,,TCH,20.206,74,14,201044,,,Catherine Mothes Jobkel,,,FRA,20.261,96,11,6-3 6-2,3,R16,,,,,,,,,,,,,,,,,,,
1990-531,Kitzbuhel,Clay,32,T5,,19900910,19,200570,,,Veronika Martinek,,160,GER,18.437,130,8,200650,3,,Isabel Cueto,R,,GER,21.769,25,37,6-2 3-6 6-3,3,R16,,,,,,,,,,,,,,,,,,,
1990-531,Kitzbuhel,Clay,32,T5,,19900910,20,200105,5,,Rachel Mcquillan,,170,AUS,18.774,39,24,201965,,Q,Sabrina Giusto,,,BRA,19.028,197,3,6-2 6-1,3,R16,,,,,,,,,,,,,,,,,,,
1990-531,Kitzbuhel,Clay,32,T5,,19900910,21,200354,8,,Claudia Kohde Kilsch,R,187,GER,26.749,80,13,200500,,,Pilar Vasquez,,,PER,27.324,147,6,4-6 6-4 7-6,3,R16,,,,,,,,,,,,,,,,,,,
1990-531,Kitzbuhel,Clay,32,T5,,19900910,22,200561,4,,Cathy Caverzasio,,,SUI,17.950,42,24,201040,,,Luciana Corsato Owsianka,,,BRA,24.636,187,4,6-0 6-7 7-6,3,R16,,,,,,,,,,,,,,,,,,,
1990-531,Kitzbuhel,Clay,32,T5,,19900910,23,200398,,,Iva Budarova,,,TCH,30.112,177,4,200666,,,Marion Maruska,R,172,AUT,17.736,195,3,6-0 6-4,3,R16,,,,,,,,,,,,,,,,,,,
1990-531,Kitzbuhel,Clay,32,T5,,19900910,24,200725,3,,Sandra Cecchini,R,170,ITA,25.534,24,41,200649,,Q,Ginger Helgeson,R,,USA,21.988,263,1,6-2 6-0,3,R16,,,,,,,,,,,,,,,,,,,
1990-531,Kitzbuhel,Clay,32,T5,,19900910,25,200482,1,,Judith Wiesner,R,,AUT,24.526,15,63,200569,7,,Petra Langrova,,,TCH,20.206,74,14,6-2 3-6 6-2,3,QF,,,,,,,,,,,,,,,,,,,
1990-531,Kitzbuhel,Clay,32,T5,,19900910,26,200105,5,,Rachel Mcquillan,,170,AUS,18.774,39,24,200570,,,Veronika Martinek,,160,GER,18.437,130,8,6-2 7-5,3,QF,,,,,,,,,,,,,,,,,,,
1990-531,Kitzbuhel,Clay,32,T5,,19900910,27,200354,8,,Claudia Kohde Kilsch,R,187,GER,26.749,80,13,200561,4,,Cathy Caverzasio,,,SUI,17.950,42,24,6-1 6-4,3,QF,,,,,,,,,,,,,,,,,,,
1990-531,Kitzbuhel,Clay,32,T5,,19900910,28,200725,3,,Sandra Cecchini,R,170,ITA,25.534,24,41,200398,,,Iva Budarova,,,TCH,30.112,177,4,6-3 6-1,3,QF,,,,,,,,,,,,,,,,,,,
1990-531,Kitzbuhel,Clay,32,T5,,19900910,29,200105,5,,Rachel Mcquillan,,170,AUS,18.774,39,24,200482,1,,Judith Wiesner,R,,AUT,24.526,15,63,7-6 6-3,3,SF,,,,,,,,,,,,,,,,,,,
1990-531,Kitzbuhel,Clay,32,T5,,19900910,30,200354,8,,Claudia Kohde Kilsch,R,187,GER,26.749,80,13,200725,3,,Sandra Cecchini,R,170,ITA,25.534,24,41,6-4 5-7 7-5,3,SF,,,,,,,,,,,,,,,,,,,
1990-531,Kitzbuhel,Clay,32,T5,,19900910,31,200354,8,,Claudia Kohde Kilsch,R,187,GER,26.749,80,13,200105,5,,Rachel Mcquillan,,170,AUS,18.774,39,24,7-6 6-4,3,F,,,,,,,,,,,,,,,,,,,
1990-407,Athens,Clay,32,T5,,19900910,1,200651,1,,Sabine Hack,,170,GER,21.164,56,18,200620,,,Kirrily Sharpe,L,,AUS,17.539,154,5,6-3 6-3,3,R32,,,,,,,,,,,,,,,,,,,
1990-407,Athens,Clay,32,T5,,19900910,2,200661,,,Samantha Smith,R,,GBR,18.788,142,6,201739,,,Petra Schmitt,,,HUN,18.881,592,0,6-2 6-4,3,R32,,,,,,,,,,,,,,,,,,,
1990-407,Athens,Clay,32,T5,,19900910,3,200646,,,Francesca Romano,,,ITA,19.590,92,12,201733,,LL,Lorenza Jachia,,,ITA,21.879,214,3,6-4 7-6,3,R32,,,,,,,,,,,,,,,,,,,
1990-407,Athens,Clay,32,T5,,19900910,4,200573,4,,Cecilia Dahlman,R,178,SWE,22.131,78,14,201740,,Q,Christiane Hofmann,,,GER,21.744,253,2,6-1 6-0,3,R32,,,,,,,,,,,,,,,,,,,
1990-407,Athens,Clay,32,T5,,19900910,5,200614,5,,Elena Pampoulova,,,BUL,18.317,,,200535,,,Jo Anne Faull,,,AUS,19.658,185,4,7-5 3-6 6-3,3,R32,,,,,,,,,,,,,,,,,,,
1990-407,Athens,Clay,32,T5,,19900910,6,200096,,,Mary Pierce,R,178,FRA,15.653,136,7,201718,,,Akiko Gooden,,,USA,18.571,166,5,6-4 6-1,3,R32,,,,,,,,,,,,,,,,,,,
1990-407,Athens,Clay,32,T5,,19900910,7,200579,,,Karin Kschwendt,R,175,AUT,21.988,138,7,201052,,,Federica Haumuller,,,ARG,17.764,117,10,6-3 7-6,3,R32,,,,,,,,,,,,,,,,,,,
1990-407,Athens,Clay,32,T5,,19900910,8,200623,,Q,Petra Thoren,,,FIN,21.090,179,4,201021,2,,Laura Garrone,R,166,ITA,22.820,55,19,6-2 7-6,3,R32,,,,,,,,,,,,,,,,,,,
1990-407,Athens,Clay,32,T5,,19900910,9,200668,,,Silke Frankl,,,GER,20.285,157,5,200628,,,Sabrina Goles,,,YUG,25.271,180,4,6-3 6-2,3,R32,,,,,,,,,,,,,,,,,,,
1990-407,Athens,Clay,32,T5,,19900910,10,201043,,,Barbara Romano,,,ITA,25.654,139,7,201048,,,Leona Laskova,,,CZE,20.428,206,3,1-6 6-4 6-1,3,R32,,,,,,,,,,,,,,,,,,,
1990-407,Athens,Clay,32,T5,,19900910,11,200586,6,,Federica Bonsignori,,,ITA,22.807,81,13,200615,,,Kristin Godridge,,,HKG,17.588,148,6,6-0 6-7 6-0,3,R32,,,,,,,,,,,,,,,,,,,
1990-407,Athens,Clay,32,T5,,19900910,12,200626,3,,Emanuela Zardo,L,,SUI,20.381,65,16,201017,,,Angelika Kanellopoulou,R,,GRE,24.729,108,10,6-1 6-3,3,R32,,,,,,,,,,,,,,,,,,,
1990-407,Athens,Clay,32,T5,,19900910,13,201738,,Q,Julia Apostoli,R,,GRE,26.076,297,1,200523,,,Olga Tsarbopoulou,,170,GRE,22.226,,,6-2 7-6,3,R32,,,,,,,,,,,,,,,,,,,
1990-407,Athens,Clay,32,T5,,19900910,14,200625,,,Jana Pospisilova,,,CZE,20.469,113,10,200687,,Q,Katarzyna Nowak,,173,POL,21.657,191,3,6-2 6-3,3,R32,,,,,,,,,,,,,,,,,,,
1990-407,Athens,Clay,32,T5,,19900910,15,201054,7,,Katia Piccolini,R,168,ITA,17.651,72,14,200663,,,Nanne Dahlman,,163,FIN,20.009,171,4,6-0 7-6,3,R32,,,,,,,,,,,,,,,,,,,
1990-407,Athens,Clay,32,T5,,19900910,16,200486,8,,Csilla Cserepy,,,SUI,24.452,85,13,200574,,,Eva Sviglerova,,,CZE,19.163,112,10,6-4 7-6,3,R32,,,,,,,,,,,,,,,,,,,
1990-407,Athens,Clay,32,T5,,19900910,17,200651,1,,Sabine Hack,,170,GER,21.164,56,18,200668,,,Silke Frankl,,,GER,20.285,157,5,2-6 6-3 6-3,3,R16,,,,,,,,,,,,,,,,,,,
1990-407,Athens,Clay,32,T5,,19900910,18,200586,6,,Federica Bonsignori,,,ITA,22.807,81,13,201043,,,Barbara Romano,,,ITA,25.654,139,7,7-6 6-4,3,R16,,,,,,,,,,,,,,,,,,,
1990-407,Athens,Clay,32,T5,,19900910,19,200626,3,,Emanuela Zardo,L,,SUI,20.381,65,16,201738,,Q,Julia Apostoli,R,,GRE,26.076,297,1,6-3 6-0,3,R16,,,,,,,,,,,,,,,,,,,
1990-407,Athens,Clay,32,T5,,19900910,20,201054,7,,Katia Piccolini,R,168,ITA,17.651,72,14,200625,,,Jana Pospisilova,,,CZE,20.469,113,10,6-4 6-4,3,R16,,,,,,,,,,,,,,,,,,,
1990-407,Athens,Clay,32,T5,,19900910,21,200661,,,Samantha Smith,R,,GBR,18.788,142,6,200486,8,,Csilla Cserepy,,,SUI,24.452,85,13,4-6 6-2 6-4,3,R16,,,,,,,,,,,,,,,,,,,
1990-407,Athens,Clay,32,T5,,19900910,22,200573,4,,Cecilia Dahlman,R,178,SWE,22.131,78,14,200646,,,Francesca Romano,,,ITA,19.590,92,12,6-3 3-6 6-3,3,R16,,,,,,,,,,,,,,,,,,,
1990-407,Athens,Clay,32,T5,,19900910,23,200096,,,Mary Pierce,R,178,FRA,15.653,136,7,200614,5,,Elena Pampoulova,,,BUL,18.317,,,6-1 6-2,3,R16,,,,,,,,,,,,,,,,,,,
1990-407,Athens,Clay,32,T5,,19900910,24,200623,,Q,Petra Thoren,,,FIN,21.090,179,4,200579,,,Karin Kschwendt,R,175,AUT,21.988,138,7,6-3 6-4,3,R16,,,,,,,,,,,,,,,,,,,
1990-407,Athens,Clay,32,T5,,19900910,25,200586,6,,Federica Bonsignori,,,ITA,22.807,81,13,200651,1,,Sabine Hack,,170,GER,21.164,56,18,6-3 3-6 7-6,3,QF,,,,,,,,,,,,,,,,,,,
1990-407,Athens,Clay,32,T5,,19900910,26,201054,7,,Katia Piccolini,R,168,ITA,17.651,72,14,200626,3,,Emanuela Zardo,L,,SUI,20.381,65,16,6-7 7-6 6-0,3,QF,,,,,,,,,,,,,,,,,,,
1990-407,Athens,Clay,32,T5,,19900910,27,200573,4,,Cecilia Dahlman,R,178,SWE,22.131,78,14,200661,,,Samantha Smith,R,,GBR,18.788,142,6,6-1 6-4,3,QF,,,,,,,,,,,,,,,,,,,
1990-407,Athens,Clay,32,T5,,19900910,28,200096,,,Mary Pierce,R,178,FRA,15.653,136,7,200623,,Q,Petra Thoren,,,FIN,21.090,179,4,6-1 6-1,3,QF,,,,,,,,,,,,,,,,,,,
1990-407,Athens,Clay,32,T5,,19900910,29,201054,7,,Katia Piccolini,R,168,ITA,17.651,72,14,200586,6,,Federica Bonsignori,,,ITA,22.807,81,13,6-2 6-3,3,SF,,,,,,,,,,,,,,,,,,,
1990-407,Athens,Clay,32,T5,,19900910,30,200573,4,,Cecilia Dahlman,R,178,SWE,22.131,78,14,200096,,,Mary Pierce,R,178,FRA,15.653,136,7,6-4 3-6 6-4,3,SF,,,,,,,,,,,,,,,,,,,
1990-407,Athens,Clay,32,T5,,19900910,31,200573,4,,Cecilia Dahlman,R,178,SWE,22.131,78,14,201054,7,,Katia Piccolini,R,168,ITA,17.651,72,14,7-5 7-5,3,F,,,,,,,,,,,,,,,,,,,
1990-417,Paris,Clay,32,T4,,19900917,1,200049,1,,Conchita Martinez,R,170,ESP,18.421,14,68,200593,,,Karine Quentrec,,,FRA,20.907,82,14,6-1 6-3,3,R32,,,,,,,,,,,,,,,,,,,
1990-417,Paris,Clay,32,T4,,19900917,2,200641,,,Patricia Tarabini,R,165,ARG,22.114,73,14,200626,,,Emanuela Zardo,L,,SUI,20.400,61,17,6-4 6-0,3,R32,,,,,,,,,,,,,,,,,,,
1990-417,Paris,Clay,32,T4,,19900917,3,200569,,,Petra Langrova,,,TCH,20.225,69,15,200016,,,Sandrine Testud,R,176,FRA,18.456,212,3,5-7 6-4 7-5,3,R32,,,,,,,,,,,,,,,,,,,
1990-417,Paris,Clay,32,T4,,19900917,4,201021,,,Laura Garrone,R,166,ITA,22.840,67,16,200650,3,,Isabel Cueto,R,,GER,21.788,26,38,4-6 6-2 6-3,3,R32,,,,,,,,,,,,,,,,,,,
1990-417,Paris,Clay,32,T4,,19900917,5,200605,7,,Regina Rajchrtova,,,TCH,22.615,47,20,200573,,,Cecilia Dahlman,R,178,SWE,22.150,83,13,6-2 6-1,3,R32,,,,,,,,,,,,,,,,,,,
1990-417,Paris,Clay,32,T4,,19900917,6,201040,,LL,Luciana Corsato Owsianka,,,BRA,24.655,175,4,202065,,LL,Henrike Kadzidroga,,,GER,19.300,230,2,2-6 6-1 7-5,3,R32,,,,,,,,,,,,,,,,,,,
1990-417,Paris,Clay,32,T4,,19900917,7,200021,,,Alexia Dechaume Balleret,R,,FRA,20.376,89,12,200625,,,Jana Pospisilova,,,CZE,20.488,106,10,7-5 6-3,3,R32,,,,,,,,,,,,,,,,,,,
1990-417,Paris,Clay,32,T4,,19900917,8,200725,2,,Sandra Cecchini,R,170,ITA,25.553,22,42,200547,,,Sandra Wasserman,R,173,BEL,20.523,91,12,5-7 6-4 7-5,3,R32,,,,,,,,,,,,,,,,,,,
1990-417,Paris,Clay,32,T4,,19900917,9,200576,,,Nathalie Herreman,L,,FRA,24.474,58,18,200519,,LL,Sybille Niox Chateau,,,FRA,20.912,227,2,2-6 6-3 6-1,3,R32,,,,,,,,,,,,,,,,,,,
1990-417,Paris,Clay,32,T4,,19900917,10,200614,,,Elena Pampoulova,,,BUL,18.336,,,200687,,Q,Katarzyna Nowak,,173,POL,21.676,198,3,7-6 6-4,3,R32,,,,,,,,,,,,,,,,,,,
1990-417,Paris,Clay,32,T4,,19900917,11,200105,5,,Rachel Mcquillan,,170,AUS,18.793,41,25,200586,,,Federica Bonsignori,,,ITA,22.826,71,15,6-1 3-6 6-3,3,R32,,,,,,,,,,,,,,,,,,,
1990-417,Paris,Clay,32,T4,,19900917,12,200112,4,,Julie Halard Decugis,R,173,FRA,20.020,35,27,201051,,,Laura Lapi,,,ITA,20.020,75,14,6-4 6-2,3,R32,,,,,,,,,,,,,,,,,,,
1990-417,Paris,Clay,32,T4,,19900917,13,201017,,,Angelika Kanellopoulou,R,,GRE,24.748,126,8,202119,,Q,Olivia Fery,,,HKG,17.391,430,0,7-5 6-1,3,R32,,,,,,,,,,,,,,,,,,,
1990-417,Paris,Clay,32,T4,,19900917,14,200651,,,Sabine Hack,,170,GER,21.183,51,20,200019,,Q,Alexandra Fusai,R,176,FRA,16.819,310,1,7-6 6-2,3,R32,,,,,,,,,,,,,,,,,,,
1990-417,Paris,Clay,32,T4,,19900917,15,200669,,Q,Debbie Graham,R,183,USA,20.063,146,6,200550,,LL,Emmanuelle Derly,,,FRA,20.384,363,1,6-4 4-6 6-3,3,R32,,,,,,,,,,,,,,,,,,,
1990-417,Paris,Clay,32,T4,,19900917,16,200646,,,Francesca Romano,,,ITA,19.609,114,9,200561,6,,Cathy Caverzasio,,,SUI,17.969,37,26,6-4 2-3 RET,3,R32,,,,,,,,,,,,,,,,,,,
1990-417,Paris,Clay,32,T4,,19900917,17,200049,1,,Conchita Martinez,R,170,ESP,18.421,14,68,200576,,,Nathalie Herreman,L,,FRA,24.474,58,18,6-1 6-3,3,R16,,,,,,,,,,,,,,,,,,,
1990-417,Paris,Clay,32,T4,,19900917,18,200105,5,,Rachel Mcquillan,,170,AUS,18.793,41,25,200614,,,Elena Pampoulova,,,BUL,18.336,,,6-2 6-4,3,R16,,,,,,,,,,,,,,,,,,,
1990-417,Paris,Clay,32,T4,,19900917,19,200112,4,,Julie Halard Decugis,R,173,FRA,20.020,35,27,201017,,,Angelika Kanellopoulou,R,,GRE,24.748,126,8,4-6 6-3 6-3,3,R16,,,,,,,,,,,,,,,,,,,
1990-417,Paris,Clay,32,T4,,19900917,20,200669,,Q,Debbie Graham,R,183,USA,20.063,146,6,200651,,,Sabine Hack,,170,GER,21.183,51,20,6-3 3-6 6-4,3,R16,,,,,,,,,,,,,,,,,,,
1990-417,Paris,Clay,32,T4,,19900917,21,200641,,,Patricia Tarabini,R,165,ARG,22.114,73,14,200646,,,Francesca Romano,,,ITA,19.609,114,9,6-4 6-4,3,R16,,,,,,,,,,,,,,,,,,,
1990-417,Paris,Clay,32,T4,,19900917,22,200569,,,Petra Langrova,,,TCH,20.225,69,15,201021,,,Laura Garrone,R,166,ITA,22.840,67,16,6-4 4-6 6-1,3,R16,,,,,,,,,,,,,,,,,,,
1990-417,Paris,Clay,32,T4,,19900917,23,200605,7,,Regina Rajchrtova,,,TCH,22.615,47,20,201040,,LL,Luciana Corsato Owsianka,,,BRA,24.655,175,4,6-2 6-0,3,R16,,,,,,,,,,,,,,,,,,,
1990-417,Paris,Clay,32,T4,,19900917,24,200725,2,,Sandra Cecchini,R,170,ITA,25.553,22,42,200021,,,Alexia Dechaume Balleret,R,,FRA,20.376,89,12,6-4 7-5,3,R16,,,,,,,,,,,,,,,,,,,
1990-417,Paris,Clay,32,T4,,19900917,25,200049,1,,Conchita Martinez,R,170,ESP,18.421,14,68,200105,5,,Rachel Mcquillan,,170,AUS,18.793,41,25,6-4 6-3,3,QF,,,,,,,,,,,,,,,,,,,
1990-417,Paris,Clay,32,T4,,19900917,26,200112,4,,Julie Halard Decugis,R,173,FRA,20.020,35,27,200669,,Q,Debbie Graham,R,183,USA,20.063,146,6,6-7 6-2 6-3,3,QF,,,,,,,,,,,,,,,,,,,
1990-417,Paris,Clay,32,T4,,19900917,27,200641,,,Patricia Tarabini,R,165,ARG,22.114,73,14,200569,,,Petra Langrova,,,TCH,20.225,69,15,6-4 6-3,3,QF,,,,,,,,,,,,,,,,,,,
1990-417,Paris,Clay,32,T4,,19900917,28,200725,2,,Sandra Cecchini,R,170,ITA,25.553,22,42,200605,7,,Regina Rajchrtova,,,TCH,22.615,47,20,3-6 6-1 6-4,3,QF,,,,,,,,,,,,,,,,,,,
1990-417,Paris,Clay,32,T4,,19900917,29,200049,1,,Conchita Martinez,R,170,ESP,18.421,14,68,200112,4,,Julie Halard Decugis,R,173,FRA,20.020,35,27,6-1 6-2,3,SF,,,,,,,,,,,,,,,,,,,
1990-417,Paris,Clay,32,T4,,19900917,30,200641,,,Patricia Tarabini,R,165,ARG,22.114,73,14,200725,2,,Sandra Cecchini,R,170,ITA,25.553,22,42,6-4 7-5,3,SF,,,,,,,,,,,,,,,,,,,
1990-417,Paris,Clay,32,T4,,19900917,31,200049,1,,Conchita Martinez,R,170,ESP,18.421,14,68,200641,,,Patricia Tarabini,R,165,ARG,22.114,73,14,7-5 6-3,3,F,,,,,,,,,,,,,,,,,,,
1990-328,Bayonne,Carpet,32,T5,,19900924,1,200404,1,,Zina Garrison,R,164,USA,26.856,5,120,201053,,Q,Sylvie Sabas,,,FRA,18.596,302,1,6-3 6-3,3,R32,,,,,,,,,,,,,,,,,,,
1990-328,Bayonne,Carpet,32,T5,,19900924,2,200532,,,Maider Laval,,,FRA,20.354,175,4,200520,,,Sarah Loosemore,,,GBR,19.278,79,14,6-1 6-2,3,R32,,,,,,,,,,,,,,,,,,,
1990-328,Bayonne,Carpet,32,T5,,19900924,3,200647,,Q,Noelle Van Lottum,,170,FRA,18.202,173,4,200616,,,Pascale Etchemendy,,,FRA,24.302,151,6,6-4 6-2,3,R32,,,,,,,,,,,,,,,,,,,
1990-328,Bayonne,Carpet,32,T5,,19900924,4,200037,4,,Sabine Appelmans,L,168,BEL,18.423,38,25,201044,,,Catherine Mothes Jobkel,,,FRA,20.299,94,12,6-1 6-2,3,R32,,,,,,,,,,,,,,,,,,,
1990-328,Bayonne,Carpet,32,T5,,19900924,5,200705,7,,Linda Ferrando,,170,ITA,24.699,56,19,201051,,,Laura Lapi,,,ITA,20.039,81,13,7-5 6-2,3,R32,,,,,,,,,,,,,,,,,,,
1990-328,Bayonne,Carpet,32,T5,,19900924,6,200573,,,Cecilia Dahlman,R,178,SWE,22.169,84,13,201805,,Q,Pilar Perez,,,ESP,17.005,282,1,6-2 6-1,3,R32,,,,,,,,,,,,,,,,,,,
1990-328,Bayonne,Carpet,32,T5,,19900924,7,200547,,,Sandra Wasserman,R,173,BEL,20.543,90,12,200486,,,Csilla Cserepy,,,SUI,24.491,80,14,6-3 6-2,3,R32,,,,,,,,,,,,,,,,,,,
1990-328,Bayonne,Carpet,32,T5,,19900924,8,200097,2,,Nathalie Tauziat,R,165,FRA,22.938,17,55,200582,,,Maria Strandlund Tomsvik,,,SWE,21.104,130,8,6-4 6-2,3,R32,,,,,,,,,,,,,,,,,,,
1990-328,Bayonne,Carpet,32,T5,,19900924,9,200021,,,Alexia Dechaume Balleret,R,,FRA,20.395,87,12,201052,,,Federica Haumuller,,,ARG,17.802,125,8,6-4 4-6 7-6,3,R32,,,,,,,,,,,,,,,,,,,
1990-328,Bayonne,Carpet,32,T5,,19900924,10,200441,,,Louise Field,,,AUS,23.579,121,8,201804,,,Claudia Chabalgoity,,,BRA,19.535,141,7,6-3 6-3,3,R32,,,,,,,,,,,,,,,,,,,
1990-328,Bayonne,Carpet,32,T5,,19900924,11,200081,8,,Anke Huber,R,173,GER,15.806,61,18,200565,,LL,Nathalie Guerree Spitzer,,,FRA,22.215,184,4,6-2 6-3,3,R32,,,,,,,,,,,,,,,,,,,
1990-328,Bayonne,Carpet,32,T5,,19900924,12,200615,,,Kristin Godridge,,,HKG,17.627,148,6,200630,3,,Laura Arraya,R,173,PER,26.700,20,44,4-6 6-4 6-2,3,R32,,,,,,,,,,,,,,,,,,,
1990-328,Bayonne,Carpet,32,T5,,19900924,13,200395,,,Catherine Tanvier,R,174,FRA,25.326,109,10,200663,,Q,Nanne Dahlman,,163,FIN,20.047,166,5,7-5 6-2,3,R32,,,,,,,,,,,,,,,,,,,
1990-328,Bayonne,Carpet,32,T5,,19900924,14,200421,,,Pascale Paradis Mangon,R,,FRA,24.419,215,3,200579,,,Karin Kschwendt,R,175,AUT,22.026,122,8,7-6 1-6 6-4,3,R32,,,,,,,,,,,,,,,,,,,
1990-328,Bayonne,Carpet,32,T5,,19900924,15,200535,,LL,Jo Anne Faull,,,AUS,19.697,194,3,200587,,,Silke Meier,,,GER,22.199,124,8,6-1 6-4,3,R32,,,,,,,,,,,,,,,,,,,
1990-328,Bayonne,Carpet,32,T5,,19900924,16,200105,5,,Rachel Mcquillan,,170,AUS,18.812,36,26,200607,,,Beate Reinstadler,,168,AUT,23.349,101,11,6-2 7-5,3,R32,,,,,,,,,,,,,,,,,,,
1990-328,Bayonne,Carpet,32,T5,,19900924,17,200404,1,,Zina Garrison,R,164,USA,26.856,5,120,200021,,,Alexia Dechaume Balleret,R,,FRA,20.395,87,12,6-1 6-0,3,R16,,,,,,,,,,,,,,,,,,,
1990-328,Bayonne,Carpet,32,T5,,19900924,18,200081,8,,Anke Huber,R,173,GER,15.806,61,18,200441,,,Louise Field,,,AUS,23.579,121,8,6-4 6-3,3,R16,,,,,,,,,,,,,,,,,,,
1990-328,Bayonne,Carpet,32,T5,,19900924,19,200395,,,Catherine Tanvier,R,174,FRA,25.326,109,10,200615,,,Kristin Godridge,,,HKG,17.627,148,6,6-4 6-2,3,R16,,,,,,,,,,,,,,,,,,,
1990-328,Bayonne,Carpet,32,T5,,19900924,20,200421,,,Pascale Paradis Mangon,R,,FRA,24.419,215,3,200535,,LL,Jo Anne Faull,,,AUS,19.697,194,3,6-4 3-6 6-3,3,R16,,,,,,,,,,,,,,,,,,,
1990-328,Bayonne,Carpet,32,T5,,19900924,21,200532,,,Maider Laval,,,FRA,20.354,175,4,200105,5,,Rachel Mcquillan,,170,AUS,18.812,36,26,2-6 6-3 7-5,3,R16,,,,,,,,,,,,,,,,,,,
1990-328,Bayonne,Carpet,32,T5,,19900924,22,200647,,Q,Noelle Van Lottum,,170,FRA,18.202,173,4,200037,4,,Sabine Appelmans,L,168,BEL,18.423,38,25,7-6 6-4,3,R16,,,,,,,,,,,,,,,,,,,
1990-328,Bayonne,Carpet,32,T5,,19900924,23,200573,,,Cecilia Dahlman,R,178,SWE,22.169,84,13,200705,7,,Linda Ferrando,,170,ITA,24.699,56,19,6-4 7-6,3,R16,,,,,,,,,,,,,,,,,,,
1990-328,Bayonne,Carpet,32,T5,,19900924,24,200097,2,,Nathalie Tauziat,R,165,FRA,22.938,17,55,200547,,,Sandra Wasserman,R,173,BEL,20.543,90,12,6-2 6-3,3,R16,,,,,,,,,,,,,,,,,,,
1990-328,Bayonne,Carpet,32,T5,,19900924,25,200081,8,,Anke Huber,R,173,GER,15.806,61,18,200404,1,,Zina Garrison,R,164,USA,26.856,5,120,7-5 6-3,3,QF,,,,,,,,,,,,,,,,,,,
1990-328,Bayonne,Carpet,32,T5,,19900924,26,200395,,,Catherine Tanvier,R,174,FRA,25.326,109,10,200421,,,Pascale Paradis Mangon,R,,FRA,24.419,215,3,7-5 6-4,3,QF,,,,,,,,,,,,,,,,,,,
1990-328,Bayonne,Carpet,32,T5,,19900924,27,200647,,Q,Noelle Van Lottum,,170,FRA,18.202,173,4,200532,,,Maider Laval,,,FRA,20.354,175,4,6-1 7-5,3,QF,,,,,,,,,,,,,,,,,,,
1990-328,Bayonne,Carpet,32,T5,,19900924,28,200097,2,,Nathalie Tauziat,R,165,FRA,22.938,17,55,200573,,,Cecilia Dahlman,R,178,SWE,22.169,84,13,6-4 6-2,3,QF,,,,,,,,,,,,,,,,,,,
1990-328,Bayonne,Carpet,32,T5,,19900924,29,200081,8,,Anke Huber,R,173,GER,15.806,61,18,200395,,,Catherine Tanvier,R,174,FRA,25.326,109,10,6-0 6-4,3,SF,,,,,,,,,,,,,,,,,,,
1990-328,Bayonne,Carpet,32,T5,,19900924,30,200097,2,,Nathalie Tauziat,R,165,FRA,22.938,17,55,200647,,Q,Noelle Van Lottum,,170,FRA,18.202,173,4,6-2 6-1,3,SF,,,,,,,,,,,,,,,,,,,
1990-328,Bayonne,Carpet,32,T5,,19900924,31,200097,2,,Nathalie Tauziat,R,165,FRA,22.938,17,55,200081,8,,Anke Huber,R,173,GER,15.806,61,18,6-3 7-6,3,F,,,,,,,,,,,,,,,,,,,
1990-527,Leipzig,Carpet,28,T3,,19900924,1,200584,,,Laura Golarsa,R,165,ITA,22.826,52,20,200613,,Q,Lise Gregory,L,,RSA,27.072,237,2,6-4 6-4,3,R32,,,,,,,,,,,,,,,,,,,
1990-527,Leipzig,Carpet,28,T3,,19900924,2,200632,,,Andrea Strnadova,,175,CZE,18.325,176,4,200112,8,,Julie Halard Decugis,R,173,FRA,20.039,29,31,6-1 7-6,3,R32,,,,,,,,,,,,,,,,,,,
1990-527,Leipzig,Carpet,28,T3,,19900924,3,200530,,,Radomira Zrubakova,R,169,SVK,19.746,52,20,200605,,,Regina Rajchrtova,,,TCH,22.634,62,18,4-6 6-4 6-4,3,R32,,,,,,,,,,,,,,,,,,,
1990-527,Leipzig,Carpet,28,T3,,19900924,4,200640,,,Mercedes Paz,R,180,ARG,24.244,37,25,200392,,,Jo Durie,R,163,GBR,30.161,55,20,4-6 7-6 6-3,3,R32,,,,,,,,,,,,,,,,,,,
1990-527,Leipzig,Carpet,28,T3,,19900924,5,200419,,,Kathy Rinaldi Stunkel,,,USA,23.505,59,18,200648,,,Marketa Kochta,R,168,GER,15.198,233,2,1-6 7-5 6-0,3,R32,,,,,,,,,,,,,,,,,,,
1990-527,Leipzig,Carpet,28,T3,,19900924,6,200485,7,,Manon Bollegraf,R,173,NED,26.456,31,30,200484,,Q,Ann Devries,R,,BEL,20.573,207,3,5-7 6-3 6-2,3,R32,,,,,,,,,,,,,,,,,,,
1990-527,Leipzig,Carpet,28,T3,,19900924,7,200453,,,Catarina Lindqvist Ryan,R,165,SWE,27.283,41,24,200609,,Q,Steffi Menning,,,GER,19.727,325,1,6-4 6-0,3,R32,,,,,,,,,,,,,,,,,,,
1990-527,Leipzig,Carpet,28,T3,,19900924,8,200354,,,Claudia Kohde Kilsch,R,187,GER,26.788,47,21,200593,,,Karine Quentrec,,,FRA,20.926,83,13,6-2 6-2,3,R32,,,,,,,,,,,,,,,,,,,
1990-527,Leipzig,Carpet,28,T3,,19900924,9,200094,,,Barbara Rittner,R,173,GER,17.416,178,4,200503,6,,Gretchen Magers,R,170,USA,26.629,25,36,3-6 7-6 7-5,3,R32,,,,,,,,,,,,,,,,,,,
1990-527,Leipzig,Carpet,28,T3,,19900924,10,200604,5,,Barbara Paulus,R,177,AUT,20.063,18,55,200504,,Q,Julie Salmon,,,GBR,25.213,228,2,6-4 6-4,3,R32,,,,,,,,,,,,,,,,,,,
1990-527,Leipzig,Carpet,28,T3,,19900924,11,200346,,,Anne Minter,R,165,AUS,27.478,108,10,200576,,,Nathalie Herreman,L,,FRA,24.493,60,18,6-2 7-5,3,R32,,,,,,,,,,,,,,,,,,,
1990-527,Leipzig,Carpet,28,T3,,19900924,12,201049,,,Denisa Krajcovicova,,173,SVK,21.933,165,5,200506,,,Wiltrud Probst,R,170,GER,21.323,40,25,4-6 6-4 7-6,3,R32,,,,,,,,,,,,,,,,,,,
1990-527,Leipzig,Carpet,28,T3,,19900924,13,200414,1,,Steffi Graf,R,175,GER,21.279,1,286,200584,,,Laura Golarsa,R,165,ITA,22.826,52,20,6-3 6-2,3,R16,,,,,,,,,,,,,,,,,,,
1990-527,Leipzig,Carpet,28,T3,,19900924,14,200485,7,,Manon Bollegraf,R,173,NED,26.456,31,30,200419,,,Kathy Rinaldi Stunkel,,,USA,23.505,59,18,6-4 6-0,3,R16,,,,,,,,,,,,,,,,,,,
1990-527,Leipzig,Carpet,28,T3,,19900924,15,200049,3,,Conchita Martinez,R,170,ESP,18.440,10,81,200453,,,Catarina Lindqvist Ryan,R,165,SWE,27.283,41,24,6-3 6-3,3,R16,,,,,,,,,,,,,,,,,,,
1990-527,Leipzig,Carpet,28,T3,,19900924,16,200354,,,Claudia Kohde Kilsch,R,187,GER,26.788,47,21,200094,,,Barbara Rittner,R,173,GER,17.416,178,4,6-1 6-0,3,R16,,,,,,,,,,,,,,,,,,,
1990-527,Leipzig,Carpet,28,T3,,19900924,17,200604,5,,Barbara Paulus,R,177,AUT,20.063,18,55,200346,,,Anne Minter,R,165,AUS,27.478,108,10,6-1 6-0,3,R16,,,,,,,,,,,,,,,,,,,
1990-527,Leipzig,Carpet,28,T3,,19900924,18,200482,4,,Judith Wiesner,R,,AUT,24.565,15,63,201049,,,Denisa Krajcovicova,,173,SVK,21.933,165,5,6-1 6-1,3,R16,,,,,,,,,,,,,,,,,,,
1990-527,Leipzig,Carpet,28,T3,,19900924,19,200632,,,Andrea Strnadova,,175,CZE,18.325,176,4,200530,,,Radomira Zrubakova,R,169,SVK,19.746,52,20,6-2 6-4,3,R16,,,,,,,,,,,,,,,,,,,
1990-527,Leipzig,Carpet,28,T3,,19900924,20,200017,2,,Arantxa Sanchez Vicario,R,168,ESP,18.768,6,118,200640,,,Mercedes Paz,R,180,ARG,24.244,37,25,7-6 6-3,3,R16,,,,,,,,,,,,,,,,,,,
1990-527,Leipzig,Carpet,28,T3,,19900924,21,200414,1,,Steffi Graf,R,175,GER,21.279,1,286,200485,7,,Manon Bollegraf,R,173,NED,26.456,31,30,6-1 6-2,3,QF,,,,,,,,,,,,,,,,,,,
1990-527,Leipzig,Carpet,28,T3,,19900924,22,200049,3,,Conchita Martinez,R,170,ESP,18.440,10,81,200354,,,Claudia Kohde Kilsch,R,187,GER,26.788,47,21,6-3 2-6 6-1,3,QF,,,,,,,,,,,,,,,,,,,
1990-527,Leipzig,Carpet,28,T3,,19900924,23,200604,5,,Barbara Paulus,R,177,AUT,20.063,18,55,200482,4,,Judith Wiesner,R,,AUT,24.565,15,63,6-3 5-7 6-4,3,QF,,,,,,,,,,,,,,,,,,,
1990-527,Leipzig,Carpet,28,T3,,19900924,24,200017,2,,Arantxa Sanchez Vicario,R,168,ESP,18.768,6,118,200632,,,Andrea Strnadova,,175,CZE,18.325,176,4,6-7 6-2 6-1,3,QF,,,,,,,,,,,,,,,,,,,
1990-527,Leipzig,Carpet,28,T3,,19900924,25,200414,1,,Steffi Graf,R,175,GER,21.279,1,286,200049,3,,Conchita Martinez,R,170,ESP,18.440,10,81,7-6 7-6,3,SF,,,,,,,,,,,,,,,,,,,
1990-527,Leipzig,Carpet,28,T3,,19900924,26,200017,2,,Arantxa Sanchez Vicario,R,168,ESP,18.768,6,118,200604,5,,Barbara Paulus,R,177,AUT,20.063,18,55,6-0 7-5,3,SF,,,,,,,,,,,,,,,,,,,
1990-527,Leipzig,Carpet,28,T3,,19900924,27,200414,1,,Steffi Graf,R,175,GER,21.279,1,286,200017,2,,Arantxa Sanchez Vicario,R,168,ESP,18.768,6,118,6-1 6-1,3,F,,,,,,,,,,,,,,,,,,,
1990-526,Tokyo Dentsu,Carpet,28,T2,,19900925,1,200664,,,Stephanie Rehe,R,180,USA,20.887,,,200416,,,Robin White,R,164,USA,26.793,58,19,4-6 6-0 6-1,3,R32,,,,,,,,,,,,,,,,,,,
1990-526,Tokyo Dentsu,Carpet,28,T2,,19900925,2,200041,8,,Amy Frazier,R,175,USA,18.015,16,55,200554,,,Brenda Schultz Mccarthy,R,188,NED,19.743,54,20,7-6 6-1,3,R32,,,,,,,,,,,,,,,,,,,
1990-526,Tokyo Dentsu,Carpet,28,T2,,19900925,3,200574,,,Eva Sviglerova,,,CZE,19.204,98,11,200510,,,Julie Richardson,,173,NZL,23.491,119,9,7-5 6-3,3,R32,,,,,,,,,,,,,,,,,,,
1990-526,Tokyo Dentsu,Carpet,28,T2,,19900925,4,200384,,,Eva Pfaff,R,175,GER,29.621,126,8,200498,,,Michelle Jaggard Lai,R,146,AUS,21.389,153,5,6-3 6-4,3,R32,,,,,,,,,,,,,,,,,,,
1990-526,Tokyo Dentsu,Carpet,28,T2,,19900925,5,200959,,,Mareen Louie Harper,R,,USA,30.112,82,13,200476,,,Cammy Macgregor,,168,USA,21.955,117,9,6-3 6-2,3,R32,,,,,,,,,,,,,,,,,,,
1990-526,Tokyo Dentsu,Carpet,28,T2,,19900925,6,200401,5,,Manuela Maleeva Fragniere,R,173,SUI,23.612,9,93,200581,,,Tamaka Takagi,,,JPN,24.737,149,6,6-0 6-2,3,R32,,,,,,,,,,,,,,,,,,,
1990-526,Tokyo Dentsu,Carpet,28,T2,,19900925,7,200629,,,Cristina Tessi,,,ARG,18.182,139,7,200514,,,Monique Javer,R,,GBR,23.179,118,9,6-3 6-2,3,R32,,,,,,,,,,,,,,,,,,,
1990-526,Tokyo Dentsu,Carpet,28,T2,,19900925,8,200501,,,Marianne Werdel Witmeyer,,,USA,22.941,85,13,200500,,,Pilar Vasquez,,,PER,27.365,140,7,6-4 6-2,3,R32,,,,,,,,,,,,,,,,,,,
1990-526,Tokyo Dentsu,Carpet,28,T2,,19900925,9,200377,7,,Helena Sukova,R,188,CZE,25.586,13,75,200403,,,Andrea Leand,R,173,USA,26.686,104,11,6-2 6-2,3,R32,,,,,,,,,,,,,,,,,,,
1990-526,Tokyo Dentsu,Carpet,28,T2,,19900925,10,200077,6,,Jennifer Capriati,R,170,USA,14.492,12,76,201059,,,Misumi Miyauchi,,,JPN,19.053,266,1,6-4 7-6,3,R32,,,,,,,,,,,,,,,,,,,
1990-526,Tokyo Dentsu,Carpet,28,T2,,19900925,11,200086,,,Magdalena Maleeva,R,168,BUL,15.486,88,12,200483,,,Kumiko Okamoto,,,JPN,25.597,167,5,6-3 6-4,3,R32,,,,,,,,,,,,,,,,,,,
1990-526,Tokyo Dentsu,Carpet,28,T2,,19900925,12,200417,,,Gigi Fernandez,,170,USA,26.591,28,34,200622,,,Maya Kidowaki,,,JPN,21.358,77,14,6-0 6-2,3,R32,,,,,,,,,,,,,,,,,,,
1990-526,Tokyo Dentsu,Carpet,28,T2,,19900925,13,200293,1,,Martina Navratilova,L,173,USA,33.936,2,214,200664,,,Stephanie Rehe,R,180,USA,20.887,,,6-1 6-3,3,R16,,,,,,,,,,,,,,,,,,,
1990-526,Tokyo Dentsu,Carpet,28,T2,,19900925,14,200401,5,,Manuela Maleeva Fragniere,R,173,SUI,23.612,9,93,200959,,,Mareen Louie Harper,R,,USA,30.112,82,13,6-2 6-2,3,R16,,,,,,,,,,,,,,,,,,,
1990-526,Tokyo Dentsu,Carpet,28,T2,,19900925,15,200597,4,,Mary Joe Fernandez,R,175,USA,19.102,8,104,200629,,,Cristina Tessi,,,ARG,18.182,139,7,6-3 6-1,3,R16,,,,,,,,,,,,,,,,,,,
1990-526,Tokyo Dentsu,Carpet,28,T2,,19900925,16,200377,7,,Helena Sukova,R,188,CZE,25.586,13,75,200501,,,Marianne Werdel Witmeyer,,,USA,22.941,85,13,6-7 6-3 6-2,3,R16,,,,,,,,,,,,,,,,,,,
1990-526,Tokyo Dentsu,Carpet,28,T2,,19900925,17,200077,6,,Jennifer Capriati,R,170,USA,14.492,12,76,200086,,,Magdalena Maleeva,R,168,BUL,15.486,88,12,6-2 6-4,3,R16,,,,,,,,,,,,,,,,,,,
1990-526,Tokyo Dentsu,Carpet,28,T2,,19900925,18,200455,3,,Katerina Maleeva,R,168,BUL,21.386,7,116,200417,,,Gigi Fernandez,,170,USA,26.591,28,34,6-7 6-2 6-2,3,R16,,,,,,,,,,,,,,,,,,,
1990-526,Tokyo Dentsu,Carpet,28,T2,,19900925,19,200041,8,,Amy Frazier,R,175,USA,18.015,16,55,200574,,,Eva Sviglerova,,,CZE,19.204,98,11,6-2 7-5,3,R16,,,,,,,,,,,,,,,,,,,
1990-526,Tokyo Dentsu,Carpet,28,T2,,19900925,20,200652,2,,Monica Seles,L,178,USA,16.813,3,180,200384,,,Eva Pfaff,R,175,GER,29.621,126,8,6-1 6-0,3,R16,,,,,,,,,,,,,,,,,,,
1990-526,Tokyo Dentsu,Carpet,28,T2,,19900925,21,200401,5,,Manuela Maleeva Fragniere,R,173,SUI,23.612,9,93,200293,1,,Martina Navratilova,L,173,USA,33.936,2,214,7-5 4-6 6-3,3,QF,,,,,,,,,,,,,,,,,,,
1990-526,Tokyo Dentsu,Carpet,28,T2,,19900925,22,200597,4,,Mary Joe Fernandez,R,175,USA,19.102,8,104,200377,7,,Helena Sukova,R,188,CZE,25.586,13,75,6-3 6-4,3,QF,,,,,,,,,,,,,,,,,,,
1990-526,Tokyo Dentsu,Carpet,28,T2,,19900925,23,200455,3,,Katerina Maleeva,R,168,BUL,21.386,7,116,200077,6,,Jennifer Capriati,R,170,USA,14.492,12,76,7-6 3-6 7-6,3,QF,,,,,,,,,,,,,,,,,,,
1990-526,Tokyo Dentsu,Carpet,28,T2,,19900925,24,200041,8,,Amy Frazier,R,175,USA,18.015,16,55,200652,2,,Monica Seles,L,178,USA,16.813,3,180,5-7 7-5 6-2,3,QF,,,,,,,,,,,,,,,,,,,
1990-526,Tokyo Dentsu,Carpet,28,T2,,19900925,25,200597,4,,Mary Joe Fernandez,R,175,USA,19.102,8,104,200401,5,,Manuela Maleeva Fragniere,R,173,SUI,23.612,9,93,4-6 7-5 6-4,3,SF,,,,,,,,,,,,,,,,,,,
1990-526,Tokyo Dentsu,Carpet,28,T2,,19900925,26,200041,8,,Amy Frazier,R,175,USA,18.015,16,55,200455,3,,Katerina Maleeva,R,168,BUL,21.386,7,116,7-5 6-4,3,SF,,,,,,,,,,,,,,,,,,,
1990-526,Tokyo Dentsu,Carpet,28,T2,,19900925,27,200597,4,,Mary Joe Fernandez,R,175,USA,19.102,8,104,200041,8,,Amy Frazier,R,175,USA,18.015,16,55,3-6 6-2 6-3,3,F,,,,,,,,,,,,,,,,,,,
1990-463,St. Petersburg,Carpet,32,T5,,19901001,1,200601,1,,Leila Meskhi,R,164,GEO,22.738,19,46,201049,,LL,Denisa Krajcovicova,,173,SVK,21.953,143,7,6-3 6-0,3,R32,,,,,,,,,,,,,,,,,,,
1990-463,St. Petersburg,Carpet,32,T5,,19901001,2,200634,,,Elena Brioukhovets,,,UKR,19.316,156,6,202086,,,Natalia Biletskaia,,,UKR,17.900,403,0,6-3 6-0,3,R32,,,,,,,,,,,,,,,,,,,
1990-463,St. Petersburg,Carpet,32,T5,,19901001,3,200686,,,Sandra Dopfer,,174,AUT,20.354,150,6,200441,,,Louise Field,,,AUS,23.598,119,9,6-2 6-4,3,R32,,,,,,,,,,,,,,,,,,,
1990-463,St. Petersburg,Carpet,32,T5,,19901001,4,200105,4,,Rachel Mcquillan,,170,AUS,18.831,38,25,201274,,Q,Viktoria Milvidskaia,,,RUS,23.450,208,3,6-1 7-6,3,R32,,,,,,,,,,,,,,,,,,,
1990-463,St. Petersburg,Carpet,32,T5,,19901001,5,200464,,,Ann Henricksson,,,USA,30.919,92,12,200640,5,,Mercedes Paz,R,180,ARG,24.263,37,26,7-6 7-6,3,R32,,,,,,,,,,,,,,,,,,,
1990-463,St. Petersburg,Carpet,32,T5,,19901001,6,200607,,,Beate Reinstadler,,168,AUT,23.368,101,11,200675,,,Eugenia Maniokova,R,178,RUS,22.374,264,2,6-2 6-3,3,R32,,,,,,,,,,,,,,,,,,,
1990-463,St. Petersburg,Carpet,32,T5,,19901001,7,200520,,,Sarah Loosemore,,,GBR,19.297,83,13,200587,,,Silke Meier,,,GER,22.218,131,8,6-3 6-1,3,R32,,,,,,,,,,,,,,,,,,,
1990-463,St. Petersburg,Carpet,32,T5,,19901001,8,200503,2,,Gretchen Magers,R,170,USA,26.648,27,35,200547,,,Sandra Wasserman,R,173,BEL,20.562,87,12,6-3 4-6 6-2,3,R32,,,,,,,,,,,,,,,,,,,
1990-463,St. Petersburg,Carpet,32,T5,,19901001,9,200086,,,Magdalena Maleeva,R,168,BUL,15.502,74,14,200574,,,Eva Sviglerova,,,CZE,19.220,94,12,4-6 6-1 6-1,3,R32,,,,,,,,,,,,,,,,,,,
1990-463,St. Petersburg,Carpet,32,T5,,19901001,10,200006,,,Karina Habsudova,R,170,SVK,17.164,149,6,200623,,,Petra Thoren,,,FIN,21.148,153,6,6-2 6-4,3,R32,,,,,,,,,,,,,,,,,,,
1990-463,St. Petersburg,Carpet,32,T5,,19901001,11,200416,7,,Robin White,R,164,USA,26.810,61,17,200403,,,Andrea Leand,R,173,USA,26.703,113,10,6-2 6-1,3,R32,,,,,,,,,,,,,,,,,,,
1990-463,St. Petersburg,Carpet,32,T5,,19901001,12,200450,3,,Larisa Savchenko,,169,URS,24.198,35,27,201844,,Q,Agnese Gustmane,R,170,LAT,19.480,175,4,5-7 7-5 6-3,3,R32,,,,,,,,,,,,,,,,,,,
1990-463,St. Petersburg,Carpet,32,T5,,19901001,13,200615,,,Kristin Godridge,,,HKG,17.646,148,6,200484,,Q,Ann Devries,R,,BEL,20.592,198,3,6-4 2-1 RET,3,R32,,,,,,,,,,,,,,,,,,,
1990-463,St. Petersburg,Carpet,32,T5,,19901001,14,200346,,,Anne Minter,R,165,AUS,27.497,97,11,200620,,,Kirrily Sharpe,L,,AUS,17.597,164,5,6-0 7-5,3,R32,,,,,,,,,,,,,,,,,,,
1990-463,St. Petersburg,Carpet,32,T5,,19901001,15,200584,6,,Laura Golarsa,R,165,ITA,22.845,54,20,200693,,,Elena Makarova,R,,RUS,17.662,,,6-1 6-4,3,R32,,,,,,,,,,,,,,,,,,,
1990-463,St. Petersburg,Carpet,32,T5,,19901001,16,200579,,,Karin Kschwendt,R,175,AUT,22.046,122,8,200612,8,,Natalia Medvedeva,R,176,UKR,18.878,75,14,2-6 6-2 6-2,3,R32,,,,,,,,,,,,,,,,,,,
1990-463,St. Petersburg,Carpet,32,T5,,19901001,17,200601,1,,Leila Meskhi,R,164,GEO,22.738,19,46,200086,,,Magdalena Maleeva,R,168,BUL,15.502,74,14,6-2 6-1,3,R16,,,,,,,,,,,,,,,,,,,
1990-463,St. Petersburg,Carpet,32,T5,,19901001,18,200006,,,Karina Habsudova,R,170,SVK,17.164,149,6,200416,7,,Robin White,R,164,USA,26.810,61,17,7-5 6-3,3,R16,,,,,,,,,,,,,,,,,,,
1990-463,St. Petersburg,Carpet,32,T5,,19901001,19,200615,,,Kristin Godridge,,,HKG,17.646,148,6,200450,3,,Larisa Savchenko,,169,URS,24.198,35,27,6-3 7-6,3,R16,,,,,,,,,,,,,,,,,,,
1990-463,St. Petersburg,Carpet,32,T5,,19901001,20,200346,,,Anne Minter,R,165,AUS,27.497,97,11,200584,6,,Laura Golarsa,R,165,ITA,22.845,54,20,7-5 6-3,3,R16,,,,,,,,,,,,,,,,,,,
1990-463,St. Petersburg,Carpet,32,T5,,19901001,21,200634,,,Elena Brioukhovets,,,UKR,19.316,156,6,200579,,,Karin Kschwendt,R,175,AUT,22.046,122,8,7-6 6-4,3,R16,,,,,,,,,,,,,,,,,,,
1990-463,St. Petersburg,Carpet,32,T5,,19901001,22,200105,4,,Rachel Mcquillan,,170,AUS,18.831,38,25,200686,,,Sandra Dopfer,,174,AUT,20.354,150,6,7-6 6-3,3,R16,,,,,,,,,,,,,,,,,,,
1990-463,St. Petersburg,Carpet,32,T5,,19901001,23,200607,,,Beate Reinstadler,,168,AUT,23.368,101,11,200464,,,Ann Henricksson,,,USA,30.919,92,12,6-2 6-3,3,R16,,,,,,,,,,,,,,,,,,,
1990-463,St. Petersburg,Carpet,32,T5,,19901001,24,200503,2,,Gretchen Magers,R,170,USA,26.648,27,35,200520,,,Sarah Loosemore,,,GBR,19.297,83,13,6-3 6-3,3,R16,,,,,,,,,,,,,,,,,,,
1990-463,St. Petersburg,Carpet,32,T5,,19901001,25,200601,1,,Leila Meskhi,R,164,GEO,22.738,19,46,200006,,,Karina Habsudova,R,170,SVK,17.164,149,6,4-6 6-3 6-1,3,QF,,,,,,,,,,,,,,,,,,,
1990-463,St. Petersburg,Carpet,32,T5,,19901001,26,200346,,,Anne Minter,R,165,AUS,27.497,97,11,200615,,,Kristin Godridge,,,HKG,17.646,148,6,6-4 6-0,3,QF,,,,,,,,,,,,,,,,,,,
1990-463,St. Petersburg,Carpet,32,T5,,19901001,27,200634,,,Elena Brioukhovets,,,UKR,19.316,156,6,200105,4,,Rachel Mcquillan,,170,AUS,18.831,38,25,6-3 6-0,3,QF,,,,,,,,,,,,,,,,,,,
1990-463,St. Petersburg,Carpet,32,T5,,19901001,28,200503,2,,Gretchen Magers,R,170,USA,26.648,27,35,200607,,,Beate Reinstadler,,168,AUT,23.368,101,11,7-5 2-6 6-4,3,QF,,,,,,,,,,,,,,,,,,,
1990-463,St. Petersburg,Carpet,32,T5,,19901001,29,200601,1,,Leila Meskhi,R,164,GEO,22.738,19,46,200346,,,Anne Minter,R,165,AUS,27.497,97,11,6-2 6-4,3,SF,,,,,,,,,,,,,,,,,,,
1990-463,St. Petersburg,Carpet,32,T5,,19901001,30,200634,,,Elena Brioukhovets,,,UKR,19.316,156,6,200503,2,,Gretchen Magers,R,170,USA,26.648,27,35,6-4 6-3,3,SF,,,,,,,,,,,,,,,,,,,
1990-463,St. Petersburg,Carpet,32,T5,,19901001,31,200601,1,,Leila Meskhi,R,164,GEO,22.738,19,46,200634,,,Elena Brioukhovets,,,UKR,19.316,156,6,6-4 6-4,3,F,,,,,,,,,,,,,,,,,,,
1990-608,Zurich,Carpet,32,T2,,19901008,1,200414,1,,Steffi Graf,R,175,GER,21.317,1,284,200403,,,Andrea Leand,R,173,USA,26.722,120,9,6-1 6-4,3,R32,,,,,,,,,,,,,,,,,,,
1990-608,Zurich,Carpet,32,T2,,19901008,2,200584,,,Laura Golarsa,R,165,ITA,22.864,54,20,200037,,,Sabine Appelmans,L,168,BEL,18.462,35,27,6-4 7-5,3,R32,,,,,,,,,,,,,,,,,,,
1990-608,Zurich,Carpet,32,T2,,19901008,3,200640,,,Mercedes Paz,R,180,ARG,24.282,40,24,200112,,,Julie Halard Decugis,R,173,FRA,20.077,31,29,6-4 4-6 7-6,3,R32,,,,,,,,,,,,,,,,,,,
1990-608,Zurich,Carpet,32,T2,,19901008,4,200539,4,,Jana Novotna,R,175,CZE,22.016,12,80,200392,,,Jo Durie,R,163,GBR,30.199,59,18,6-4 6-0,3,R32,,,,,,,,,,,,,,,,,,,
1990-608,Zurich,Carpet,32,T2,,19901008,5,200377,5,,Helena Sukova,R,188,CZE,25.621,13,74,200705,,,Linda Ferrando,,170,ITA,24.737,55,19,6-2 6-2,3,R32,,,,,,,,,,,,,,,,,,,
1990-608,Zurich,Carpet,32,T2,,19901008,6,200626,,,Emanuela Zardo,L,,SUI,20.458,68,16,202255,,Q,Jillian Muller,,,SUI,28.715,,,6-1 6-2,3,R32,,,,,,,,,,,,,,,,,,,
1990-608,Zurich,Carpet,32,T2,,19901008,7,200354,,,Claudia Kohde Kilsch,R,187,GER,26.826,42,23,200384,,Q,Eva Pfaff,R,175,GER,29.657,118,9,7-5 6-2,3,R32,,,,,,,,,,,,,,,,,,,
1990-608,Zurich,Carpet,32,T2,,19901008,8,200572,2,,Gabriela Sabatini,R,175,ARG,20.397,4,135,200609,,LL,Steffi Menning,,,GER,19.765,272,1,6-2 6-1,3,R32,,,,,,,,,,,,,,,,,,,
1990-608,Zurich,Carpet,32,T2,,19901008,9,200494,,,Dianne Van Rensburg,R,,RSA,22.596,34,27,200576,,,Nathalie Herreman,L,,FRA,24.532,60,18,7-6 5-7 6-4,3,R32,,,,,,,,,,,,,,,,,,,
1990-608,Zurich,Carpet,32,T2,,19901008,10,200565,,Q,Nathalie Guerree Spitzer,,,FRA,22.254,184,4,200415,,LL,Catherine Suire,R,167,FRA,31.064,233,2,6-1 3-6 7-6,3,R32,,,,,,,,,,,,,,,,,,,
1990-608,Zurich,Carpet,32,T2,,19901008,11,200097,7,,Nathalie Tauziat,R,165,FRA,22.977,18,59,200105,,,Rachel Mcquillan,,170,AUS,18.850,37,26,6-7 6-2 6-1,3,R32,,,,,,,,,,,,,,,,,,,
1990-608,Zurich,Carpet,32,T2,,19901008,12,200401,3,,Manuela Maleeva Fragniere,R,173,SUI,23.647,9,96,200485,,,Manon Bollegraf,R,173,NED,26.495,29,32,6-1 3-6 6-2,3,R32,,,,,,,,,,,,,,,,,,,
1990-608,Zurich,Carpet,32,T2,,19901008,13,200480,,,Claudia Porwik,,,GER,21.898,32,29,201738,,Q,Julia Apostoli,R,,GRE,26.152,213,3,6-2 6-2,3,R32,,,,,,,,,,,,,,,,,,,
1990-608,Zurich,Carpet,32,T2,,19901008,14,200554,,,Brenda Schultz Mccarthy,R,188,NED,19.779,58,19,200641,,,Patricia Tarabini,R,165,ARG,22.172,47,21,6-4 6-4,3,R32,,,,,,,,,,,,,,,,,,,
1990-608,Zurich,Carpet,32,T2,,19901008,15,200482,6,,Judith Wiesner,R,,AUT,24.603,16,62,200561,,,Cathy Caverzasio,,,SUI,18.026,48,21,2-6 6-2 6-0,3,R32,,,,,,,,,,,,,,,,,,,
1990-608,Zurich,Carpet,32,T2,,19901008,16,200506,,,Wiltrud Probst,R,170,GER,21.361,43,23,200357,8,,Rosalyn Fairbank,R,173,USA,29.931,24,37,6-2 6-3,3,R32,,,,,,,,,,,,,,,,,,,
1990-608,Zurich,Carpet,32,T2,,19901008,17,200414,1,,Steffi Graf,R,175,GER,21.317,1,284,200494,,,Dianne Van Rensburg,R,,RSA,22.596,34,27,6-1 6-4,3,R16,,,,,,,,,,,,,,,,,,,
1990-608,Zurich,Carpet,32,T2,,19901008,18,200097,7,,Nathalie Tauziat,R,165,FRA,22.977,18,59,200565,,Q,Nathalie Guerree Spitzer,,,FRA,22.254,184,4,6-4 6-2,3,R16,,,,,,,,,,,,,,,,,,,
1990-608,Zurich,Carpet,32,T2,,19901008,19,200401,3,,Manuela Maleeva Fragniere,R,173,SUI,23.647,9,96,200480,,,Claudia Porwik,,,GER,21.898,32,29,6-1 3-6 6-2,3,R16,,,,,,,,,,,,,,,,,,,
1990-608,Zurich,Carpet,32,T2,,19901008,20,200554,,,Brenda Schultz Mccarthy,R,188,NED,19.779,58,19,200482,6,,Judith Wiesner,R,,AUT,24.603,16,62,6-7 6-4 7-6,3,R16,,,,,,,,,,,,,,,,,,,
1990-608,Zurich,Carpet,32,T2,,19901008,21,200506,,,Wiltrud Probst,R,170,GER,21.361,43,23,200584,,,Laura Golarsa,R,165,ITA,22.864,54,20,7-5 7-6,3,R16,,,,,,,,,,,,,,,,,,,
1990-608,Zurich,Carpet,32,T2,,19901008,22,200539,4,,Jana Novotna,R,175,CZE,22.016,12,80,200640,,,Mercedes Paz,R,180,ARG,24.282,40,24,6-2 6-2,3,R16,,,,,,,,,,,,,,,,,,,
1990-608,Zurich,Carpet,32,T2,,19901008,23,200377,5,,Helena Sukova,R,188,CZE,25.621,13,74,200626,,,Emanuela Zardo,L,,SUI,20.458,68,16,6-4 7-5,3,R16,,,,,,,,,,,,,,,,,,,
1990-608,Zurich,Carpet,32,T2,,19901008,24,200572,2,,Gabriela Sabatini,R,175,ARG,20.397,4,135,200354,,,Claudia Kohde Kilsch,R,187,GER,26.826,42,23,6-4 7-5,3,R16,,,,,,,,,,,,,,,,,,,
1990-608,Zurich,Carpet,32,T2,,19901008,25,200414,1,,Steffi Graf,R,175,GER,21.317,1,284,200097,7,,Nathalie Tauziat,R,165,FRA,22.977,18,59,6-4 6-1,3,QF,,,,,,,,,,,,,,,,,,,
1990-608,Zurich,Carpet,32,T2,,19901008,26,200401,3,,Manuela Maleeva Fragniere,R,173,SUI,23.647,9,96,200554,,,Brenda Schultz Mccarthy,R,188,NED,19.779,58,19,6-3 6-2,3,QF,,,,,,,,,,,,,,,,,,,
1990-608,Zurich,Carpet,32,T2,,19901008,27,200539,4,,Jana Novotna,R,175,CZE,22.016,12,80,200506,,,Wiltrud Probst,R,170,GER,21.361,43,23,6-0 6-1,3,QF,,,,,,,,,,,,,,,,,,,
1990-608,Zurich,Carpet,32,T2,,19901008,28,200572,2,,Gabriela Sabatini,R,175,ARG,20.397,4,135,200377,5,,Helena Sukova,R,188,CZE,25.621,13,74,6-4 7-5,3,QF,,,,,,,,,,,,,,,,,,,
1990-608,Zurich,Carpet,32,T2,,19901008,29,200414,1,,Steffi Graf,R,175,GER,21.317,1,284,200401,3,,Manuela Maleeva Fragniere,R,173,SUI,23.647,9,96,6-7 6-2 6-3,3,SF,,,,,,,,,,,,,,,,,,,
1990-608,Zurich,Carpet,32,T2,,19901008,30,200572,2,,Gabriela Sabatini,R,175,ARG,20.397,4,135,200539,4,,Jana Novotna,R,175,CZE,22.016,12,80,6-7 7-5 7-6,3,SF,,,,,,,,,,,,,,,,,,,
1990-608,Zurich,Carpet,32,T2,,19901008,31,200414,1,,Steffi Graf,R,175,GER,21.317,1,284,200572,2,,Gabriela Sabatini,R,175,ARG,20.397,4,135,6-3 6-2,3,F,,,,,,,,,,,,,,,,,,,
1990-1051,Filderstadt,Carpet,32,T2,,19901015,1,200572,1,,Gabriela Sabatini,R,175,ARG,20.417,4,130,200112,,,Julie Halard Decugis,R,173,FRA,20.096,38,25,6-4 6-3,3,R32,,,,,,,,,,,,,,,,,,,
1990-1051,Filderstadt,Carpet,32,T2,,19901015,2,200494,,,Dianne Van Rensburg,R,,RSA,22.615,33,27,200354,,,Claudia Kohde Kilsch,R,187,GER,26.845,43,24,1-6 6-4 6-2,3,R32,,,,,,,,,,,,,,,,,,,
1990-1051,Filderstadt,Carpet,32,T2,,19901015,3,200480,,,Claudia Porwik,,,GER,21.917,29,30,200453,,,Catarina Lindqvist Ryan,R,165,SWE,27.341,42,24,3-6 6-2 6-0,3,R32,,,,,,,,,,,,,,,,,,,
1990-1051,Filderstadt,Carpet,32,T2,,19901015,4,200455,3,,Katerina Maleeva,R,168,BUL,21.441,7,116,200650,,,Isabel Cueto,R,,GER,21.865,24,35,6-0 6-1,3,R32,,,,,,,,,,,,,,,,,,,
1990-1051,Filderstadt,Carpet,32,T2,,19901015,5,200482,7,,Judith Wiesner,R,,AUT,24.622,17,62,200584,,,Laura Golarsa,R,165,ITA,22.883,53,20,6-2 6-4,3,R32,,,,,,,,,,,,,,,,,,,
1990-1051,Filderstadt,Carpet,32,T2,,19901015,6,200037,,,Sabine Appelmans,L,168,BEL,18.481,34,27,200384,,,Eva Pfaff,R,175,GER,29.676,115,10,2-6 6-4 6-4,3,R32,,,,,,,,,,,,,,,,,,,
1990-1051,Filderstadt,Carpet,32,T2,,19901015,7,200105,,,Rachel Mcquillan,,170,AUS,18.870,39,25,200081,,,Anke Huber,R,173,GER,15.863,32,27,2-6 6-3 6-4,3,R32,,,,,,,,,,,,,,,,,,,
1990-1051,Filderstadt,Carpet,32,T2,,19901015,8,200597,2,,Mary Joe Fernandez,R,175,USA,19.157,8,108,200641,,,Patricia Tarabini,R,165,ARG,22.191,48,21,6-1 6-1,3,R32,,,,,,,,,,,,,,,,,,,
1990-1051,Filderstadt,Carpet,32,T2,,19901015,9,200640,,,Mercedes Paz,R,180,ARG,24.302,37,26,201715,,Q,Heike Thoms,,,GER,21.953,333,1,7-6 6-1,3,R32,,,,,,,,,,,,,,,,,,,
1990-1051,Filderstadt,Carpet,32,T2,,19901015,10,200094,,,Barbara Rittner,R,173,GER,17.473,132,8,200485,,,Manon Bollegraf,R,173,NED,26.514,30,30,6-2 4-6 3-0 RET,3,R32,,,,,,,,,,,,,,,,,,,
1990-1051,Filderstadt,Carpet,32,T2,,19901015,11,200377,6,,Helena Sukova,R,188,CZE,25.640,13,78,200097,,,Nathalie Tauziat,R,165,FRA,22.996,18,61,6-4 6-4,3,R32,,,,,,,,,,,,,,,,,,,
1990-1051,Filderstadt,Carpet,32,T2,,19901015,12,200404,4,,Zina Garrison,R,164,USA,26.914,6,116,200530,,,Radomira Zrubakova,R,169,SVK,19.803,63,17,7-5 6-2,3,R32,,,,,,,,,,,,,,,,,,,
1990-1051,Filderstadt,Carpet,32,T2,,19901015,13,200565,,Q,Nathalie Guerree Spitzer,,,FRA,22.273,157,5,200506,,,Wiltrud Probst,R,170,GER,21.380,36,27,6-3 1-6 6-2,3,R32,,,,,,,,,,,,,,,,,,,
1990-1051,Filderstadt,Carpet,32,T2,,19901015,14,200357,,,Rosalyn Fairbank,R,173,USA,29.950,26,35,200677,,Q,Katja Oeljeklaus,R,,GER,19.677,221,3,1-6 6-4 6-4,3,R32,,,,,,,,,,,,,,,,,,,
1990-1051,Filderstadt,Carpet,32,T2,,19901015,15,200604,8,,Barbara Paulus,R,177,AUT,20.121,16,64,200421,,Q,Pascale Paradis Mangon,R,,FRA,24.477,175,4,2-6 7-5 6-4,3,R32,,,,,,,,,,,,,,,,,,,
1990-1051,Filderstadt,Carpet,32,T2,,19901015,16,200539,5,Q,Jana Novotna,R,175,CZE,22.035,11,81,200616,,LL,Pascale Etchemendy,,,FRA,24.359,160,5,6-4 6-0,3,R32,,,,,,,,,,,,,,,,,,,
1990-1051,Filderstadt,Carpet,32,T2,,19901015,17,200572,1,,Gabriela Sabatini,R,175,ARG,20.417,4,130,200640,,,Mercedes Paz,R,180,ARG,24.302,37,26,6-2 6-2,3,R16,,,,,,,,,,,,,,,,,,,
1990-1051,Filderstadt,Carpet,32,T2,,19901015,18,200377,6,,Helena Sukova,R,188,CZE,25.640,13,78,200094,,,Barbara Rittner,R,173,GER,17.473,132,8,6-2 6-4,3,R16,,,,,,,,,,,,,,,,,,,
1990-1051,Filderstadt,Carpet,32,T2,,19901015,19,200404,4,,Zina Garrison,R,164,USA,26.914,6,116,200565,,Q,Nathalie Guerree Spitzer,,,FRA,22.273,157,5,7-5 6-3,3,R16,,,,,,,,,,,,,,,,,,,
1990-1051,Filderstadt,Carpet,32,T2,,19901015,20,200604,8,,Barbara Paulus,R,177,AUT,20.121,16,64,200357,,,Rosalyn Fairbank,R,173,USA,29.950,26,35,6-4 6-3,3,R16,,,,,,,,,,,,,,,,,,,
1990-1051,Filderstadt,Carpet,32,T2,,19901015,21,200539,5,Q,Jana Novotna,R,175,CZE,22.035,11,81,200494,,,Dianne Van Rensburg,R,,RSA,22.615,33,27,6-2 7-5,3,R16,,,,,,,,,,,,,,,,,,,
1990-1051,Filderstadt,Carpet,32,T2,,19901015,22,200455,3,,Katerina Maleeva,R,168,BUL,21.441,7,116,200480,,,Claudia Porwik,,,GER,21.917,29,30,6-3 6-1,3,R16,,,,,,,,,,,,,,,,,,,
1990-1051,Filderstadt,Carpet,32,T2,,19901015,23,200037,,,Sabine Appelmans,L,168,BEL,18.481,34,27,200482,7,,Judith Wiesner,R,,AUT,24.622,17,62,6-4 6-4,3,R16,,,,,,,,,,,,,,,,,,,
1990-1051,Filderstadt,Carpet,32,T2,,19901015,24,200597,2,,Mary Joe Fernandez,R,175,USA,19.157,8,108,200105,,,Rachel Mcquillan,,170,AUS,18.870,39,25,6-3 6-3,3,R16,,,,,,,,,,,,,,,,,,,
1990-1051,Filderstadt,Carpet,32,T2,,19901015,25,200572,1,,Gabriela Sabatini,R,175,ARG,20.417,4,130,200377,6,,Helena Sukova,R,188,CZE,25.640,13,78,6-2 6-7 6-2,3,QF,,,,,,,,,,,,,,,,,,,
1990-1051,Filderstadt,Carpet,32,T2,,19901015,26,200604,8,,Barbara Paulus,R,177,AUT,20.121,16,64,200404,4,,Zina Garrison,R,164,USA,26.914,6,116,2-6 7-5 6-4,3,QF,,,,,,,,,,,,,,,,,,,
1990-1051,Filderstadt,Carpet,32,T2,,19901015,27,200455,3,,Katerina Maleeva,R,168,BUL,21.441,7,116,200539,5,Q,Jana Novotna,R,175,CZE,22.035,11,81,7-6 6-3,3,QF,,,,,,,,,,,,,,,,,,,
1990-1051,Filderstadt,Carpet,32,T2,,19901015,28,200597,2,,Mary Joe Fernandez,R,175,USA,19.157,8,108,200037,,,Sabine Appelmans,L,168,BEL,18.481,34,27,2-6 7-6 6-1,3,QF,,,,,,,,,,,,,,,,,,,
1990-1051,Filderstadt,Carpet,32,T2,,19901015,29,200604,8,,Barbara Paulus,R,177,AUT,20.121,16,64,200572,1,,Gabriela Sabatini,R,175,ARG,20.417,4,130,6-3 6-4,3,SF,,,,,,,,,,,,,,,,,,,
1990-1051,Filderstadt,Carpet,32,T2,,19901015,30,200597,2,,Mary Joe Fernandez,R,175,USA,19.157,8,108,200455,3,,Katerina Maleeva,R,168,BUL,21.441,7,116,7-5 6-0,3,SF,,,,,,,,,,,,,,,,,,,
1990-1051,Filderstadt,Carpet,32,T2,,19901015,31,200597,2,,Mary Joe Fernandez,R,175,USA,19.157,8,108,200604,8,,Barbara Paulus,R,177,AUT,20.121,16,64,6-1 6-3,3,F,,,,,,,,,,,,,,,,,,,
1990-403,Scottsdale,Hard,32,T4,,19901015,1,200049,1,,Conchita Martinez,R,170,ESP,18.497,10,82,200095,,,Linda Wild,R,,USA,19.675,79,13,6-1 6-3,3,R32,,,,,,,,,,,,,,,,,,,
1990-403,Scottsdale,Hard,32,T4,,19901015,2,200959,,,Mareen Louie Harper,R,,USA,30.166,78,14,200632,,Q,Andrea Strnadova,,175,CZE,18.382,140,7,6-3 6-2,3,R32,,,,,,,,,,,,,,,,,,,
1990-403,Scottsdale,Hard,32,T4,,19901015,3,200699,,,Meredith Mcgrath,,,USA,19.467,69,15,201052,,,Federica Haumuller,,,ARG,17.859,126,8,6-4 7-6,3,R32,,,,,,,,,,,,,,,,,,,
1990-403,Scottsdale,Hard,32,T4,,19901015,4,200673,4,,Susan Sloane Lundy,R,,USA,19.861,40,25,200473,,,Beverly Bowes,R,,USA,25.098,141,7,6-4 6-4,3,R32,,,,,,,,,,,,,,,,,,,
1990-403,Scottsdale,Hard,32,T4,,19901015,5,200390,8,,Mary Lou Piatek,R,,USA,29.192,68,16,200448,,Q,Sandy Collins,,178,USA,32.006,168,5,6-1 6-2,3,R32,,,,,,,,,,,,,,,,,,,
1990-403,Scottsdale,Hard,32,T4,,19901015,6,200638,,LL,Stephanie Rottier,,,NED,16.729,241,2,200557,,,Katrina Adams,R,165,USA,22.193,172,5,6-4 6-4,3,R32,,,,,,,,,,,,,,,,,,,
1990-403,Scottsdale,Hard,32,T4,,19901015,7,200631,,Q,Maria Ekstrand,,,SWE,20.696,199,3,200486,,,Csilla Cserepy,,,SUI,24.548,89,13,6-2 6-4,3,R32,,,,,,,,,,,,,,,,,,,
1990-403,Scottsdale,Hard,32,T4,,19901015,8,200041,2,,Amy Frazier,R,175,USA,18.070,15,68,200664,,,Stephanie Rehe,R,180,USA,20.942,110,11,6-1 6-0,3,R32,,,,,,,,,,,,,,,,,,,
1990-403,Scottsdale,Hard,32,T4,,19901015,9,200402,,,Wendy White,R,,USA,30.043,136,8,200444,,,Elise Burgin,L,,USA,28.614,158,5,5-7 7-6 6-3,3,R32,,,,,,,,,,,,,,,,,,,
1990-403,Scottsdale,Hard,32,T4,,19901015,10,200608,,,Audra Keller,,,USA,18.911,109,11,200407,,,Camille Benjamin,L,175,USA,24.370,107,11,7-5 6-2,3,R32,,,,,,,,,,,,,,,,,,,
1990-403,Scottsdale,Hard,32,T4,,19901015,11,200064,7,,Amanda Coetzer,R,158,RSA,18.982,64,17,200582,,,Maria Strandlund Tomsvik,,,SWE,21.161,154,6,6-2 6-3,3,R32,,,,,,,,,,,,,,,,,,,
1990-403,Scottsdale,Hard,32,T4,,19901015,12,200464,,,Ann Henricksson,,,USA,30.958,84,13,200472,3,,Helen Kelesi,R,,CAN,20.915,20,44,3-6 6-3 6-2,3,R32,,,,,,,,,,,,,,,,,,,
1990-403,Scottsdale,Hard,32,T4,,19901015,13,200514,,,Monique Javer,R,,GBR,23.234,131,8,200589,,,Halle Cioffi,,,USA,21.194,70,15,6-1 6-3,3,R32,,,,,,,,,,,,,,,,,,,
1990-403,Scottsdale,Hard,32,T4,,19901015,14,200599,,,Carrie Cunningham,,,USA,18.464,95,12,200602,,,Shaun Stafford,R,180,USA,21.838,152,6,6-2 6-4,3,R32,,,,,,,,,,,,,,,,,,,
1990-403,Scottsdale,Hard,32,T4,,19901015,15,200057,,Q,Erika De Lone,R,,USA,18.002,183,4,200419,6,,Kathy Rinaldi Stunkel,,,USA,23.562,55,20,6-3 6-2,3,R32,,,,,,,,,,,,,,,,,,,
1990-403,Scottsdale,Hard,32,T4,,19901015,16,200501,,,Marianne Werdel Witmeyer,,,USA,22.996,74,15,200428,5,,Lori Mcneil,,170,USA,26.826,49,21,6-1 6-0,3,R32,,,,,,,,,,,,,,,,,,,
1990-403,Scottsdale,Hard,32,T4,,19901015,17,200049,1,,Conchita Martinez,R,170,ESP,18.497,10,82,200402,,,Wendy White,R,,USA,30.043,136,8,6-3 6-0,3,R16,,,,,,,,,,,,,,,,,,,
1990-403,Scottsdale,Hard,32,T4,,19901015,18,200064,7,,Amanda Coetzer,R,158,RSA,18.982,64,17,200608,,,Audra Keller,,,USA,18.911,109,11,6-2 6-2,3,R16,,,,,,,,,,,,,,,,,,,
1990-403,Scottsdale,Hard,32,T4,,19901015,19,200514,,,Monique Javer,R,,GBR,23.234,131,8,200464,,,Ann Henricksson,,,USA,30.958,84,13,7-6 6-2,3,R16,,,,,,,,,,,,,,,,,,,
1990-403,Scottsdale,Hard,32,T4,,19901015,20,200057,,Q,Erika De Lone,R,,USA,18.002,183,4,200599,,,Carrie Cunningham,,,USA,18.464,95,12,7-5 6-2,3,R16,,,,,,,,,,,,,,,,,,,
1990-403,Scottsdale,Hard,32,T4,,19901015,21,200501,,,Marianne Werdel Witmeyer,,,USA,22.996,74,15,200959,,,Mareen Louie Harper,R,,USA,30.166,78,14,6-3 6-3,3,R16,,,,,,,,,,,,,,,,,,,
1990-403,Scottsdale,Hard,32,T4,,19901015,22,200673,4,,Susan Sloane Lundy,R,,USA,19.861,40,25,200699,,,Meredith Mcgrath,,,USA,19.467,69,15,6-4 1-6 6-4,3,R16,,,,,,,,,,,,,,,,,,,
1990-403,Scottsdale,Hard,32,T4,,19901015,23,200638,,LL,Stephanie Rottier,,,NED,16.729,241,2,200390,8,,Mary Lou Piatek,R,,USA,29.192,68,16,6-2 6-4,3,R16,,,,,,,,,,,,,,,,,,,
1990-403,Scottsdale,Hard,32,T4,,19901015,24,200041,2,,Amy Frazier,R,175,USA,18.070,15,68,200631,,Q,Maria Ekstrand,,,SWE,20.696,199,3,6-3 6-3,3,R16,,,,,,,,,,,,,,,,,,,
1990-403,Scottsdale,Hard,32,T4,,19901015,25,200049,1,,Conchita Martinez,R,170,ESP,18.497,10,82,200064,7,,Amanda Coetzer,R,158,RSA,18.982,64,17,6-3 6-2,3,QF,,,,,,,,,,,,,,,,,,,
1990-403,Scottsdale,Hard,32,T4,,19901015,26,200514,,,Monique Javer,R,,GBR,23.234,131,8,200057,,Q,Erika De Lone,R,,USA,18.002,183,4,6-1 6-2,3,QF,,,,,,,,,,,,,,,,,,,
1990-403,Scottsdale,Hard,32,T4,,19901015,27,200501,,,Marianne Werdel Witmeyer,,,USA,22.996,74,15,200673,4,,Susan Sloane Lundy,R,,USA,19.861,40,25,6-1 7-5,3,QF,,,,,,,,,,,,,,,,,,,
1990-403,Scottsdale,Hard,32,T4,,19901015,28,200041,2,,Amy Frazier,R,175,USA,18.070,15,68,200638,,LL,Stephanie Rottier,,,NED,16.729,241,2,6-3 6-2,3,QF,,,,,,,,,,,,,,,,,,,
1990-403,Scottsdale,Hard,32,T4,,19901015,29,200049,1,,Conchita Martinez,R,170,ESP,18.497,10,82,200514,,,Monique Javer,R,,GBR,23.234,131,8,6-1 6-1,3,SF,,,,,,,,,,,,,,,,,,,
1990-403,Scottsdale,Hard,32,T4,,19901015,30,200501,,,Marianne Werdel Witmeyer,,,USA,22.996,74,15,200041,2,,Amy Frazier,R,175,USA,18.070,15,68,6-4 6-1,3,SF,,,,,,,,,,,,,,,,,,,
1990-403,Scottsdale,Hard,32,T4,,19901015,31,200049,1,,Conchita Martinez,R,170,ESP,18.497,10,82,200501,,,Marianne Werdel Witmeyer,,,USA,22.996,74,15,7-5 6-1,3,F,,,,,,,,,,,,,,,,,,,
1990-410,Dorado,Hard,32,T4,,19901022,1,200404,1,,Zina Garrison,R,164,USA,26.933,8,113,200614,,,Elena Pampoulova,,,BUL,18.432,,,6-3 7-5,3,R32,,,,,,,,,,,,,,,,,,,
1990-410,Dorado,Hard,32,T4,,19901022,2,200469,,,Nicole Bradtke,R,176,AUS,21.082,50,20,200674,,,Bettina Fulco,R,,ARG,21.996,117,9,6-2 6-1,3,R32,,,,,,,,,,,,,,,,,,,
1990-410,Dorado,Hard,32,T4,,19901022,3,200608,4,,Audra Keller,,,USA,18.930,102,11,200064,,,Amanda Coetzer,R,158,RSA,19.001,58,18,6-2 6-2,3,R32,,,,,,,,,,,,,,,,,,,
1990-410,Dorado,Hard,32,T4,,19901022,4,200472,,,Helen Kelesi,R,,CAN,20.934,20,41,200407,7,,Camille Benjamin,L,175,USA,24.389,114,10,6-2 6-2,3,R32,,,,,,,,,,,,,,,,,,,
1990-410,Dorado,Hard,32,T4,,19901022,5,200428,7,,Lori Mcneil,,170,USA,26.845,52,20,201052,,,Federica Haumuller,,,ARG,17.879,132,8,6-3 6-2,3,R32,,,,,,,,,,,,,,,,,,,
1990-410,Dorado,Hard,32,T4,,19901022,6,200582,,Q,Maria Strandlund Tomsvik,,,SWE,21.180,153,6,200476,,,Cammy Macgregor,,168,USA,22.029,129,8,6-3 6-3,3,R32,,,,,,,,,,,,,,,,,,,
1990-410,Dorado,Hard,32,T4,,19901022,7,200699,,,Meredith Mcgrath,,,USA,19.486,65,17,200612,,,Natalia Medvedeva,R,176,UKR,18.935,98,11,7-5 6-4,3,R32,,,,,,,,,,,,,,,,,,,
1990-410,Dorado,Hard,32,T4,,19901022,8,200077,2,,Jennifer Capriati,R,170,USA,14.566,11,80,200632,,,Andrea Strnadova,,175,CZE,18.401,142,7,6-0 7-6,3,R32,,,,,,,,,,,,,,,,,,,
1990-410,Dorado,Hard,32,T4,,19901022,9,200661,,Q,Samantha Smith,R,,GBR,18.903,143,7,200705,,,Linda Ferrando,,170,ITA,24.775,55,19,4-6 6-3 7-5,3,R32,,,,,,,,,,,,,,,,,,,
1990-410,Dorado,Hard,32,T4,,19901022,10,200634,,Q,Elena Brioukhovets,,,UKR,19.373,105,11,201040,,LL,Luciana Corsato Owsianka,,,BRA,24.751,163,5,6-3 6-3,3,R32,,,,,,,,,,,,,,,,,,,
1990-410,Dorado,Hard,32,T4,,19901022,11,200595,8,,Ann Grossman,,,USA,20.025,49,21,200402,,,Wendy White,R,,USA,30.062,120,9,6-4 7-5,3,R32,,,,,,,,,,,,,,,,,,,
1990-410,Dorado,Hard,32,T4,,19901022,12,200481,,Q,Elna Reinach,,,RSA,21.887,103,11,200041,3,,Amy Frazier,R,175,USA,18.089,16,67,2-6 6-1 6-4,3,R32,,,,,,,,,,,,,,,,,,,
1990-410,Dorado,Hard,32,T4,,19901022,13,200599,,,Carrie Cunningham,,,USA,18.484,84,13,200497,,,Patricia Hy Boulais,R,163,CAN,25.167,100,11,5-1 RET,3,R32,,,,,,,,,,,,,,,,,,,
1990-410,Dorado,Hard,32,T4,,19901022,14,200026,,,Florencia Labat,L,170,ARG,19.362,125,9,200607,,,Beate Reinstadler,,168,AUT,23.426,81,13,6-4 6-3,3,R32,,,,,,,,,,,,,,,,,,,
1990-410,Dorado,Hard,32,T4,,19901022,15,200422,5,,Raffaella Reggi Concato,,170,ITA,24.901,21,41,200095,,,Linda Wild,R,,USA,19.694,88,13,7-5 6-2,3,R32,,,,,,,,,,,,,,,,,,,
1990-410,Dorado,Hard,32,T4,,19901022,16,200417,6,,Gigi Fernandez,,170,USA,26.664,29,32,200473,,,Beverly Bowes,R,,USA,25.118,147,7,7-6 6-3,3,R32,,,,,,,,,,,,,,,,,,,
1990-410,Dorado,Hard,32,T4,,19901022,17,200404,1,,Zina Garrison,R,164,USA,26.933,8,113,200661,,Q,Samantha Smith,R,,GBR,18.903,143,7,7-5 6-1,3,R16,,,,,,,,,,,,,,,,,,,
1990-410,Dorado,Hard,32,T4,,19901022,18,200595,8,,Ann Grossman,,,USA,20.025,49,21,200634,,Q,Elena Brioukhovets,,,UKR,19.373,105,11,6-1 4-6 7-6,3,R16,,,,,,,,,,,,,,,,,,,
1990-410,Dorado,Hard,32,T4,,19901022,19,200599,,,Carrie Cunningham,,,USA,18.484,84,13,200481,,Q,Elna Reinach,,,RSA,21.887,103,11,2-6 7-5 6-1,3,R16,,,,,,,,,,,,,,,,,,,
1990-410,Dorado,Hard,32,T4,,19901022,20,200026,,,Florencia Labat,L,170,ARG,19.362,125,9,200422,5,,Raffaella Reggi Concato,,170,ITA,24.901,21,41,6-4 4-6 7-6,3,R16,,,,,,,,,,,,,,,,,,,
1990-410,Dorado,Hard,32,T4,,19901022,21,200417,6,,Gigi Fernandez,,170,USA,26.664,29,32,200469,,,Nicole Bradtke,R,176,AUS,21.082,50,20,6-4 7-6,3,R16,,,,,,,,,,,,,,,,,,,
1990-410,Dorado,Hard,32,T4,,19901022,22,200608,4,,Audra Keller,,,USA,18.930,102,11,200472,,,Helen Kelesi,R,,CAN,20.934,20,41,6-3 2-6 6-4,3,R16,,,,,,,,,,,,,,,,,,,
1990-410,Dorado,Hard,32,T4,,19901022,23,200582,,Q,Maria Strandlund Tomsvik,,,SWE,21.180,153,6,200428,7,,Lori Mcneil,,170,USA,26.845,52,20,7-5 6-7 6-1,3,R16,,,,,,,,,,,,,,,,,,,
1990-410,Dorado,Hard,32,T4,,19901022,24,200077,2,,Jennifer Capriati,R,170,USA,14.566,11,80,200699,,,Meredith Mcgrath,,,USA,19.486,65,17,6-3 6-2,3,R16,,,,,,,,,,,,,,,,,,,
1990-410,Dorado,Hard,32,T4,,19901022,25,200404,1,,Zina Garrison,R,164,USA,26.933,8,113,200595,8,,Ann Grossman,,,USA,20.025,49,21,7-6 3-6 6-1,3,QF,,,,,,,,,,,,,,,,,,,
1990-410,Dorado,Hard,32,T4,,19901022,26,200599,,,Carrie Cunningham,,,USA,18.484,84,13,200026,,,Florencia Labat,L,170,ARG,19.362,125,9,6-2 6-3,3,QF,,,,,,,,,,,,,,,,,,,
1990-410,Dorado,Hard,32,T4,,19901022,27,200417,6,,Gigi Fernandez,,170,USA,26.664,29,32,200608,4,,Audra Keller,,,USA,18.930,102,11,6-1 4-6 6-4,3,QF,,,,,,,,,,,,,,,,,,,
1990-410,Dorado,Hard,32,T4,,19901022,28,200077,2,,Jennifer Capriati,R,170,USA,14.566,11,80,200582,,Q,Maria Strandlund Tomsvik,,,SWE,21.180,153,6,6-1 6-4,3,QF,,,,,,,,,,,,,,,,,,,
1990-410,Dorado,Hard,32,T4,,19901022,29,200404,1,,Zina Garrison,R,164,USA,26.933,8,113,200599,,,Carrie Cunningham,,,USA,18.484,84,13,6-4 6-4,3,SF,,,,,,,,,,,,,,,,,,,
1990-410,Dorado,Hard,32,T4,,19901022,30,200077,2,,Jennifer Capriati,R,170,USA,14.566,11,80,200417,6,,Gigi Fernandez,,170,USA,26.664,29,32,6-2 6-1,3,SF,,,,,,,,,,,,,,,,,,,
1990-410,Dorado,Hard,32,T4,,19901022,31,200077,2,,Jennifer Capriati,R,170,USA,14.566,11,80,200404,1,,Zina Garrison,R,164,USA,26.933,8,113,5-7 6-4 6-2,3,F,,,,,,,,,,,,,,,,,,,
1990-714,Brighton,Carpet,32,T2,,19901023,1,200414,1,,Steffi Graf,R,175,GER,21.358,1,286,200573,,,Cecilia Dahlman,R,178,SWE,22.248,80,14,6-2 6-2,3,R32,,,,,,,,,,,,,,,,,,,
1990-714,Brighton,Carpet,32,T2,,19901023,2,200500,,,Pilar Vasquez,,,PER,27.442,151,6,200504,,Q,Julie Salmon,,,GBR,25.293,217,3,4-6 7-6 6-3,3,R32,,,,,,,,,,,,,,,,,,,
1990-714,Brighton,Carpet,32,T2,,19901023,3,200086,,,Magdalena Maleeva,R,168,BUL,15.562,73,15,200566,,,Donna Faber,,,USA,19.302,75,14,6-4 6-2,3,R32,,,,,,,,,,,,,,,,,,,
1990-714,Brighton,Carpet,32,T2,,19901023,4,200377,4,,Helena Sukova,R,188,CZE,25.662,14,74,201274,,Q,Viktoria Milvidskaia,,,RUS,23.510,187,4,6-4 7-6,3,R32,,,,,,,,,,,,,,,,,,,
1990-714,Brighton,Carpet,32,T2,,19901023,5,200725,7,,Sandra Cecchini,R,170,ITA,25.651,23,40,201180,,,Belinda Borneo,R,,GBR,23.951,247,2,6-3 6-4,3,R32,,,,,,,,,,,,,,,,,,,
1990-714,Brighton,Carpet,32,T2,,19901023,6,200686,,,Sandra Dopfer,,174,AUT,20.414,150,7,201049,,,Denisa Krajcovicova,,173,SVK,22.013,141,7,7-5 6-3,3,R32,,,,,,,,,,,,,,,,,,,
1990-714,Brighton,Carpet,32,T2,,19901023,7,201190,,Q,Kaye Marfini Hand,,,GBR,22.051,397,0,200554,,,Brenda Schultz Mccarthy,R,188,NED,19.820,46,22,7-6 7-6,3,R32,,,,,,,,,,,,,,,,,,,
1990-714,Brighton,Carpet,32,T2,,19901023,8,200455,2,,Katerina Maleeva,R,168,BUL,21.462,7,116,200623,,,Petra Thoren,,,FIN,21.208,154,6,6-3 5-7 6-3,3,R32,,,,,,,,,,,,,,,,,,,
1990-714,Brighton,Carpet,32,T2,,19901023,9,200576,,,Nathalie Herreman,L,,FRA,24.573,67,17,200354,,,Claudia Kohde Kilsch,R,187,GER,26.867,44,24,7-6 7-5,3,R32,,,,,,,,,,,,,,,,,,,
1990-714,Brighton,Carpet,32,T2,,19901023,10,200415,,Q,Catherine Suire,R,167,FRA,31.105,226,2,200484,,LL,Ann Devries,R,,BEL,20.652,203,3,6-4 7-5,3,R32,,,,,,,,,,,,,,,,,,,
1990-714,Brighton,Carpet,32,T2,,19901023,11,200097,6,,Nathalie Tauziat,R,165,FRA,23.018,18,57,200520,,,Sarah Loosemore,,,GBR,19.357,85,13,6-1 6-2,3,R32,,,,,,,,,,,,,,,,,,,
1990-714,Brighton,Carpet,32,T2,,19901023,12,200542,,,Clare Wood,R,,GBR,22.626,169,5,200116,5,,Natalia Zvereva,R,174,BLR,19.521,15,72,6-3 6-3,3,R32,,,,,,,,,,,,,,,,,,,
1990-714,Brighton,Carpet,32,T2,,19901023,13,200453,,,Catarina Lindqvist Ryan,R,165,SWE,27.363,43,24,200392,,,Jo Durie,R,163,GBR,30.240,63,17,3-6 6-4 6-2,3,R32,,,,,,,,,,,,,,,,,,,
1990-714,Brighton,Carpet,32,T2,,19901023,14,200561,,,Cathy Caverzasio,,,SUI,18.067,53,20,200395,,,Catherine Tanvier,R,174,FRA,25.405,92,12,6-2 7-5,3,R32,,,,,,,,,,,,,,,,,,,
1990-714,Brighton,Carpet,32,T2,,19901023,15,200037,8,,Sabine Appelmans,L,168,BEL,18.503,27,32,201021,,,Laura Garrone,R,166,ITA,22.938,64,17,2-6 6-4 6-2,3,R32,,,,,,,,,,,,,,,,,,,
1990-714,Brighton,Carpet,32,T2,,19901023,16,200443,,,Sara Gomer,L,188,GBR,26.445,130,8,200105,,,Rachel Mcquillan,,170,AUS,18.892,38,26,6-1 6-1,3,R32,,,,,,,,,,,,,,,,,,,
1990-714,Brighton,Carpet,32,T2,,19901023,17,200414,1,,Steffi Graf,R,175,GER,21.358,1,286,200576,,,Nathalie Herreman,L,,FRA,24.573,67,17,6-4 6-2,3,R16,,,,,,,,,,,,,,,,,,,
1990-714,Brighton,Carpet,32,T2,,19901023,18,200097,6,,Nathalie Tauziat,R,165,FRA,23.018,18,57,200415,,Q,Catherine Suire,R,167,FRA,31.105,226,2,7-6 6-4,3,R16,,,,,,,,,,,,,,,,,,,
1990-714,Brighton,Carpet,32,T2,,19901023,19,200453,,,Catarina Lindqvist Ryan,R,165,SWE,27.363,43,24,200542,,,Clare Wood,R,,GBR,22.626,169,5,6-2 6-0,3,R16,,,,,,,,,,,,,,,,,,,
1990-714,Brighton,Carpet,32,T2,,19901023,20,200561,,,Cathy Caverzasio,,,SUI,18.067,53,20,200037,8,,Sabine Appelmans,L,168,BEL,18.503,27,32,6-2 7-5,3,R16,,,,,,,,,,,,,,,,,,,
1990-714,Brighton,Carpet,32,T2,,19901023,21,200443,,,Sara Gomer,L,188,GBR,26.445,130,8,200500,,,Pilar Vasquez,,,PER,27.442,151,6,6-7 6-4 6-4,3,R16,,,,,,,,,,,,,,,,,,,
1990-714,Brighton,Carpet,32,T2,,19901023,22,200377,4,,Helena Sukova,R,188,CZE,25.662,14,74,200086,,,Magdalena Maleeva,R,168,BUL,15.562,73,15,6-4 6-1,3,R16,,,,,,,,,,,,,,,,,,,
1990-714,Brighton,Carpet,32,T2,,19901023,23,200725,7,,Sandra Cecchini,R,170,ITA,25.651,23,40,200686,,,Sandra Dopfer,,174,AUT,20.414,150,7,7-6 6-3,3,R16,,,,,,,,,,,,,,,,,,,
1990-714,Brighton,Carpet,32,T2,,19901023,24,200455,2,,Katerina Maleeva,R,168,BUL,21.462,7,116,201190,,Q,Kaye Marfini Hand,,,GBR,22.051,397,0,6-2 6-2,3,R16,,,,,,,,,,,,,,,,,,,
1990-714,Brighton,Carpet,32,T2,,19901023,25,200414,1,,Steffi Graf,R,175,GER,21.358,1,286,200097,6,,Nathalie Tauziat,R,165,FRA,23.018,18,57,6-2 6-4,3,QF,,,,,,,,,,,,,,,,,,,
1990-714,Brighton,Carpet,32,T2,,19901023,26,200453,,,Catarina Lindqvist Ryan,R,165,SWE,27.363,43,24,200561,,,Cathy Caverzasio,,,SUI,18.067,53,20,6-2 6-3,3,QF,,,,,,,,,,,,,,,,,,,
1990-714,Brighton,Carpet,32,T2,,19901023,27,200377,4,,Helena Sukova,R,188,CZE,25.662,14,74,200443,,,Sara Gomer,L,188,GBR,26.445,130,8,6-1 6-1,3,QF,,,,,,,,,,,,,,,,,,,
1990-714,Brighton,Carpet,32,T2,,19901023,28,200455,2,,Katerina Maleeva,R,168,BUL,21.462,7,116,200725,7,,Sandra Cecchini,R,170,ITA,25.651,23,40,7-5 6-0,3,QF,,,,,,,,,,,,,,,,,,,
1990-714,Brighton,Carpet,32,T2,,19901023,29,200414,1,,Steffi Graf,R,175,GER,21.358,1,286,200453,,,Catarina Lindqvist Ryan,R,165,SWE,27.363,43,24,6-2 7-5,3,SF,,,,,,,,,,,,,,,,,,,
1990-714,Brighton,Carpet,32,T2,,19901023,30,200377,4,,Helena Sukova,R,188,CZE,25.662,14,74,200455,2,,Katerina Maleeva,R,168,BUL,21.462,7,116,6-4 6-7 6-3,3,SF,,,,,,,,,,,,,,,,,,,
1990-714,Brighton,Carpet,32,T2,,19901023,31,200414,1,,Steffi Graf,R,175,GER,21.358,1,286,200377,4,,Helena Sukova,R,188,CZE,25.662,14,74,7-5 6-3,3,F,,,,,,,,,,,,,,,,,,,
1990-703,Oakland,Carpet,28,T2,,19901029,1,200416,,,Robin White,R,164,USA,26.886,62,18,200641,,,Patricia Tarabini,R,165,ARG,22.229,53,20,6-3 6-4,3,R32,,,,,,,,,,,,,,,,,,,
1990-703,Oakland,Carpet,28,T2,,19901029,2,200630,7,,Laura Arraya,R,173,PER,26.796,23,36,200548,,,Patty Fendick,R,165,USA,25.580,38,26,7-5 6-0,3,R32,,,,,,,,,,,,,,,,,,,
1990-703,Oakland,Carpet,28,T2,,19901029,3,200664,,,Stephanie Rehe,R,180,USA,20.981,108,11,200096,,,Mary Pierce,R,178,FRA,15.787,104,11,6-7 6-1 6-2,3,R32,,,,,,,,,,,,,,,,,,,
1990-703,Oakland,Carpet,28,T2,,19901029,4,200442,,,Andrea Temesvari,R,182,HUN,24.510,148,7,200026,,,Florencia Labat,L,170,ARG,19.382,110,10,6-2 6-0,3,R32,,,,,,,,,,,,,,,,,,,
1990-703,Oakland,Carpet,28,T2,,19901029,5,200530,,,Radomira Zrubakova,R,169,SVK,19.842,70,17,200566,,,Donna Faber,,,USA,19.319,85,13,6-1 6-1,3,R32,,,,,,,,,,,,,,,,,,,
1990-703,Oakland,Carpet,28,T2,,19901029,6,200482,6,,Judith Wiesner,R,,AUT,24.660,16,64,200464,,,Ann Henricksson,,,USA,30.996,79,14,7-6 6-4,3,R32,,,,,,,,,,,,,,,,,,,
1990-703,Oakland,Carpet,28,T2,,19901029,7,200699,,,Meredith Mcgrath,,,USA,19.505,57,19,200610,,,Stacey Martin,,,USA,19.959,103,11,6-1 7-5,3,R32,,,,,,,,,,,,,,,,,,,
1990-703,Oakland,Carpet,28,T2,,19901029,8,200357,,,Rosalyn Fairbank,R,173,USA,29.988,26,34,201741,,,Alysia May,,,USA,19.743,304,1,7-6 7-5,3,R32,,,,,,,,,,,,,,,,,,,
1990-703,Oakland,Carpet,28,T2,,19901029,9,200378,8,,Anne Smith,R,165,USA,31.330,24,35,200959,,,Mareen Louie Harper,R,,USA,30.205,76,14,6-3 6-2,3,R32,,,,,,,,,,,,,,,,,,,
1990-703,Oakland,Carpet,28,T2,,19901029,10,200041,5,,Amy Frazier,R,175,USA,18.109,17,63,200403,,,Andrea Leand,R,173,USA,26.779,119,9,6-0 4-6 6-2,3,R32,,,,,,,,,,,,,,,,,,,
1990-703,Oakland,Carpet,28,T2,,19901029,11,200501,,,Marianne Werdel Witmeyer,,,USA,23.034,54,20,200640,,,Mercedes Paz,R,180,ARG,24.340,39,26,4-6 6-3 6-3,3,R32,,,,,,,,,,,,,,,,,,,
1990-703,Oakland,Carpet,28,T2,,19901029,12,200390,,,Mary Lou Piatek,R,,USA,29.230,63,17,200514,,,Monique Javer,R,,GBR,23.272,88,13,3-6 6-2 6-4,3,R32,,,,,,,,,,,,,,,,,,,
1990-703,Oakland,Carpet,28,T2,,19901029,13,200293,1,,Martina Navratilova,L,173,USA,34.029,2,203,200416,,,Robin White,R,164,USA,26.886,62,18,6-2 6-3,3,R16,,,,,,,,,,,,,,,,,,,
1990-703,Oakland,Carpet,28,T2,,19901029,14,200530,,,Radomira Zrubakova,R,169,SVK,19.842,70,17,200482,6,,Judith Wiesner,R,,AUT,24.660,16,64,6-2 6-1,3,R16,,,,,,,,,,,,,,,,,,,
1990-703,Oakland,Carpet,28,T2,,19901029,15,200699,,,Meredith Mcgrath,,,USA,19.505,57,19,200604,4,,Barbara Paulus,R,177,AUT,20.159,13,80,6-7 6-1 6-0,3,R16,,,,,,,,,,,,,,,,,,,
1990-703,Oakland,Carpet,28,T2,,19901029,16,200357,,,Rosalyn Fairbank,R,173,USA,29.988,26,34,200378,8,,Anne Smith,R,165,USA,31.330,24,35,7-6 6-1,3,R16,,,,,,,,,,,,,,,,,,,
1990-703,Oakland,Carpet,28,T2,,19901029,17,200501,,,Marianne Werdel Witmeyer,,,USA,23.034,54,20,200041,5,,Amy Frazier,R,175,USA,18.109,17,63,7-6 6-7 6-4,3,R16,,,,,,,,,,,,,,,,,,,
1990-703,Oakland,Carpet,28,T2,,19901029,18,200404,3,,Zina Garrison,R,164,USA,26.952,8,113,200390,,,Mary Lou Piatek,R,,USA,29.230,63,17,6-2 7-5,3,R16,,,,,,,,,,,,,,,,,,,
1990-703,Oakland,Carpet,28,T2,,19901029,19,200664,,,Stephanie Rehe,R,180,USA,20.981,108,11,200630,7,,Laura Arraya,R,173,PER,26.796,23,36,6-4 6-4,3,R16,,,,,,,,,,,,,,,,,,,
1990-703,Oakland,Carpet,28,T2,,19901029,20,200652,2,,Monica Seles,L,178,USA,16.907,3,184,200442,,,Andrea Temesvari,R,182,HUN,24.510,148,7,6-1 6-2,3,R16,,,,,,,,,,,,,,,,,,,
1990-703,Oakland,Carpet,28,T2,,19901029,21,200293,1,,Martina Navratilova,L,173,USA,34.029,2,203,200530,,,Radomira Zrubakova,R,169,SVK,19.842,70,17,6-2 6-0,3,QF,,,,,,,,,,,,,,,,,,,
1990-703,Oakland,Carpet,28,T2,,19901029,22,200699,,,Meredith Mcgrath,,,USA,19.505,57,19,200357,,,Rosalyn Fairbank,R,173,USA,29.988,26,34,6-3 4-6 6-3,3,QF,,,,,,,,,,,,,,,,,,,
1990-703,Oakland,Carpet,28,T2,,19901029,23,200404,3,,Zina Garrison,R,164,USA,26.952,8,113,200501,,,Marianne Werdel Witmeyer,,,USA,23.034,54,20,6-7 6-1 6-2,3,QF,,,,,,,,,,,,,,,,,,,
1990-703,Oakland,Carpet,28,T2,,19901029,24,200652,2,,Monica Seles,L,178,USA,16.907,3,184,200664,,,Stephanie Rehe,R,180,USA,20.981,108,11,6-1 6-2,3,QF,,,,,,,,,,,,,,,,,,,
1990-703,Oakland,Carpet,28,T2,,19901029,25,200293,1,,Martina Navratilova,L,173,USA,34.029,2,203,200699,,,Meredith Mcgrath,,,USA,19.505,57,19,6-4 6-3,3,SF,,,,,,,,,,,,,,,,,,,
1990-703,Oakland,Carpet,28,T2,,19901029,26,200652,2,,Monica Seles,L,178,USA,16.907,3,184,200404,3,,Zina Garrison,R,164,USA,26.952,8,113,6-1 3-6 6-2,3,SF,,,,,,,,,,,,,,,,,,,
1990-703,Oakland,Carpet,28,T2,,19901029,27,200652,2,,Monica Seles,L,178,USA,16.907,3,184,200293,1,,Martina Navratilova,L,173,USA,34.029,2,203,6-3 7-6,3,F,,,,,,,,,,,,,,,,,,,
1990-508,Brentwood,Hard,32,T4,,19901029,1,200573,,,Cecilia Dahlman,R,178,SWE,22.265,82,13,200601,1,,Leila Meskhi,R,164,GEO,22.815,19,56,7-6 7-5,3,R32,,,,,,,,,,,,,,,,,,,
1990-508,Brentwood,Hard,32,T4,,19901029,2,200608,,,Audra Keller,,,USA,18.949,87,13,200589,,,Halle Cioffi,,,USA,21.232,78,14,4-6 7-6 7-6,3,R32,,,,,,,,,,,,,,,,,,,
1990-508,Brentwood,Hard,32,T4,,19901029,3,200547,,,Sandra Wasserman,R,173,BEL,20.638,100,11,200407,,,Camille Benjamin,L,175,USA,24.408,124,9,6-3 1-6 6-3,3,R32,,,,,,,,,,,,,,,,,,,
1990-508,Brentwood,Hard,32,T4,,19901029,4,200422,3,,Raffaella Reggi Concato,,170,ITA,24.920,22,38,200064,,,Amanda Coetzer,R,158,RSA,19.020,69,17,6-4 6-2,3,R32,,,,,,,,,,,,,,,,,,,
1990-508,Brentwood,Hard,32,T4,,19901029,5,200554,8,,Brenda Schultz Mccarthy,R,188,NED,19.836,50,21,200557,,,Katrina Adams,R,165,USA,22.232,209,3,7-6 6-3,3,R32,,,,,,,,,,,,,,,,,,,
1990-508,Brentwood,Hard,32,T4,,19901029,6,200481,,,Elna Reinach,,,RSA,21.906,123,9,200595,,,Ann Grossman,,,USA,20.044,48,22,6-1 6-3,3,R32,,,,,,,,,,,,,,,,,,,
1990-508,Brentwood,Hard,32,T4,,19901029,7,200095,,,Linda Wild,R,,USA,19.713,97,12,200013,,,Angelica Gavaldon,R,,MEX,17.071,55,20,4-6 6-2 6-0,3,R32,,,,,,,,,,,,,,,,,,,
1990-508,Brentwood,Hard,32,T4,,19901029,8,200469,,,Nicole Bradtke,R,176,AUS,21.101,52,20,200472,2,,Helen Kelesi,R,,CAN,20.953,21,39,7-6 6-3,3,R32,,,,,,,,,,,,,,,,,,,
1990-508,Brentwood,Hard,32,T4,,19901029,9,200543,,Q,Jill Hetherington,R,170,CAN,26.005,317,1,200448,,Q,Sandy Collins,,178,USA,32.044,175,4,6-4 7-5,3,R32,,,,,,,,,,,,,,,,,,,
1990-508,Brentwood,Hard,32,T4,,19901029,10,200612,,,Natalia Medvedeva,R,176,UKR,18.955,106,11,200057,,Q,Erika De Lone,R,,USA,18.040,145,7,7-6 6-2,3,R32,,,,,,,,,,,,,,,,,,,
1990-508,Brentwood,Hard,32,T4,,19901029,11,200705,,,Linda Ferrando,,170,ITA,24.794,60,18,200362,7,,Liz Smylie,R,170,AUS,27.552,44,23,6-4 6-3,3,R32,,,,,,,,,,,,,,,,,,,
1990-508,Brentwood,Hard,32,T4,,19901029,12,200444,,,Elise Burgin,L,,USA,28.652,163,5,200480,4,,Claudia Porwik,,,GER,21.955,31,30,6-4 1-6 6-4,3,R32,,,,,,,,,,,,,,,,,,,
1990-508,Brentwood,Hard,32,T4,,19901029,13,200624,,Q,Tami Whitlinger Jones,,,USA,21.958,105,11,200674,,,Bettina Fulco,R,,ARG,22.016,121,9,7-6 6-0,3,R32,,,,,,,,,,,,,,,,,,,
1990-508,Brentwood,Hard,32,T4,,19901029,14,200634,,,Elena Brioukhovets,,,UKR,19.393,99,12,200607,,,Beate Reinstadler,,168,AUT,23.445,91,12,7-5 7-5,3,R32,,,,,,,,,,,,,,,,,,,
1990-508,Brentwood,Hard,32,T4,,19901029,15,200701,,,Caroline Vis,R,180,NED,20.655,222,3,200450,6,,Larisa Savchenko,,169,URS,24.274,42,25,6-3 7-6,3,R32,,,,,,,,,,,,,,,,,,,
1990-508,Brentwood,Hard,32,T4,,19901029,16,200673,5,,Susan Sloane Lundy,R,,USA,19.899,36,26,200614,,,Elena Pampoulova,,,BUL,18.451,,,6-3 6-2,3,R32,,,,,,,,,,,,,,,,,,,
1990-508,Brentwood,Hard,32,T4,,19901029,17,200573,,,Cecilia Dahlman,R,178,SWE,22.265,82,13,200543,,Q,Jill Hetherington,R,170,CAN,26.005,317,1,7-5 6-0,3,R16,,,,,,,,,,,,,,,,,,,
1990-508,Brentwood,Hard,32,T4,,19901029,18,200612,,,Natalia Medvedeva,R,176,UKR,18.955,106,11,200705,,,Linda Ferrando,,170,ITA,24.794,60,18,6-7 6-2 6-3,3,R16,,,,,,,,,,,,,,,,,,,
1990-508,Brentwood,Hard,32,T4,,19901029,19,200624,,Q,Tami Whitlinger Jones,,,USA,21.958,105,11,200444,,,Elise Burgin,L,,USA,28.652,163,5,4-6 6-2 6-0,3,R16,,,,,,,,,,,,,,,,,,,
1990-508,Brentwood,Hard,32,T4,,19901029,20,200634,,,Elena Brioukhovets,,,UKR,19.393,99,12,200701,,,Caroline Vis,R,180,NED,20.655,222,3,3-6 6-2 6-2,3,R16,,,,,,,,,,,,,,,,,,,
1990-508,Brentwood,Hard,32,T4,,19901029,21,200673,5,,Susan Sloane Lundy,R,,USA,19.899,36,26,200608,,,Audra Keller,,,USA,18.949,87,13,6-3 6-2,3,R16,,,,,,,,,,,,,,,,,,,
1990-508,Brentwood,Hard,32,T4,,19901029,22,200422,3,,Raffaella Reggi Concato,,170,ITA,24.920,22,38,200547,,,Sandra Wasserman,R,173,BEL,20.638,100,11,6-4 6-4,3,R16,,,,,,,,,,,,,,,,,,,
1990-508,Brentwood,Hard,32,T4,,19901029,23,200481,,,Elna Reinach,,,RSA,21.906,123,9,200554,8,,Brenda Schultz Mccarthy,R,188,NED,19.836,50,21,4-6 6-1 6-4,3,R16,,,,,,,,,,,,,,,,,,,
1990-508,Brentwood,Hard,32,T4,,19901029,24,200095,,,Linda Wild,R,,USA,19.713,97,12,200469,,,Nicole Bradtke,R,176,AUS,21.101,52,20,7-6 6-2,3,R16,,,,,,,,,,,,,,,,,,,
1990-508,Brentwood,Hard,32,T4,,19901029,25,200612,,,Natalia Medvedeva,R,176,UKR,18.955,106,11,200573,,,Cecilia Dahlman,R,178,SWE,22.265,82,13,6-3 6-4,3,QF,,,,,,,,,,,,,,,,,,,
1990-508,Brentwood,Hard,32,T4,,19901029,26,200634,,,Elena Brioukhovets,,,UKR,19.393,99,12,200624,,Q,Tami Whitlinger Jones,,,USA,21.958,105,11,6-3 5-7 6-1,3,QF,,,,,,,,,,,,,,,,,,,
1990-508,Brentwood,Hard,32,T4,,19901029,27,200673,5,,Susan Sloane Lundy,R,,USA,19.899,36,26,200422,3,,Raffaella Reggi Concato,,170,ITA,24.920,22,38,6-3 6-3,3,QF,,,,,,,,,,,,,,,,,,,
1990-508,Brentwood,Hard,32,T4,,19901029,28,200481,,,Elna Reinach,,,RSA,21.906,123,9,200095,,,Linda Wild,R,,USA,19.713,97,12,6-3 6-3,3,QF,,,,,,,,,,,,,,,,,,,
1990-508,Brentwood,Hard,32,T4,,19901029,29,200612,,,Natalia Medvedeva,R,176,UKR,18.955,106,11,200634,,,Elena Brioukhovets,,,UKR,19.393,99,12,6-3 6-4,3,SF,,,,,,,,,,,,,,,,,,,
1990-508,Brentwood,Hard,32,T4,,19901029,30,200673,5,,Susan Sloane Lundy,R,,USA,19.899,36,26,200481,,,Elna Reinach,,,RSA,21.906,123,9,6-3 4-6 6-0,3,SF,,,,,,,,,,,,,,,,,,,
1990-508,Brentwood,Hard,32,T4,,19901029,31,200612,,,Natalia Medvedeva,R,176,UKR,18.955,106,11,200673,5,,Susan Sloane Lundy,R,,USA,19.899,36,26,6-3 7-6,3,F,,,,,,,,,,,,,,,,,,,
1990-507,Indianapolis,Hard,32,T4,,19901105,1,200455,1,,Katerina Maleeva,R,168,BUL,21.498,7,112,200547,,,Sandra Wasserman,R,173,BEL,20.658,98,12,6-2 6-1,3,R32,,,,,,,,,,,,,,,,,,,
1990-507,Indianapolis,Hard,32,T4,,19901105,2,200612,,,Natalia Medvedeva,R,176,UKR,18.974,69,17,200610,,,Stacey Martin,,,USA,19.979,107,11,6-1 1-6 6-4,3,R32,,,,,,,,,,,,,,,,,,,
1990-507,Indianapolis,Hard,32,T4,,19901105,3,200699,,,Meredith Mcgrath,,,USA,19.524,36,26,200566,,,Donna Faber,,,USA,19.338,101,12,6-4 7-6,3,R32,,,,,,,,,,,,,,,,,,,
1990-507,Indianapolis,Hard,32,T4,,19901105,4,200604,3,,Barbara Paulus,R,177,AUT,20.178,14,74,200694,,Q,Elly Hakami,,,USA,21.197,,,7-5 6-2,3,R32,,,,,,,,,,,,,,,,,,,
1990-507,Indianapolis,Hard,32,T4,,19901105,5,200480,6,,Claudia Porwik,,,GER,21.974,31,29,202035,,,Holyn Lord,,,USA,17.065,,,6-0 6-4,3,R32,,,,,,,,,,,,,,,,,,,
1990-507,Indianapolis,Hard,32,T4,,19901105,6,200469,,,Nicole Bradtke,R,176,AUS,21.120,53,20,200057,,Q,Erika De Lone,R,,USA,18.059,142,7,6-2 6-7 6-2,3,R32,,,,,,,,,,,,,,,,,,,
1990-507,Indianapolis,Hard,32,T4,,19901105,7,200481,,,Elna Reinach,,,RSA,21.925,90,13,200573,,,Cecilia Dahlman,R,178,SWE,22.284,78,15,6-3 1-6 6-1,3,R32,,,,,,,,,,,,,,,,,,,
1990-507,Indianapolis,Hard,32,T4,,19901105,8,200049,2,,Conchita Martinez,R,170,ESP,18.555,11,90,200674,,LL,Bettina Fulco,R,,ARG,22.035,123,9,6-1 6-2,3,R32,,,,,,,,,,,,,,,,,,,
1990-507,Indianapolis,Hard,32,T4,,19901105,9,200614,,,Elena Pampoulova,,,BUL,18.470,,,200589,,,Halle Cioffi,,,USA,21.252,108,11,3-6 7-6 6-3,3,R32,,,,,,,,,,,,,,,,,,,
1990-507,Indianapolis,Hard,32,T4,,19901105,10,200959,,,Mareen Louie Harper,R,,USA,30.224,80,14,200623,,Q,Petra Thoren,,,FIN,21.243,167,5,6-4 6-4,3,R32,,,,,,,,,,,,,,,,,,,
1990-507,Indianapolis,Hard,32,T4,,19901105,11,200673,7,,Susan Sloane Lundy,R,,USA,19.918,27,33,200705,,,Linda Ferrando,,170,ITA,24.814,63,18,7-6 6-1,3,R32,,,,,,,,,,,,,,,,,,,
1990-507,Indianapolis,Hard,32,T4,,19901105,12,200601,4,,Leila Meskhi,R,164,GEO,22.834,19,56,200399,,,Jennifer Mundel,L,178,RSA,28.792,,,6-1 6-2,3,R32,,,,,,,,,,,,,,,,,,,
1990-507,Indianapolis,Hard,32,T4,,19901105,13,200602,,Q,Shaun Stafford,R,180,USA,21.895,160,5,200095,,,Linda Wild,R,,USA,19.732,82,14,6-1 6-2,3,R32,,,,,,,,,,,,,,,,,,,
1990-507,Indianapolis,Hard,32,T4,,19901105,14,200013,,,Angelica Gavaldon,R,,MEX,17.090,54,20,201722,,LL,Luanne Spadea,,,USA,17.854,195,3,7-5 6-7 6-2,3,R32,,,,,,,,,,,,,,,,,,,
1990-507,Indianapolis,Hard,32,T4,,19901105,15,200422,5,,Raffaella Reggi Concato,,170,ITA,24.940,25,34,200599,,,Carrie Cunningham,,,USA,18.522,66,17,6-4 6-2,3,R32,,,,,,,,,,,,,,,,,,,
1990-507,Indianapolis,Hard,32,T4,,19901105,16,200548,8,,Patty Fendick,R,165,USA,25.599,41,24,200608,,,Audra Keller,,,USA,18.968,83,13,6-3 6-1,3,R32,,,,,,,,,,,,,,,,,,,
1990-507,Indianapolis,Hard,32,T4,,19901105,17,200455,1,,Katerina Maleeva,R,168,BUL,21.498,7,112,200614,,,Elena Pampoulova,,,BUL,18.470,,,6-1 6-2,3,R16,,,,,,,,,,,,,,,,,,,
1990-507,Indianapolis,Hard,32,T4,,19901105,18,200673,7,,Susan Sloane Lundy,R,,USA,19.918,27,33,200959,,,Mareen Louie Harper,R,,USA,30.224,80,14,6-4 6-2,3,R16,,,,,,,,,,,,,,,,,,,
1990-507,Indianapolis,Hard,32,T4,,19901105,19,200601,4,,Leila Meskhi,R,164,GEO,22.834,19,56,200602,,Q,Shaun Stafford,R,180,USA,21.895,160,5,6-2 6-1,3,R16,,,,,,,,,,,,,,,,,,,
1990-507,Indianapolis,Hard,32,T4,,19901105,20,200422,5,,Raffaella Reggi Concato,,170,ITA,24.940,25,34,200013,,,Angelica Gavaldon,R,,MEX,17.090,54,20,3-6 6-2 7-5,3,R16,,,,,,,,,,,,,,,,,,,
1990-507,Indianapolis,Hard,32,T4,,19901105,21,200612,,,Natalia Medvedeva,R,176,UKR,18.974,69,17,200548,8,,Patty Fendick,R,165,USA,25.599,41,24,6-3 6-3,3,R16,,,,,,,,,,,,,,,,,,,
1990-507,Indianapolis,Hard,32,T4,,19901105,22,200699,,,Meredith Mcgrath,,,USA,19.524,36,26,200604,3,,Barbara Paulus,R,177,AUT,20.178,14,74,3-6 7-6 6-2,3,R16,,,,,,,,,,,,,,,,,,,
1990-507,Indianapolis,Hard,32,T4,,19901105,23,200469,,,Nicole Bradtke,R,176,AUS,21.120,53,20,200480,6,,Claudia Porwik,,,GER,21.974,31,29,6-1 6-4,3,R16,,,,,,,,,,,,,,,,,,,
1990-507,Indianapolis,Hard,32,T4,,19901105,24,200049,2,,Conchita Martinez,R,170,ESP,18.555,11,90,200481,,,Elna Reinach,,,RSA,21.925,90,13,6-1 5-7 6-2,3,R16,,,,,,,,,,,,,,,,,,,
1990-507,Indianapolis,Hard,32,T4,,19901105,25,200455,1,,Katerina Maleeva,R,168,BUL,21.498,7,112,200673,7,,Susan Sloane Lundy,R,,USA,19.918,27,33,6-3 7-5,3,QF,,,,,,,,,,,,,,,,,,,
1990-507,Indianapolis,Hard,32,T4,,19901105,26,200601,4,,Leila Meskhi,R,164,GEO,22.834,19,56,200422,5,,Raffaella Reggi Concato,,170,ITA,24.940,25,34,3-6 7-5 6-3,3,QF,,,,,,,,,,,,,,,,,,,
1990-507,Indianapolis,Hard,32,T4,,19901105,27,200612,,,Natalia Medvedeva,R,176,UKR,18.974,69,17,200699,,,Meredith Mcgrath,,,USA,19.524,36,26,7-6 6-4,3,QF,,,,,,,,,,,,,,,,,,,
1990-507,Indianapolis,Hard,32,T4,,19901105,28,200049,2,,Conchita Martinez,R,170,ESP,18.555,11,90,200469,,,Nicole Bradtke,R,176,AUS,21.120,53,20,6-2 6-2,3,QF,,,,,,,,,,,,,,,,,,,
1990-507,Indianapolis,Hard,32,T4,,19901105,29,200601,4,,Leila Meskhi,R,164,GEO,22.834,19,56,200455,1,,Katerina Maleeva,R,168,BUL,21.498,7,112,6-2 6-4,3,SF,,,,,,,,,,,,,,,,,,,
1990-507,Indianapolis,Hard,32,T4,,19901105,30,200049,2,,Conchita Martinez,R,170,ESP,18.555,11,90,200612,,,Natalia Medvedeva,R,176,UKR,18.974,69,17,7-5 6-0,3,SF,,,,,,,,,,,,,,,,,,,
1990-507,Indianapolis,Hard,32,T4,,19901105,31,200049,2,,Conchita Martinez,R,170,ESP,18.555,11,90,200601,4,,Leila Meskhi,R,164,GEO,22.834,19,56,6-4 6-2,3,F,,,,,,,,,,,,,,,,,,,
1990-926,Worcester,Carpet,28,T2,,19901105,1,200378,,,Anne Smith,R,165,USA,31.349,34,28,200390,,,Mary Lou Piatek,R,,USA,29.249,55,20,7-6 6-2,3,R32,,,,,,,,,,,,,,,,,,,
1990-926,Worcester,Carpet,28,T2,,19901105,2,200041,8,,Amy Frazier,R,175,USA,18.128,18,60,200450,,,Larisa Savchenko,,169,URS,24.293,45,23,6-3 5-7 6-4,3,R32,,,,,,,,,,,,,,,,,,,
1990-926,Worcester,Carpet,28,T2,,19901105,3,200442,,,Andrea Temesvari,R,182,HUN,24.529,128,8,200417,,,Gigi Fernandez,,170,USA,26.703,30,30,2-6 7-6 6-4,3,R32,,,,,,,,,,,,,,,,,,,
1990-926,Worcester,Carpet,28,T2,,19901105,4,200026,,,Florencia Labat,L,170,ARG,19.401,119,9,200384,,,Eva Pfaff,R,175,GER,29.734,154,6,6-1 2-6 7-6,3,R32,,,,,,,,,,,,,,,,,,,
1990-926,Worcester,Carpet,28,T2,,19901105,5,200588,,,Renata Baranski,,,POL,25.695,127,8,202251,,,Katrina Greenman,,,USA,22.002,,,6-2 6-4,3,R32,,,,,,,,,,,,,,,,,,,
1990-926,Worcester,Carpet,28,T2,,19901105,6,200116,7,,Natalia Zvereva,R,174,BLR,19.557,13,74,200501,,,Marianne Werdel Witmeyer,,,USA,23.053,43,23,6-4 6-3,3,R32,,,,,,,,,,,,,,,,,,,
1990-926,Worcester,Carpet,28,T2,,19901105,7,200640,,,Mercedes Paz,R,180,ARG,24.359,40,25,200464,,,Ann Henricksson,,,USA,31.015,89,13,6-3 7-6,3,R32,,,,,,,,,,,,,,,,,,,
1990-926,Worcester,Carpet,28,T2,,19901105,8,200362,,,Liz Smylie,R,170,AUS,27.571,57,19,200403,,,Andrea Leand,R,173,USA,26.799,141,7,6-0 6-1,3,R32,,,,,,,,,,,,,,,,,,,
1990-926,Worcester,Carpet,28,T2,,19901105,9,200401,5,,Manuela Maleeva Fragniere,R,173,SUI,23.724,9,101,200530,,,Radomira Zrubakova,R,169,SVK,19.861,56,20,6-2 6-0,3,R32,,,,,,,,,,,,,,,,,,,
1990-926,Worcester,Carpet,28,T2,,19901105,10,200377,6,,Helena Sukova,R,188,CZE,25.698,12,80,200357,,,Rosalyn Fairbank,R,173,USA,30.007,23,35,6-3 6-3,3,R32,,,,,,,,,,,,,,,,,,,
1990-926,Worcester,Carpet,28,T2,,19901105,11,200664,,,Stephanie Rehe,R,180,USA,21.000,75,16,200503,,,Gretchen Magers,R,170,USA,26.744,28,32,6-7 6-4 6-3,3,R32,,,,,,,,,,,,,,,,,,,
1990-926,Worcester,Carpet,28,T2,,19901105,12,200630,,,Laura Arraya,R,173,PER,26.815,22,35,200064,,,Amanda Coetzer,R,158,RSA,19.039,73,16,6-1 7-6,3,R32,,,,,,,,,,,,,,,,,,,
1990-926,Worcester,Carpet,28,T2,,19901105,13,200414,1,,Steffi Graf,R,175,GER,21.394,1,285,200378,,,Anne Smith,R,165,USA,31.349,34,28,6-0 6-4,3,R16,,,,,,,,,,,,,,,,,,,
1990-926,Worcester,Carpet,28,T2,,19901105,14,200116,7,,Natalia Zvereva,R,174,BLR,19.557,13,74,200588,,,Renata Baranski,,,POL,25.695,127,8,6-2 6-3,3,R16,,,,,,,,,,,,,,,,,,,
1990-926,Worcester,Carpet,28,T2,,19901105,15,200640,,,Mercedes Paz,R,180,ARG,24.359,40,25,200017,4,,Arantxa Sanchez Vicario,R,168,ESP,18.883,6,121,4-6 7-5 6-4,3,R16,,,,,,,,,,,,,,,,,,,
1990-926,Worcester,Carpet,28,T2,,19901105,16,200401,5,,Manuela Maleeva Fragniere,R,173,SUI,23.724,9,101,200362,,,Liz Smylie,R,170,AUS,27.571,57,19,6-1 6-1,3,R16,,,,,,,,,,,,,,,,,,,
1990-926,Worcester,Carpet,28,T2,,19901105,17,200377,6,,Helena Sukova,R,188,CZE,25.698,12,80,200664,,,Stephanie Rehe,R,180,USA,21.000,75,16,4-6 6-2 6-2,3,R16,,,,,,,,,,,,,,,,,,,
1990-926,Worcester,Carpet,28,T2,,19901105,18,200572,3,,Gabriela Sabatini,R,175,ARG,20.474,4,131,200630,,,Laura Arraya,R,173,PER,26.815,22,35,6-0 6-3,3,R16,,,,,,,,,,,,,,,,,,,
1990-926,Worcester,Carpet,28,T2,,19901105,19,200041,8,,Amy Frazier,R,175,USA,18.128,18,60,200442,,,Andrea Temesvari,R,182,HUN,24.529,128,8,6-3 7-5,3,R16,,,,,,,,,,,,,,,,,,,
1990-926,Worcester,Carpet,28,T2,,19901105,20,200597,2,,Mary Joe Fernandez,R,175,USA,19.215,5,130,200026,,,Florencia Labat,L,170,ARG,19.401,119,9,6-1 6-3,3,R16,,,,,,,,,,,,,,,,,,,
1990-926,Worcester,Carpet,28,T2,,19901105,21,200414,1,,Steffi Graf,R,175,GER,21.394,1,285,200116,7,,Natalia Zvereva,R,174,BLR,19.557,13,74,6-0 6-1,3,QF,,,,,,,,,,,,,,,,,,,
1990-926,Worcester,Carpet,28,T2,,19901105,22,200401,5,,Manuela Maleeva Fragniere,R,173,SUI,23.724,9,101,200640,,,Mercedes Paz,R,180,ARG,24.359,40,25,6-1 6-3,3,QF,,,,,,,,,,,,,,,,,,,
1990-926,Worcester,Carpet,28,T2,,19901105,23,200572,3,,Gabriela Sabatini,R,175,ARG,20.474,4,131,200377,6,,Helena Sukova,R,188,CZE,25.698,12,80,6-3 6-2,3,QF,,,,,,,,,,,,,,,,,,,
1990-926,Worcester,Carpet,28,T2,,19901105,24,200597,2,,Mary Joe Fernandez,R,175,USA,19.215,5,130,200041,8,,Amy Frazier,R,175,USA,18.128,18,60,6-3 6-4,3,QF,,,,,,,,,,,,,,,,,,,
1990-926,Worcester,Carpet,28,T2,,19901105,25,200414,1,,Steffi Graf,R,175,GER,21.394,1,285,200401,5,,Manuela Maleeva Fragniere,R,173,SUI,23.724,9,101,7-6 6-7 6-3,3,SF,,,,,,,,,,,,,,,,,,,
1990-926,Worcester,Carpet,28,T2,,19901105,26,200572,3,,Gabriela Sabatini,R,175,ARG,20.474,4,131,200597,2,,Mary Joe Fernandez,R,175,USA,19.215,5,130,6-2 6-4,3,SF,,,,,,,,,,,,,,,,,,,
1990-926,Worcester,Carpet,28,T2,,19901105,27,200414,1,,Steffi Graf,R,175,GER,21.394,1,285,200572,3,,Gabriela Sabatini,R,175,ARG,20.474,4,131,7-6 6-3,3,F,,,,,,,,,,,,,,,,,,,
1990-808,Virginia Slims Championships,Carpet,16,YEC,,19901112,1,200414,1,,Steffi Graf,R,175,GER,21.413,1,285,200077,,,Jennifer Capriati,R,170,USA,14.623,10,95,6-3 5-7 6-3,3,R16,,,,,,,,,,,,,,,,,,,
1990-808,Virginia Slims Championships,Carpet,16,YEC,,19901112,2,200455,6,,Katerina Maleeva,R,168,BUL,21.517,6,114,200377,,,Helena Sukova,R,188,CZE,25.717,12,78,6-3 6-3,3,R16,,,,,,,,,,,,,,,,,,,
1990-808,Virginia Slims Championships,Carpet,16,YEC,,19901112,3,200572,3,,Gabriela Sabatini,R,175,ARG,20.493,5,135,200539,,,Jana Novotna,R,175,CZE,22.111,14,77,6-1 5-7 7-6,3,R16,,,,,,,,,,,,,,,,,,,
1990-808,Virginia Slims Championships,Carpet,16,YEC,,19901112,4,200049,,,Conchita Martinez,R,170,ESP,18.574,11,95,200404,7,,Zina Garrison,R,164,USA,26.990,8,101,6-3 6-0,3,R16,,,,,,,,,,,,,,,,,,,
1990-808,Virginia Slims Championships,Carpet,16,YEC,,19901112,5,200401,8,,Manuela Maleeva Fragniere,R,173,SUI,23.743,9,101,200482,,,Judith Wiesner,R,,AUT,24.699,17,62,2-6 6-1 6-0,3,R16,,,,,,,,,,,,,,,,,,,
1990-808,Virginia Slims Championships,Carpet,16,YEC,,19901112,6,200597,4,,Mary Joe Fernandez,R,175,USA,19.234,4,138,200097,,,Nathalie Tauziat,R,165,FRA,23.072,18,60,6-1 7-6,3,R16,,,,,,,,,,,,,,,,,,,
1990-808,Virginia Slims Championships,Carpet,16,YEC,,19901112,7,200017,5,,Arantxa Sanchez Vicario,R,168,ESP,18.903,7,114,200116,,,Natalia Zvereva,R,174,BLR,19.576,13,77,6-2 7-5,3,R16,,,,,,,,,,,,,,,,,,,
1990-808,Virginia Slims Championships,Carpet,16,YEC,,19901112,8,200652,2,,Monica Seles,L,178,USA,16.945,3,191,200604,,,Barbara Paulus,R,177,AUT,20.198,15,69,6-2 6-2,3,R16,,,,,,,,,,,,,,,,,,,
1990-808,Virginia Slims Championships,Carpet,16,YEC,,19901112,9,200572,3,,Gabriela Sabatini,R,175,ARG,20.493,5,135,200049,,,Conchita Martinez,R,170,ESP,18.574,11,95,6-4 1-6 6-1,3,QF,,,,,,,,,,,,,,,,,,,
1990-808,Virginia Slims Championships,Carpet,16,YEC,,19901112,10,200597,4,,Mary Joe Fernandez,R,175,USA,19.234,4,138,200401,8,,Manuela Maleeva Fragniere,R,173,SUI,23.743,9,101,6-2 6-4,3,QF,,,,,,,,,,,,,,,,,,,
1990-808,Virginia Slims Championships,Carpet,16,YEC,,19901112,11,200652,2,,Monica Seles,L,178,USA,16.945,3,191,200017,5,,Arantxa Sanchez Vicario,R,168,ESP,18.903,7,114,5-7 7-6 6-4,3,QF,,,,,,,,,,,,,,,,,,,
1990-808,Virginia Slims Championships,Carpet,16,YEC,,19901112,12,200414,1,,Steffi Graf,R,175,GER,21.413,1,285,200455,6,,Katerina Maleeva,R,168,BUL,21.517,6,114,6-3 6-0,3,QF,,,,,,,,,,,,,,,,,,,
1990-808,Virginia Slims Championships,Carpet,16,YEC,,19901112,13,200572,3,,Gabriela Sabatini,R,175,ARG,20.493,5,135,200414,1,,Steffi Graf,R,175,GER,21.413,1,285,6-4 6-4,3,SF,,,,,,,,,,,,,,,,,,,
1990-808,Virginia Slims Championships,Carpet,16,YEC,,19901112,14,200652,2,,Monica Seles,L,178,USA,16.945,3,191,200597,4,,Mary Joe Fernandez,R,175,USA,19.234,4,138,6-3 6-4,3,SF,,,,,,,,,,,,,,,,,,,
1990-808,Virginia Slims Championships,Carpet,16,YEC,,19901112,15,200652,2,,Monica Seles,L,178,USA,16.945,3,191,200572,3,,Gabriela Sabatini,R,175,ARG,20.493,5,135,6-4 5-7 3-6 6-4 6-2,5,F,227,,,,,,,,,,,,,,,,,,
1990-210,Sao Paulo,Clay,32,T5,,19901126,1,200574,1,,Eva Sviglerova,,,CZE,19.373,95,12,202176,,Q,Jorgelina Moreno,,,ARG,20.562,330,1,6-1 6-1,3,R32,,,,,,,,,,,,,,,,,,,
1990-210,Sao Paulo,Clay,32,T5,,19901126,2,200590,,,Gisele Miro,,,BRA,22.068,220,3,200500,,,Pilar Vasquez,,,PER,27.535,152,6,6-0 6-1,3,R32,,,,,,,,,,,,,,,,,,,
1990-210,Sao Paulo,Clay,32,T5,,19901126,3,200629,,,Cristina Tessi,,,ARG,18.352,127,8,200666,,,Marion Maruska,R,172,AUT,17.947,182,4,6-4 4-6 6-2,3,R32,,,,,,,,,,,,,,,,,,,
1990-210,Sao Paulo,Clay,32,T5,,19901126,4,200096,4,,Mary Pierce,R,178,FRA,15.863,106,11,201979,,,Luciana Della Casa,,,BRA,19.754,383,0,6-3 2-6 6-3,3,R32,,,,,,,,,,,,,,,,,,,
1990-210,Sao Paulo,Clay,32,T5,,19901126,5,200566,8,,Donna Faber,,,USA,19.395,114,10,201722,,Q,Luanne Spadea,,,USA,17.911,193,4,6-3 6-0,3,R32,,,,,,,,,,,,,,,,,,,
1990-210,Sao Paulo,Clay,32,T5,,19901126,6,201965,,,Sabrina Giusto,,,BRA,19.239,186,4,200560,,,Rene Simpson,L,165,CAN,24.866,183,4,6-0 6-2,3,R32,,,,,,,,,,,,,,,,,,,
1990-210,Sao Paulo,Clay,32,T5,,19901126,7,200661,,,Samantha Smith,R,,GBR,18.998,131,8,201047,,,Andrea Vieira,,,BRA,19.806,160,5,6-4 6-3,3,R32,,,,,,,,,,,,,,,,,,,
1990-210,Sao Paulo,Clay,32,T5,,19901126,8,200607,2,,Beate Reinstadler,,168,AUT,23.521,97,12,200623,,,Petra Thoren,,,FIN,21.301,171,5,6-3 6-2,3,R32,,,,,,,,,,,,,,,,,,,
1990-210,Sao Paulo,Clay,32,T5,,19901126,9,201804,,,Claudia Chabalgoity,,,BRA,19.707,143,7,200440,,,Shawn Foltz,R,,USA,22.933,278,1,6-3 6-1,3,R32,,,,,,,,,,,,,,,,,,,
1990-210,Sao Paulo,Clay,32,T5,,19901126,10,201040,,,Luciana Corsato Owsianka,,,BRA,24.847,164,5,201718,,,Akiko Gooden,,,USA,18.782,201,3,6-2 6-3,3,R32,,,,,,,,,,,,,,,,,,,
1990-210,Sao Paulo,Clay,32,T5,,19901126,11,201046,,,Silvia La Fratta,R,,ITA,23.059,194,4,200588,7,,Renata Baranski,,,POL,25.753,116,10,5-7 6-4 6-1,3,R32,,,,,,,,,,,,,,,,,,,
1990-210,Sao Paulo,Clay,32,T5,,19901126,12,201044,3,,Catherine Mothes Jobkel,,,FRA,20.471,99,12,201042,,Q,Andrea Tiezzi,,,ARG,25.999,199,3,6-4 7-6,3,R32,,,,,,,,,,,,,,,,,,,
1990-210,Sao Paulo,Clay,32,T5,,19901126,13,200028,,,Maureen Drake,R,175,CAN,19.686,191,4,200667,,Q,Ines Gorrochategui,R,169,ARG,17.454,259,2,6-7 6-2 6-2,3,R32,,,,,,,,,,,,,,,,,,,
1990-210,Sao Paulo,Clay,32,T5,,19901126,14,201052,,,Federica Haumuller,,,ARG,17.974,132,8,200544,,,Celine Cohen,,,SUI,23.729,168,5,5-7 7-5 6-1,3,R32,,,,,,,,,,,,,,,,,,,
1990-210,Sao Paulo,Clay,32,T5,,19901126,15,200570,5,,Veronika Martinek,,160,GER,18.648,111,10,200521,,,Hellas Ter Riet,,,NED,22.432,165,5,6-2 7-6,3,R32,,,,,,,,,,,,,,,,,,,
1990-210,Sao Paulo,Clay,32,T5,,19901126,16,200026,8,,Florencia Labat,L,170,ARG,19.458,118,10,200674,,,Bettina Fulco,R,,ARG,22.092,128,8,6-0 6-4,3,R32,,,,,,,,,,,,,,,,,,,
1990-210,Sao Paulo,Clay,32,T5,,19901126,17,200574,1,,Eva Sviglerova,,,CZE,19.373,95,12,201804,,,Claudia Chabalgoity,,,BRA,19.707,143,7,7-5 6-0,3,R16,,,,,,,,,,,,,,,,,,,
1990-210,Sao Paulo,Clay,32,T5,,19901126,18,201040,,,Luciana Corsato Owsianka,,,BRA,24.847,164,5,201046,,,Silvia La Fratta,R,,ITA,23.059,194,4,6-3 6-3,3,R16,,,,,,,,,,,,,,,,,,,
1990-210,Sao Paulo,Clay,32,T5,,19901126,19,201044,3,,Catherine Mothes Jobkel,,,FRA,20.471,99,12,200028,,,Maureen Drake,R,175,CAN,19.686,191,4,6-1 6-4,3,R16,,,,,,,,,,,,,,,,,,,
1990-210,Sao Paulo,Clay,32,T5,,19901126,20,200570,5,,Veronika Martinek,,160,GER,18.648,111,10,201052,,,Federica Haumuller,,,ARG,17.974,132,8,7-5 6-3,3,R16,,,,,,,,,,,,,,,,,,,
1990-210,Sao Paulo,Clay,32,T5,,19901126,21,200026,8,,Florencia Labat,L,170,ARG,19.458,118,10,200590,,,Gisele Miro,,,BRA,22.068,220,3,7-5 6-3,3,R16,,,,,,,,,,,,,,,,,,,
1990-210,Sao Paulo,Clay,32,T5,,19901126,22,200629,,,Cristina Tessi,,,ARG,18.352,127,8,200096,4,,Mary Pierce,R,178,FRA,15.863,106,11,7-5 6-3,3,R16,,,,,,,,,,,,,,,,,,,
1990-210,Sao Paulo,Clay,32,T5,,19901126,23,200566,8,,Donna Faber,,,USA,19.395,114,10,201965,,,Sabrina Giusto,,,BRA,19.239,186,4,6-2 5-7 7-6,3,R16,,,,,,,,,,,,,,,,,,,
1990-210,Sao Paulo,Clay,32,T5,,19901126,24,200661,,,Samantha Smith,R,,GBR,18.998,131,8,200607,2,,Beate Reinstadler,,168,AUT,23.521,97,12,0-6 6-2 6-3,3,R16,,,,,,,,,,,,,,,,,,,
1990-210,Sao Paulo,Clay,32,T5,,19901126,25,201040,,,Luciana Corsato Owsianka,,,BRA,24.847,164,5,200574,1,,Eva Sviglerova,,,CZE,19.373,95,12,6-2 6-2,3,QF,,,,,,,,,,,,,,,,,,,
1990-210,Sao Paulo,Clay,32,T5,,19901126,26,200570,5,,Veronika Martinek,,160,GER,18.648,111,10,201044,3,,Catherine Mothes Jobkel,,,FRA,20.471,99,12,3-6 7-6 6-4,3,QF,,,,,,,,,,,,,,,,,,,
1990-210,Sao Paulo,Clay,32,T5,,19901126,27,200026,8,,Florencia Labat,L,170,ARG,19.458,118,10,200629,,,Cristina Tessi,,,ARG,18.352,127,8,6-2 6-1,3,QF,,,,,,,,,,,,,,,,,,,
1990-210,Sao Paulo,Clay,32,T5,,19901126,28,200566,8,,Donna Faber,,,USA,19.395,114,10,200661,,,Samantha Smith,R,,GBR,18.998,131,8,3-6 6-4 6-2,3,QF,,,,,,,,,,,,,,,,,,,
1990-210,Sao Paulo,Clay,32,T5,,19901126,29,200570,5,,Veronika Martinek,,160,GER,18.648,111,10,201040,,,Luciana Corsato Owsianka,,,BRA,24.847,164,5,6-3 6-2,3,SF,,,,,,,,,,,,,,,,,,,
1990-210,Sao Paulo,Clay,32,T5,,19901126,30,200566,8,,Donna Faber,,,USA,19.395,114,10,200026,8,,Florencia Labat,L,170,ARG,19.458,118,10,3-6 6-3 6-2,3,SF,,,,,,,,,,,,,,,,,,,
1990-210,Sao Paulo,Clay,32,T5,,19901126,31,200570,5,,Veronika Martinek,,160,GER,18.648,111,10,200566,8,,Donna Faber,,,USA,19.395,114,10,6-2 6-4,3,F,,,,,,,,,,,,,,,,,,,
